strategy_version,symbol,entry_time,exit_time,entry_price,exit_price,quantity,notional,take_profit,stop_loss,ai_score,entry_rsi,entry_atr_pct,entry_volume_ratio,entry_ema_gap_pct,exit_reason,gross_profit,fees,net_profit,result,balance_after
v0.1.1,BNBUSDT,2025-07-11T16:30:00+00:00,2025-07-11T20:30:00+00:00,690.41,692.66,3.62103678,2500.0,718.0264,676.6018,100.0,51.15670959640022,0.3525227639532527,1.4576801793421728,0.18783704639614351,EMA20_EXIT,8.14733274,0.0,8.14733274,WIN,5008.14733274
v0.1.1,BNBUSDT,2025-07-14T06:00:00+00:00,2025-07-14T10:00:00+00:00,696.6,702.23,3.58886018,2500.0,724.464,682.668,100.0,52.84598356725525,0.3325890934685867,1.36014402142685,0.349965406795911,EMA20_EXIT,20.2052828,0.0,20.2052828,WIN,5028.35261555
v0.1.1,BNBUSDT,2025-07-20T22:45:00+00:00,2025-07-21T07:30:00+00:00,755.44,760.18,3.30932966,2500.0,785.6576,740.3312,100.0,54.05200542574949,0.6127912518758746,1.6075236042706758,0.3586343382510727,EMA20_EXIT,15.6862226,0.0,15.6862226,WIN,5044.03883815
v0.1.1,BNBUSDT,2025-07-22T02:45:00+00:00,2025-07-22T04:45:00+00:00,766.18,750.8564,3.26294082,2500.0,796.8272,750.8564,100.0,51.4522183597459,0.4967334051789655,1.3116870143885153,0.09640891230099004,STOP_LOSS,-50.0,0.0,-50.0,LOSS,4994.03883815
v0.1.1,BNBUSDT,2025-07-27T11:30:00+00:00,2025-07-27T19:00:00+00:00,796.72,828.5888,3.13786525,2500.0,828.5888,780.7856,100.0,51.7857257908622,0.2459536865631319,1.8931740262723291,0.22493872049877778,TAKE_PROFIT,100.0,0.0,100.0,WIN,5094.03883815
v0.1.1,BNBUSDT,2025-08-18T23:30:00+00:00,2025-08-19T14:30:00+00:00,848.8,831.824,2.94533459,2500.0,882.752,831.824,100.0,54.58775902928316,0.3317695249797183,1.3012178465027442,0.4611113167950603,STOP_LOSS,-50.0,0.0,-50.0,LOSS,5044.03883815
v0.1.1,BNBUSDT,2025-08-22T13:00:00+00:00,2025-08-22T16:00:00+00:00,849.15,883.116,2.94412059,2500.0,883.116,832.167,75.0,52.3672833289132,0.3712427538333103,1.2172657684089496,0.034196856758686445,TAKE_PROFIT,100.0,0.0,100.0,WIN,5144.03883815
v0.1.1,BNBUSDT,2025-08-27T13:45:00+00:00,2025-08-27T18:45:00+00:00,859.17,862.95,2.90978503,2500.0,893.5368,841.9866,65.0,52.34937907552016,0.2930570489081571,2.5068627170296156,-0.017496801639173633,EMA20_EXIT,10.99898739,0.0,10.99898739,WIN,5155.03782554
v0.1.1,BNBUSDT,2025-09-09T23:15:00+00:00,2025-09-10T04:45:00+00:00,879.52,880.16,2.84245952,2500.0,914.7008,861.9296,100.0,54.37562644207236,0.1896456679756355,1.6481444339481828,0.09434074659956139,EMA20_EXIT,1.81917409,0.0,1.81917409,WIN,5156.85699964
v0.1.1,BNBUSDT,2025-09-10T08:30:00+00:00,2025-09-10T16:00:00+00:00,882.88,894.78,2.8316419,2500.0,918.1952,865.2224,100.0,53.17835985320402,0.216860768096524,1.2519698969292974,0.1831128257273488,EMA20_EXIT,33.6965386,0.0,33.6965386,WIN,5190.55353824
v0.1.1,BNBUSDT,2025-09-11T11:45:00+00:00,2025-09-12T03:15:00+00:00,899.07,902.86,2.78065112,2500.0,935.0328,881.0886,100.0,54.61390676016127,0.2045241587506066,1.2460211146167781,0.24905997038969568,EMA20_EXIT,10.53866773,0.0,10.53866773,WIN,5201.09220597
v0.1.1,BNBUSDT,2025-09-12T10:15:00+00:00,2025-09-12T23:00:00+00:00,907.39,922.66,2.75515489,2500.0,943.6856,889.2422,100.0,54.91827813279132,0.2078712945577606,1.906884197811295,0.19560893691435619,EMA20_EXIT,42.07121524,0.0,42.07121524,WIN,5243.16342121
v0.1.1,BNBUSDT,2025-09-17T18:30:00+00:00,2025-09-17T20:45:00+00:00,951.69,953.68,2.62690582,2500.0,989.7576,932.6562,65.0,50.23336292670515,0.4673256948415042,3.210822400425682,-0.0322328275028605,EMA20_EXIT,5.22754258,0.0,5.22754258,WIN,5248.3909638
v0.1.1,BNBUSDT,2025-09-18T09:00:00+00:00,2025-09-19T15:00:00+00:00,996.23,976.3054,2.50946067,2500.0,1036.0792,976.3054,100.0,54.55928370372112,0.4220313345649507,1.4236689950232941,0.876835447349425,STOP_LOSS,-50.0,0.0,-50.0,LOSS,5198.3909638
v0.1.1,BNBUSDT,2025-09-20T08:45:00+00:00,2025-09-20T19:45:00+00:00,996.53,1019.16,2.50870521,2500.0,1036.3912,976.5994,100.0,53.38360704676903,0.2914881957920729,1.6639170555303384,0.4292315897318862,EMA20_EXIT,56.77199884,0.0,56.77199884,WIN,5255.16296263
v0.1.1,BNBUSDT,2025-09-24T00:45:00+00:00,2025-09-24T02:30:00+00:00,1017.31,1018.44,2.45746134,2500.0,1058.0024,996.9638,100.0,51.50982918577337,0.4647413122941496,1.3460518466099083,0.24885472456837887,EMA20_EXIT,2.77693132,0.0,2.77693132,WIN,5257.93989395
v0.1.1,BNBUSDT,2025-09-27T22:30:00+00:00,2025-09-28T06:00:00+00:00,971.75,971.85,2.57267816,2500.0,1010.62,952.315,100.0,50.6083643233943,0.2792860755097715,4.232699485096706,0.05907413870180424,EMA20_EXIT,0.25726782,0.0,0.25726782,WIN,5258.19716177
v0.1.1,BNBUSDT,2025-10-02T00:30:00+00:00,2025-10-02T04:15:00+00:00,1025.11,1029.89,2.43876267,2500.0,1066.1144,1004.6078,100.0,54.10657429779752,0.2931740747541024,1.1837548775338722,0.1828684316685239,EMA20_EXIT,11.65728556,0.0,11.65728556,WIN,5269.85444733
v0.1.1,BNBUSDT,2025-10-03T04:30:00+00:00,2025-10-03T13:00:00+00:00,1098.72,1103.5,2.27537498,2500.0,1142.6688,1076.7456,100.0,54.49538549696008,0.5886043530580933,1.4022455054554726,1.2111585685552282,EMA20_EXIT,10.87629241,0.0,10.87629241,WIN,5280.73073974
v0.1.1,BNBUSDT,2025-10-08T00:45:00+00:00,2025-10-08T02:00:00+00:00,1315.47,1289.1606,1.90046143,2500.0,1368.0888,1289.1606,100.0,53.98914513609528,0.9606844315643194,1.7745840197352745,0.9153245714096188,STOP_LOSS,-50.0,0.0,-50.0,LOSS,5230.73073974
v0.1.1,BNBUSDT,2025-10-08T09:15:00+00:00,2025-10-08T12:15:00+00:00,1309.84,1310.06,1.90863006,2500.0,1362.2336,1283.6432,100.0,54.45150032394324,0.7939488868709484,1.5055897597457601,0.4649123611474612,EMA20_EXIT,0.41989861,0.0,0.41989861,WIN,5231.15063835
v0.1.1,BNBUSDT,2025-10-26T14:15:00+00:00,2025-10-27T04:00:00+00:00,1132.4,1144.12,2.20770046,2500.0,1177.696,1109.752,100.0,54.62272638173948,0.3545812796236547,2.2243411509944075,0.4656384376736194,EMA20_EXIT,25.87424938,0.0,25.87424938,WIN,5257.02488773
v0.1.1,BNBUSDT,2025-10-27T08:45:00+00:00,2025-10-27T10:15:00+00:00,1152.4,1153.3,2.16938563,2500.0,1198.496,1129.352,100.0,51.74203953396493,0.4943262195901877,1.2714436731502798,0.47837564996714865,EMA20_EXIT,1.95244707,0.0,1.95244707,WIN,5258.9773348
v0.1.1,BNBUSDT,2025-11-08T19:15:00+00:00,2025-11-08T22:15:00+00:00,995.09,995.7,2.51233557,2500.0,1034.8936,975.1882,100.0,51.12953263598131,0.5154943743121332,1.9376063458653756,0.17104578169873694,EMA20_EXIT,1.5325247,0.0,1.5325247,WIN,5260.5098595
v0.1.1,BNBUSDT,2025-11-09T23:00:00+00:00,2025-11-10T05:15:00+00:00,998.83,1009.24,2.50292843,2500.0,1038.7832,978.8534,100.0,54.02007042999335,0.4118863522202688,2.1635943792638006,0.18734572957952114,EMA20_EXIT,26.05548492,0.0,26.05548492,WIN,5286.56534442
v0.1.1,BNBUSDT,2025-11-23T16:15:00+00:00,2025-11-23T23:00:00+00:00,847.0,849.76,2.95159386,2500.0,880.88,830.06,100.0,51.578967712592565,0.3526629804174201,3.7652399886293675,0.2915434182576573,EMA20_EXIT,8.14639906,0.0,8.14639906,WIN,5294.71174347
v0.1.1,BNBUSDT,2025-11-26T14:45:00+00:00,2025-11-26T18:15:00+00:00,859.57,893.9528,2.90843096,2500.0,893.9528,842.3786,100.0,51.37094370541674,0.3805012431756241,1.7030022706950285,0.028545066720606447,TAKE_PROFIT,100.0,0.0,100.0,WIN,5394.71174347
v0.1.1,BNBUSDT,2025-11-28T14:30:00+00:00,2025-11-28T17:30:00+00:00,894.91,877.0118,2.79357701,2500.0,930.7064,877.0118,100.0,52.179346175831874,0.4269681822276995,2.5738658526569975,0.07001633385971641,STOP_LOSS,-50.0,0.0,-50.0,LOSS,5344.71174347
v0.1.1,BNBUSDT,2025-12-08T14:15:00+00:00,2025-12-08T18:45:00+00:00,908.99,890.8102,2.75030528,2500.0,945.3496,890.8102,100.0,54.87802206959872,0.2677517999946904,1.8529460925018648,0.30315611742870896,STOP_LOSS,-50.0,0.0,-50.0,LOSS,5294.71174347
v0.1.1,BNBUSDT,2025-12-12T15:00:00+00:00,2025-12-12T16:15:00+00:00,889.0,871.22,2.81214848,2500.0,924.56,871.22,100.0,53.75631748479272,0.2466905391393401,1.8135107460790831,0.11380743540695365,STOP_LOSS,-50.0,0.0,-50.0,LOSS,5244.71174347
v0.1.1,BNBUSDT,2025-12-19T17:00:00+00:00,2025-12-20T00:45:00+00:00,849.22,854.26,2.94387791,2500.0,883.1888,832.2356,100.0,53.80050515668324,0.4002812348014676,1.1891578708623032,0.3688617506833357,EMA20_EXIT,14.83714467,0.0,14.83714467,WIN,5259.54888814
v0.1.1,BNBUSDT,2025-12-21T00:30:00+00:00,2025-12-22T01:45:00+00:00,853.69,857.66,2.92846349,2500.0,887.8376,836.6162,100.0,53.59620849624479,0.109670195586143,1.3702581009781631,0.007595844546793586,EMA20_EXIT,11.62600007,0.0,11.62600007,WIN,5271.17488822
v0.1.1,BNBUSDT,2025-12-22T09:45:00+00:00,2025-12-22T13:30:00+00:00,862.21,863.01,2.89952564,2500.0,896.6984,844.9658,100.0,52.79601455219069,0.3147267078081341,2.472527961483574,0.3089912716601704,EMA20_EXIT,2.31962051,0.0,2.31962051,WIN,5273.49450873
v0.1.1,BNBUSDT,2025-12-22T16:30:00+00:00,2025-12-23T06:15:00+00:00,866.86,849.5228,2.88397204,2500.0,901.5344,849.5228,100.0,54.788532080803606,0.3354285956549141,1.4769614134590325,0.26840009820759153,STOP_LOSS,-50.0,0.0,-50.0,LOSS,5223.49450873
v0.1.1,BNBUSDT,2025-12-27T22:30:00+00:00,2025-12-28T01:00:00+00:00,841.81,842.36,2.96979128,2500.0,875.4824,824.9738,100.0,53.12437259556514,0.1400511875169827,1.6120937562967017,0.10704522851732576,EMA20_EXIT,1.63338521,0.0,1.63338521,WIN,5225.12789393
v0.1.1,BNBUSDT,2025-12-29T01:00:00+00:00,2025-12-29T05:15:00+00:00,860.78,866.59,2.90434257,2500.0,895.2112,843.5644,100.0,52.81291706343384,0.2353655127005601,1.5891664087437283,0.21921497193741168,EMA20_EXIT,16.87423035,0.0,16.87423035,WIN,5242.00212428
v0.1.1,BNBUSDT,2025-12-31T14:30:00+00:00,2026-01-02T14:00:00+00:00,869.23,869.57,2.87610874,2500.0,903.9992,851.8454,100.0,53.623878601677234,0.2555967084391275,2.57552869783478,0.2862670166197295,EMA20_EXIT,0.97787697,0.0,0.97787697,WIN,5242.98000125
v0.1.1,BNBUSDT,2026-01-04T06:30:00+00:00,2026-01-04T11:00:00+00:00,885.28,885.54,2.8239653,2500.0,920.6912,867.5744,100.0,53.21583268561516,0.208255589919069,1.5759965450878568,0.3500380769818578,EMA20_EXIT,0.73423098,0.0,0.73423098,WIN,5243.71423223
v0.1.1,BNBUSDT,2026-01-04T15:00:00+00:00,2026-01-04T19:00:00+00:00,887.62,892.09,2.81652058,2500.0,923.1248,869.8676,100.0,54.745356147919615,0.1811520963868202,1.4880814024640803,0.16851412508755909,EMA20_EXIT,12.58984701,0.0,12.58984701,WIN,5256.30407924
v0.1.1,BNBUSDT,2026-01-05T14:45:00+00:00,2026-01-05T21:15:00+00:00,904.51,909.04,2.76392743,2500.0,940.6904,886.4198,100.0,54.24550670864798,0.307448918379986,1.3904650422467353,0.2637741816317143,EMA20_EXIT,12.52059126,0.0,12.52059126,WIN,5268.8246705
v0.1.1,BNBUSDT,2026-01-13T07:45:00+00:00,2026-01-13T22:00:00+00:00,910.05,946.452,2.74710181,2500.0,946.452,891.849,100.0,54.09615859366241,0.2300349222276428,1.6836578474585346,0.22871772594889145,TAKE_PROFIT,100.0,0.0,100.0,WIN,5368.8246705
v0.1.1,BNBUSDT,2026-01-18T14:15:00+00:00,2026-01-18T19:45:00+00:00,947.4,949.7,2.63880093,2500.0,985.296,928.452,100.0,52.90687358534628,0.1644511358856989,1.2551100803070172,0.0020877767990715576,EMA20_EXIT,6.06924214,0.0,6.06924214,WIN,5374.89391263
v0.1.1,BNBUSDT,2026-01-27T13:45:00+00:00,2026-01-27T17:30:00+00:00,882.3,885.47,2.83350334,2500.0,917.592,864.654,75.0,54.99846897959691,0.1569331500326903,1.412775859676753,0.005281400092584376,EMA20_EXIT,8.9822056,0.0,8.9822056,WIN,5383.87611823
v0.1.1,BNBUSDT,2026-01-28T17:45:00+00:00,2026-01-29T14:30:00+00:00,904.48,886.3904,2.7640191,2500.0,940.6592,886.3904,75.0,54.92355482369851,0.2988907046051904,1.9163033382686405,0.03177596922393337,STOP_LOSS,-50.0,0.0,-50.0,LOSS,5333.87611823
v0.1.1,BNBUSDT,2026-02-14T23:15:00+00:00,2026-02-15T08:15:00+00:00,632.38,634.04,3.95331921,2500.0,657.6752,619.7324,100.0,51.56161978043806,0.3035449756589503,1.4542649990904162,0.23068118424761458,EMA20_EXIT,6.56250988,0.0,6.56250988,WIN,5340.43862811
v0.1.1,BNBUSDT,2026-02-17T14:15:00+00:00,2026-02-17T14:45:00+00:00,622.41,609.9618,4.01664498,2500.0,647.3064,609.9618,65.0,54.7619953942717,0.3378390709816265,1.8818545098422008,-0.06125201665589429,STOP_LOSS,-50.0,0.0,-50.0,LOSS,5290.43862811
v0.1.1,BNBUSDT,2026-03-02T14:15:00+00:00,2026-03-02T15:15:00+00:00,621.72,646.5888,4.02110275,2500.0,646.5888,609.2856,100.0,54.017387673747805,0.4023774715824878,1.1505171940313146,0.06522494891661498,TAKE_PROFIT,100.0,0.0,100.0,WIN,5390.43862811
v0.1.1,BNBUSDT,2026-03-03T16:30:00+00:00,2026-03-03T20:00:00+00:00,630.72,631.01,3.963724,2500.0,655.9488,618.1056,65.0,54.02051003372456,0.6205584173575039,1.626555527034199,-0.1023922406091298,EMA20_EXIT,1.14947996,0.0,1.14947996,WIN,5391.58810807
v0.1.1,BNBUSDT,2026-03-09T19:30:00+00:00,2026-03-09T22:30:00+00:00,637.72,638.07,3.92021577,2500.0,663.2288,624.9656,100.0,53.6265482568317,0.4895531104011745,1.6559863190503772,0.5833457188320875,EMA20_EXIT,1.37207552,0.0,1.37207552,WIN,5392.96018359
v0.1.1,BNBUSDT,2026-03-10T15:30:00+00:00,2026-03-11T23:15:00+00:00,647.31,651.68,3.86213715,2500.0,673.2024,634.3638,100.0,53.621105287634464,0.4416605211506895,1.6733289383673557,0.22705593341514224,EMA20_EXIT,16.87753936,0.0,16.87753936,WIN,5409.83772295
v0.1.1,BNBUSDT,2026-03-12T15:30:00+00:00,2026-03-13T13:15:00+00:00,652.11,678.1944,3.83370904,2500.0,678.1944,639.0678,100.0,54.04911607461765,0.4098853013560974,1.7963286481433547,0.17162717147998327,TAKE_PROFIT,100.0,0.0,100.0,WIN,5509.83772295
v0.1.1,BNBUSDT,2026-03-17T00:15:00+00:00,2026-03-17T02:00:00+00:00,680.95,681.03,3.67134151,2500.0,708.188,667.331,100.0,53.106169281093614,0.4765511985072473,1.8975514989666447,0.2036917332558008,EMA20_EXIT,0.29370732,0.0,0.29370732,WIN,5510.13143027
v0.1.1,BNBUSDT,2026-03-25T07:45:00+00:00,2026-03-25T12:30:00+00:00,643.57,647.25,3.88458132,2500.0,669.3128,630.6986,100.0,53.80060173236637,0.2379557979982214,1.7510612252132634,0.451309663815594,EMA20_EXIT,14.29525926,0.0,14.29525926,WIN,5524.42668953
v0.1.1,BNBUSDT,2026-03-25T16:45:00+00:00,2026-03-26T05:45:00+00:00,647.56,634.6088,3.86064612,2500.0,673.4624,634.6088,100.0,51.2014605101948,0.3401033144212606,1.5769519563700616,0.2159692929700192,STOP_LOSS,-50.0,0.0,-50.0,LOSS,5474.42668953
v0.1.1,BNBUSDT,2026-04-07T10:15:00+00:00,2026-04-08T02:30:00+00:00,601.62,615.04,4.15544696,2500.0,625.6848,589.5876,100.0,51.50698943564878,0.2543780663314943,1.5379475567286773,0.0693510199116321,EMA20_EXIT,55.7660982,0.0,55.7660982,WIN,5530.19278773
v0.1.1,BNBUSDT,2026-04-08T12:45:00+00:00,2026-04-08T14:45:00+00:00,613.48,601.2104,4.07511247,2500.0,638.0192,601.2104,75.0,51.58944980760822,0.2489845391868449,4.589895203219595,0.016679574024220344,STOP_LOSS,-50.0,0.0,-50.0,LOSS,5480.19278773
v0.1.1,BNBUSDT,2026-04-15T02:15:00+00:00,2026-04-15T23:00:00+00:00,617.44,622.97,4.04897642,2500.0,642.1376,605.0912,100.0,54.36138208844804,0.2556978967348231,1.1798666909460604,0.04280818499165922,EMA20_EXIT,22.3908396,0.0,22.3908396,WIN,5502.58362732
v0.1.1,BNBUSDT,2026-04-18T02:45:00+00:00,2026-04-18T06:15:00+00:00,644.16,644.33,3.88102335,2500.0,669.9264,631.2768,100.0,52.18480012908636,0.2618527022952837,1.324291324153901,0.32318164585478876,EMA20_EXIT,0.65977397,0.0,0.65977397,WIN,5503.24340129
v0.1.1,BNBUSDT,2026-04-24T16:00:00+00:00,2026-04-27T06:30:00+00:00,638.69,625.9162,3.91426201,2500.0,664.2376,625.9162,100.0,54.86326952170435,0.2307452941592267,1.4422773739768626,0.12686379819790797,STOP_LOSS,-50.0,0.0,-50.0,LOSS,5453.24340129
v0.1.1,BNBUSDT,2026-05-03T17:30:00+00:00,2026-05-04T06:30:00+00:00,619.74,628.37,4.03394972,2500.0,644.5296,607.3452,100.0,53.35665226215215,0.1263220541540784,1.8053473668556885,0.12505700362580105,EMA20_EXIT,34.81298609,0.0,34.81298609,WIN,5488.05638738
v0.1.1,BNBUSDT,2026-05-05T02:45:00+00:00,2026-05-05T06:15:00+00:00,625.2,626.2,3.99872041,2500.0,650.208,612.696,65.0,52.07136403977528,0.1945316101328529,1.1560368158561067,-0.004669034067483827,EMA20_EXIT,3.99872041,0.0,3.99872041,WIN,5492.05510779
v0.1.1,BNBUSDT,2026-05-07T09:15:00+00:00,2026-05-07T22:00:00+00:00,649.24,636.2552,3.85065615,2500.0,675.2096,636.2552,100.0,54.44810097755811,0.2708151016909669,1.2760139313678296,0.2019892443645607,STOP_LOSS,-50.0,0.0,-50.0,LOSS,5442.05510779
v0.1.1,BNBUSDT,2026-05-12T12:30:00+00:00,2026-05-13T06:30:00+00:00,662.83,677.11,3.77170617,2500.0,689.3432,649.5734,100.0,54.78885746481371,0.2495124054061567,2.1905797682136354,0.014524171281261251,EMA20_EXIT,53.85996409,0.0,53.85996409,WIN,5495.91507189
v0.1.1,BNBUSDT,2026-05-15T09:15:00+00:00,2026-05-15T12:00:00+00:00,683.66,684.24,3.65678846,2500.0,711.0064,669.9868,100.0,53.269629091961775,0.3772072328266349,1.2991578650381788,0.22760671257348597,EMA20_EXIT,2.12093731,0.0,2.12093731,WIN,5498.03600919
v0.1.1,BNBUSDT,2026-05-25T15:15:00+00:00,2026-05-26T17:30:00+00:00,668.41,655.0418,3.74021933,2500.0,695.1464,655.0418,100.0,54.997233441359214,0.2365361101192269,1.7526422452526844,0.571034829438741,STOP_LOSS,-50.0,0.0,-50.0,LOSS,5448.03600919
v0.1.1,BNBUSDT,2026-06-01T10:15:00+00:00,2026-06-01T13:45:00+00:00,699.46,685.4708,3.5741858,2500.0,727.4384,685.4708,65.0,51.18045431776781,0.9775263012719942,1.2161285320540958,-0.4316507268290313,STOP_LOSS,-50.0,0.0,-50.0,LOSS,5398.03600919
v0.1.1,BNBUSDT,2026-06-08T13:15:00+00:00,2026-06-08T20:15:00+00:00,600.01,605.81,4.16659722,2500.0,624.0104,588.0098,100.0,51.20877181267201,0.4361732577922135,1.7062590154755453,0.18789405946052715,EMA20_EXIT,24.1662639,0.0,24.1662639,WIN,5422.20227309
v0.1.1,BNBUSDT,2026-06-14T07:00:00+00:00,2026-06-14T12:45:00+00:00,610.39,611.26,4.09574207,2500.0,634.8056,598.1822,100.0,52.92171143428527,0.1719323334999299,1.6660806340496581,0.11420968830861296,EMA20_EXIT,3.5632956,0.0,3.5632956,WIN,5425.76556869
v0.1.1,BNBUSDT,2026-06-15T15:15:00+00:00,2026-06-15T17:15:00+00:00,624.26,625.5,4.00474161,2500.0,649.2304,611.7748,100.0,54.45966074010288,0.390556816132227,1.4563166436369255,0.604749174865855,EMA20_EXIT,4.9658796,0.0,4.9658796,WIN,5430.73144829
v0.1.1,BNBUSDT,2026-06-20T15:30:00+00:00,2026-06-21T05:00:00+00:00,586.69,589.18,4.26119416,2500.0,610.1576,574.9562,100.0,54.92566819805035,0.2847846131215508,1.2622164907946618,0.13367981803991716,EMA20_EXIT,10.61037345,0.0,10.61037345,WIN,5441.34182174
v0.1.1,BNBUSDT,2026-07-01T22:30:00+00:00,2026-07-02T16:15:00+00:00,553.88,559.74,4.51361306,2500.0,576.0352,542.8024,100.0,54.18375994793837,0.3291494765708503,1.3220432672216642,0.381787986976418,EMA20_EXIT,26.44977251,0.0,26.44977251,WIN,5467.79159425
v0.1.1,BNBUSDT,2026-07-03T15:15:00+00:00,2026-07-04T01:00:00+00:00,565.47,571.85,4.42110103,2500.0,588.0888,554.1606,100.0,52.15575303469015,0.2934597457667574,1.386290093934206,0.27412803335552904,EMA20_EXIT,28.20662458,0.0,28.20662458,WIN,5495.99821883
v0.1.1,BNBUSDT,2026-07-04T10:15:00+00:00,2026-07-04T19:00:00+00:00,572.26,575.84,4.36864362,2500.0,595.1504,560.8148,100.0,52.73980170931351,0.2445300332735619,1.314820130823396,0.09246294327781071,EMA20_EXIT,15.63974417,0.0,15.63974417,WIN,5511.637963
v0.1.1,BNBUSDT,2026-07-05T11:00:00+00:00,2026-07-05T18:00:00+00:00,575.14,584.87,4.34676774,2500.0,598.1456,563.6372,100.0,53.91888024267379,0.2705923882544073,1.2427058871525996,0.1354882158582977,EMA20_EXIT,42.29405014,0.0,42.29405014,WIN,5553.93201315
v0.1.1,BNBUSDT,2026-07-06T01:15:00+00:00,2026-07-06T09:30:00+00:00,590.17,578.3666,4.23606757,2500.0,613.7768,578.3666,100.0,52.30014055747616,0.3672271834981729,1.2108698916140408,0.45453254864282133,STOP_LOSS,-50.0,0.0,-50.0,LOSS,5503.93201315
v0.1.1,XRPUSDT,2025-07-11T15:45:00+00:00,2025-07-11T16:00:00+00:00,2.7724,2.716952,901.74577983,2500.0,2.883296,2.716952,100.0,54.12191383037983,1.977181642260157,2.850982867707028,3.082126480439558,STOP_LOSS,-50.0,0.0,-50.0,LOSS,4950.0
v0.1.1,XRPUSDT,2025-07-13T13:00:00+00:00,2025-07-13T16:45:00+00:00,2.8014,2.8237,892.41093739,2500.0,2.913456,2.745372,100.0,54.39508900588052,0.5900538143999893,1.4984702147120967,0.44559075767467166,EMA20_EXIT,19.9007639,0.0,19.9007639,WIN,4969.9007639
v0.1.1,XRPUSDT,2025-07-16T14:00:00+00:00,2025-07-16T20:15:00+00:00,2.9608,3.079232,844.36638746,2500.0,3.079232,2.901584,100.0,53.48614852281676,0.4915565857946197,1.3236193073743194,0.5896060354392185,TAKE_PROFIT,100.0,0.0,100.0,WIN,5069.9007639
v0.1.1,XRPUSDT,2025-07-17T19:45:00+00:00,2025-07-17T21:00:00+00:00,3.3057,3.437928,756.26947394,2500.0,3.437928,3.239586,100.0,53.01275455440986,1.0843172454275132,1.4548732830616793,1.6210295130014676,TAKE_PROFIT,100.0,0.0,100.0,WIN,5169.9007639
v0.1.1,XRPUSDT,2025-07-21T09:15:00+00:00,2025-07-21T16:15:00+00:00,3.5441,3.5765,705.39770323,2500.0,3.685864,3.473218,100.0,53.99723198301336,0.5785751805750938,1.5015890368260663,0.7419026525157183,EMA20_EXIT,22.85488558,0.0,22.85488558,WIN,5192.75564949
v0.1.1,XRPUSDT,2025-07-26T16:30:00+00:00,2025-07-27T06:15:00+00:00,3.1955,3.2054,782.35017994,2500.0,3.32332,3.13159,100.0,54.930303021476085,0.4122565245571209,1.5715568012787005,0.40537855912482657,EMA20_EXIT,7.74526678,0.0,7.74526678,WIN,5200.50091627
v0.1.1,XRPUSDT,2025-07-27T11:15:00+00:00,2025-07-27T20:45:00+00:00,3.1983,3.2024,781.66525967,2500.0,3.326232,3.134334,75.0,54.07327898205935,0.3972017787041428,2.1040596991316076,0.0023745931512784376,EMA20_EXIT,3.20482756,0.0,3.20482756,WIN,5203.70574383
v0.1.1,XRPUSDT,2025-08-08T14:00:00+00:00,2025-08-08T14:30:00+00:00,3.3347,3.268006,749.69262602,2500.0,3.468088,3.268006,100.0,52.91517954124389,0.5971287819591957,4.071313352951374,0.5440766928015174,STOP_LOSS,-50.0,0.0,-50.0,LOSS,5153.70574383
v0.1.1,XRPUSDT,2025-08-13T04:00:00+00:00,2025-08-13T12:45:00+00:00,3.2522,3.271,768.71041141,2500.0,3.382288,3.187156,75.0,53.70290881259864,0.4944911761705768,1.8563136077781726,0.13404642850467352,EMA20_EXIT,14.45175573,0.0,14.45175573,WIN,5168.15749957
v0.1.1,XRPUSDT,2025-08-17T16:15:00+00:00,2025-08-18T01:15:00+00:00,3.127,3.06446,799.48832747,2500.0,3.25208,3.06446,100.0,50.91167180580237,0.2677090826710553,2.0157754589888905,0.13139850832255912,STOP_LOSS,-50.0,0.0,-50.0,LOSS,5118.15749957
v0.1.1,XRPUSDT,2025-08-27T14:45:00+00:00,2025-08-27T18:45:00+00:00,3.0055,3.0085,831.80835136,2500.0,3.12572,2.94539,100.0,50.98710949317453,0.4103836267542605,1.2196497885844677,0.09344219088464661,EMA20_EXIT,2.49542505,0.0,2.49542505,WIN,5120.65292462
v0.1.1,XRPUSDT,2025-09-03T14:00:00+00:00,2025-09-03T16:30:00+00:00,2.8545,2.8582,875.81012437,2500.0,2.96868,2.79741,100.0,53.47710040152408,0.4016431573063408,1.4515517456995677,0.285208357246523,EMA20_EXIT,3.24049746,0.0,3.24049746,WIN,5123.89342208
v0.1.1,XRPUSDT,2025-09-07T09:30:00+00:00,2025-09-07T17:45:00+00:00,2.8291,2.8597,883.67325298,2500.0,2.942264,2.772518,100.0,54.87262347258047,0.1418420493963628,1.5547211304673938,0.22806082804514055,EMA20_EXIT,27.04040154,0.0,27.04040154,WIN,5150.93382362
v0.1.1,XRPUSDT,2025-09-11T05:00:00+00:00,2025-09-11T11:15:00+00:00,3.0019,3.0078,832.8058896,2500.0,3.121976,2.941862,100.0,54.40944099682066,0.2524585533312335,1.2571575141378881,0.2145198125222585,EMA20_EXIT,4.91355475,0.0,4.91355475,WIN,5155.84737837
v0.1.1,XRPUSDT,2025-09-28T00:30:00+00:00,2025-09-29T03:00:00+00:00,2.8059,2.8579,890.9797213,2500.0,2.918136,2.749782,100.0,54.22125267089165,0.3847318053985602,5.013776825322463,0.3005478830129036,EMA20_EXIT,46.33094551,0.0,46.33094551,WIN,5202.17832388
v0.1.1,XRPUSDT,2025-10-02T05:30:00+00:00,2025-10-02T07:45:00+00:00,2.9667,2.9692,842.68716082,2500.0,3.085368,2.907366,100.0,52.38610360636199,0.3925044579892877,2.5689437249025913,0.42198292088221373,EMA20_EXIT,2.1067179,0.0,2.1067179,WIN,5204.28504178
v0.1.1,XRPUSDT,2025-10-03T15:00:00+00:00,2025-10-03T17:15:00+00:00,3.0365,3.0402,823.31631813,2500.0,3.15796,2.97577,75.0,53.11890925879708,0.4087591701672155,1.4066104031113023,0.029392043139141677,EMA20_EXIT,3.04627038,0.0,3.04627038,WIN,5207.33131216
v0.1.1,XRPUSDT,2025-10-13T17:00:00+00:00,2025-10-13T21:45:00+00:00,2.5966,2.6165,962.79750443,2500.0,2.700464,2.544668,100.0,54.93678389769315,0.9376310662912656,1.3250969572613929,0.22310849049874504,EMA20_EXIT,19.15967034,0.0,19.15967034,WIN,5226.4909825
v0.1.1,XRPUSDT,2025-10-19T05:15:00+00:00,2025-10-19T19:30:00+00:00,2.3577,2.3966,1060.35543114,2500.0,2.452008,2.310546,100.0,53.08253756818357,0.3333853500598253,1.5348697386219514,0.0012567900049944988,EMA20_EXIT,41.24782627,0.0,41.24782627,WIN,5267.73880877
v0.1.1,XRPUSDT,2025-10-20T15:45:00+00:00,2025-10-20T21:45:00+00:00,2.4628,2.492,1015.10475881,2500.0,2.561312,2.413544,100.0,51.58863451291084,0.423280443763302,1.3647273411431524,0.4612242025074613,EMA20_EXIT,29.64105896,0.0,29.64105896,WIN,5297.37986773
v0.1.1,XRPUSDT,2025-10-26T12:15:00+00:00,2025-10-27T02:45:00+00:00,2.6404,2.6456,946.82623845,2500.0,2.746016,2.587592,100.0,54.94547763656667,0.4234935889079306,1.6666934244917346,0.4390934032183452,EMA20_EXIT,4.92349644,0.0,4.92349644,WIN,5302.30336417
v0.1.1,XRPUSDT,2025-10-29T18:00:00+00:00,2025-10-29T18:30:00+00:00,2.6394,2.586612,947.18496628,2500.0,2.744976,2.586612,100.0,51.06502683505783,0.5312276244725278,3.105826206361633,0.06946490039245086,STOP_LOSS,-50.0,0.0,-50.0,LOSS,5252.30336417
v0.1.1,XRPUSDT,2025-11-06T03:15:00+00:00,2025-11-06T09:00:00+00:00,2.3552,2.308096,1061.48097826,2500.0,2.449408,2.308096,100.0,54.73568359757512,0.9310910097317088,1.1994676656636605,1.0030616352599109,STOP_LOSS,-50.0,0.0,-50.0,LOSS,5202.30336417
v0.1.1,XRPUSDT,2025-11-23T16:45:00+00:00,2025-11-23T21:00:00+00:00,2.0539,2.0593,1217.1965529,2500.0,2.136056,2.012822,100.0,52.59010670233736,0.6126599136291055,1.2230336552794694,0.7425335869682549,EMA20_EXIT,6.57286139,0.0,6.57286139,WIN,5208.87622555
v0.1.1,XRPUSDT,2025-11-23T22:00:00+00:00,2025-11-24T00:15:00+00:00,2.0673,2.025954,1209.30682533,2500.0,2.149992,2.025954,100.0,52.07141054330471,0.5666176611958884,1.158900813979226,0.5989435769768103,STOP_LOSS,-50.0,0.0,-50.0,LOSS,5158.87622555
v0.1.1,XRPUSDT,2025-11-24T14:15:00+00:00,2025-11-24T17:15:00+00:00,2.0706,2.153424,1207.37950353,2500.0,2.153424,2.029188,100.0,50.70016879954064,0.6948513760566308,1.169988709228626,0.18289045829170272,TAKE_PROFIT,100.0,0.0,100.0,WIN,5258.87622555
v0.1.1,XRPUSDT,2025-11-29T16:15:00+00:00,2025-11-30T23:30:00+00:00,2.2095,2.16531,1131.47770989,2500.0,2.29788,2.16531,100.0,54.96037080758842,0.4124561570203258,1.6461450025166318,0.3756471806033058,STOP_LOSS,-50.0,0.0,-50.0,LOSS,5208.87622555
v0.1.1,XRPUSDT,2025-12-03T07:15:00+00:00,2025-12-03T14:00:00+00:00,2.1929,2.149042,1140.04286561,2500.0,2.280616,2.149042,100.0,53.69758685006532,0.4818282026952529,1.3865028161951125,0.975006194271342,STOP_LOSS,-50.0,0.0,-50.0,LOSS,5158.87622555
v0.1.1,XRPUSDT,2025-12-21T00:00:00+00:00,2025-12-21T01:30:00+00:00,1.9305,1.932,1295.001295,2500.0,2.00772,1.89189,100.0,52.4050780870291,0.2454842339036104,2.114712186417332,0.13674700992124666,EMA20_EXIT,1.94250194,0.0,1.94250194,WIN,5160.81872749
v0.1.1,XRPUSDT,2025-12-21T10:15:00+00:00,2025-12-21T13:45:00+00:00,1.9366,1.897868,1290.92223484,2500.0,2.014064,1.897868,100.0,54.74909917314458,0.3191361362305277,2.4291150250754954,0.1858969697242572,STOP_LOSS,-50.0,0.0,-50.0,LOSS,5110.81872749
v0.1.1,XRPUSDT,2025-12-22T13:00:00+00:00,2025-12-22T16:30:00+00:00,1.9313,1.9335,1294.46486822,2500.0,2.008552,1.892674,100.0,54.66682161344342,0.3283672614057371,1.2058793178232563,0.215386482627104,EMA20_EXIT,2.84782271,0.0,2.84782271,WIN,5113.6665502
v0.1.1,XRPUSDT,2025-12-28T14:45:00+00:00,2025-12-29T07:00:00+00:00,1.8711,1.8982,1336.11244722,2500.0,1.945944,1.833678,100.0,51.26936797937889,0.186696566789418,1.4102364322761656,0.035158237162462684,EMA20_EXIT,36.20864732,0.0,36.20864732,WIN,5149.87519752
v0.1.1,XRPUSDT,2026-01-04T13:15:00+00:00,2026-01-05T04:15:00+00:00,2.0957,2.1243,1192.9188338,2500.0,2.179528,2.053786,100.0,54.84466673299104,0.5302862076739658,2.285730652385238,0.9660417097894223,EMA20_EXIT,34.11747865,0.0,34.11747865,WIN,5183.99267617
v0.1.1,XRPUSDT,2026-01-14T15:30:00+00:00,2026-01-14T17:30:00+00:00,2.1473,2.1475,1164.25278256,2500.0,2.233192,2.104354,100.0,53.3975576364544,0.5911194502015693,1.9108279253748828,0.021963458828119363,EMA20_EXIT,0.23285056,0.0,0.23285056,WIN,5184.22552673
v0.1.1,XRPUSDT,2026-01-28T12:45:00+00:00,2026-01-29T02:30:00+00:00,1.9262,1.887676,1297.89222303,2500.0,2.003248,1.887676,100.0,52.69486285595369,0.3682831752916312,1.2772702046711415,0.3992014850995724,STOP_LOSS,-50.0,0.0,-50.0,LOSS,5134.22552673
v0.1.1,XRPUSDT,2026-02-10T04:15:00+00:00,2026-02-10T06:45:00+00:00,1.4478,1.418844,1726.75783948,2500.0,1.505712,1.418844,100.0,54.08351866534783,0.5588301453003454,1.62917870191045,0.17504155785793224,STOP_LOSS,-50.0,0.0,-50.0,LOSS,5084.22552673
v0.1.1,XRPUSDT,2026-02-17T02:15:00+00:00,2026-02-17T09:15:00+00:00,1.4869,1.457162,1681.35046069,2500.0,1.546376,1.457162,100.0,51.74913617475184,0.5333749475127716,2.0215858778008906,0.059339720866992,STOP_LOSS,-50.0,0.0,-50.0,LOSS,5034.22552673
v0.1.1,XRPUSDT,2026-03-13T14:30:00+00:00,2026-03-13T16:00:00+00:00,1.4349,1.406202,1742.2816921,2500.0,1.492296,1.406202,100.0,53.46589897769596,0.5624572141613003,1.43709067033852,0.7737695029736239,STOP_LOSS,-50.0,0.0,-50.0,LOSS,4984.22552673
v0.1.1,XRPUSDT,2026-03-16T14:15:00+00:00,2026-03-16T18:15:00+00:00,1.48,1.5392,1689.18918919,2500.0,1.5392,1.4504,100.0,54.54703195669661,0.5066112440758986,1.2612105829900242,0.5698271467066621,TAKE_PROFIT,100.0,0.0,100.0,WIN,5084.22552673
v0.1.1,XRPUSDT,2026-03-17T00:15:00+00:00,2026-03-17T02:45:00+00:00,1.5404,1.602016,1622.9550766,2500.0,1.602016,1.509592,100.0,54.983292958580506,0.6927945187525448,2.029387612500925,1.1841779878022876,TAKE_PROFIT,100.0,0.0,100.0,WIN,5184.22552673
v0.1.1,XRPUSDT,2026-03-17T03:15:00+00:00,2026-03-17T04:30:00+00:00,1.5653,1.533994,1597.13792883,2500.0,1.627912,1.533994,100.0,54.07655443655282,0.9273593811321024,1.1917593373927995,1.4913970160746863,STOP_LOSS,-50.0,0.0,-50.0,LOSS,5134.22552673
v0.1.1,XRPUSDT,2026-04-01T12:45:00+00:00,2026-04-01T17:15:00+00:00,1.3539,1.3554,1846.51746806,2500.0,1.408056,1.326822,100.0,52.29162360892752,0.3489443419491838,2.434914516222302,0.2898126421756903,EMA20_EXIT,2.7697762,0.0,2.7697762,WIN,5136.99530293
v0.1.1,XRPUSDT,2026-04-11T20:30:00+00:00,2026-04-11T22:45:00+00:00,1.3608,1.3617,1837.15461493,2500.0,1.415232,1.333584,100.0,54.91564233620395,0.31874045803944,1.3599862400811076,0.42569158442437893,EMA20_EXIT,1.65343915,0.0,1.65343915,WIN,5138.64874208
v0.1.1,XRPUSDT,2026-04-14T07:45:00+00:00,2026-04-14T10:30:00+00:00,1.3682,1.3695,1827.21824295,2500.0,1.422928,1.340836,100.0,52.914785880977234,0.2952151596820201,1.2845094702736148,0.4061781906395189,EMA20_EXIT,2.37538372,0.0,2.37538372,WIN,5141.0241258
v0.1.1,XRPUSDT,2026-04-14T14:30:00+00:00,2026-04-15T21:00:00+00:00,1.3777,1.3837,1814.61856718,2500.0,1.432808,1.350146,100.0,53.63828880914841,0.4284263026366408,2.633794324220702,0.4101581674501007,EMA20_EXIT,10.8877114,0.0,10.8877114,WIN,5151.9118372
v0.1.1,XRPUSDT,2026-04-16T04:45:00+00:00,2026-04-16T07:45:00+00:00,1.4038,1.4058,1780.8804673,2500.0,1.459952,1.375724,100.0,54.43790028970126,0.3989169168956974,1.2888352272896753,0.6455467541784057,EMA20_EXIT,3.56176093,0.0,3.56176093,WIN,5155.47359814
v0.1.1,XRPUSDT,2026-04-16T15:15:00+00:00,2026-04-16T17:00:00+00:00,1.4161,1.4164,1765.41204717,2500.0,1.472744,1.387778,100.0,52.8528039221543,0.6494276233623685,1.3219881163888418,0.30549945136096573,EMA20_EXIT,0.52962361,0.0,0.52962361,WIN,5156.00322175
v0.1.1,XRPUSDT,2026-04-17T10:00:00+00:00,2026-04-17T14:30:00+00:00,1.4435,1.50124,1731.90162799,2500.0,1.50124,1.41463,100.0,53.57088618043944,0.4405674557893592,1.4668818469430438,0.275218520508764,TAKE_PROFIT,100.0,0.0,100.0,WIN,5256.00322175
v0.1.1,XRPUSDT,2026-04-21T11:00:00+00:00,2026-04-22T09:45:00+00:00,1.4395,1.4515,1736.71413685,2500.0,1.49708,1.41071,100.0,54.16570107248406,0.31356046536223,1.4136895450182005,0.33935227368671506,EMA20_EXIT,20.84056964,0.0,20.84056964,WIN,5276.84379139
v0.1.1,XRPUSDT,2026-04-24T12:45:00+00:00,2026-04-24T17:30:00+00:00,1.4347,1.438,1742.5245696,2500.0,1.492088,1.406006,100.0,52.72525043457541,0.2524792518943193,1.495678068376964,0.08380242296486659,EMA20_EXIT,5.75033108,0.0,5.75033108,WIN,5282.59412247
v0.1.1,XRPUSDT,2026-05-01T16:45:00+00:00,2026-05-01T19:30:00+00:00,1.3915,1.3926,1796.62234998,2500.0,1.44716,1.36367,100.0,54.9098269014592,0.2934442281701258,1.1894459399083102,0.4713835933792306,EMA20_EXIT,1.97628458,0.0,1.97628458,WIN,5284.57040706
v0.1.1,XRPUSDT,2026-05-02T12:30:00+00:00,2026-05-02T18:00:00+00:00,1.3868,1.3902,1802.71127776,2500.0,1.442272,1.359064,100.0,52.05608313169858,0.1527002852557037,2.309915374395632,0.014695188166443354,EMA20_EXIT,6.12921834,0.0,6.12921834,WIN,5290.6996254
v0.1.1,XRPUSDT,2026-05-02T21:45:00+00:00,2026-05-03T16:45:00+00:00,1.3935,1.3944,1794.04377467,2500.0,1.44924,1.36563,100.0,54.16604165191834,0.1721673276473914,2.3771174342294645,0.12198409820517654,EMA20_EXIT,1.6146394,0.0,1.6146394,WIN,5292.3142648
v0.1.1,XRPUSDT,2026-05-03T22:45:00+00:00,2026-05-04T06:15:00+00:00,1.3978,1.4052,1788.52482472,2500.0,1.453712,1.369844,100.0,54.19274228502832,0.2572508375848619,1.610615907504835,0.10648267936124549,EMA20_EXIT,13.2350837,0.0,13.2350837,WIN,5305.5493485
v0.1.1,XRPUSDT,2026-05-05T05:30:00+00:00,2026-05-05T09:00:00+00:00,1.4021,1.4046,1783.03972613,2500.0,1.458184,1.374058,100.0,53.107314413146,0.2512623978663648,2.954609187575375,0.08515821915997211,EMA20_EXIT,4.45759932,0.0,4.45759932,WIN,5310.00694782
v0.1.1,XRPUSDT,2026-05-06T05:30:00+00:00,2026-05-06T13:00:00+00:00,1.418,1.4362,1763.04654443,2500.0,1.47472,1.38964,100.0,52.532751794694015,0.3001860074152115,2.500675883139106,0.18069226423348694,EMA20_EXIT,32.08744711,0.0,32.08744711,WIN,5342.09439493
v0.1.1,XRPUSDT,2026-05-11T14:15:00+00:00,2026-05-11T17:00:00+00:00,1.4593,1.4694,1713.15014048,2500.0,1.517672,1.430114,100.0,52.48898302547353,0.4178200544649627,1.4575816387238778,0.15737305814462674,EMA20_EXIT,17.30281642,0.0,17.30281642,WIN,5359.39721135
v0.1.1,XRPUSDT,2026-05-24T11:00:00+00:00,2026-05-24T21:30:00+00:00,1.3632,1.335936,1833.92018779,2500.0,1.417728,1.335936,100.0,52.92581212209227,0.2088904322667767,1.4465109989033416,0.25073060657801355,STOP_LOSS,-50.0,0.0,-50.0,LOSS,5309.39721135
v0.1.1,XRPUSDT,2026-05-30T15:15:00+00:00,2026-05-30T19:30:00+00:00,1.343,1.3469,1861.50409531,2500.0,1.39672,1.31614,100.0,51.86309924679732,0.2535983816400521,1.8126372462104727,0.07012056849844642,EMA20_EXIT,7.25986597,0.0,7.25986597,WIN,5316.65707732
v0.1.1,XRPUSDT,2026-06-12T15:30:00+00:00,2026-06-13T16:15:00+00:00,1.1412,1.1485,2190.6764809,2500.0,1.186848,1.118376,100.0,50.35399209785737,0.5558786125669734,1.8396671228272576,0.11206412322752783,EMA20_EXIT,15.99193831,0.0,15.99193831,WIN,5332.64901563
v0.1.1,XRPUSDT,2026-07-03T02:15:00+00:00,2026-07-03T12:15:00+00:00,1.0895,1.1047,2294.63056448,2500.0,1.13308,1.06771,100.0,54.22991049257746,0.3305242366248829,1.2220147383698257,0.21362161375733835,EMA20_EXIT,34.87838458,0.0,34.87838458,WIN,5367.52740021
v0.1.1,XRPUSDT,2026-07-03T14:15:00+00:00,2026-07-03T22:00:00+00:00,1.1085,1.1299,2255.29995489,2500.0,1.15284,1.08633,100.0,53.61200027284154,0.4129639019408119,1.639806385266236,0.5093376605578495,EMA20_EXIT,48.26341903,0.0,48.26341903,WIN,5415.79081924
v0.1.1,XRPUSDT,2026-07-04T05:15:00+00:00,2026-07-04T11:45:00+00:00,1.14,1.1401,2192.98245614,2500.0,1.1856,1.1172,100.0,53.36277893245773,0.4807391949535176,1.2353179702859467,0.5456196627179042,EMA20_EXIT,0.21929825,0.0,0.21929825,WIN,5416.01011749
v0.1.1,ETHUSDT,2025-07-11T10:00:00+00:00,2025-07-11T16:00:00+00:00,2998.23,2938.2654,0.83382529,2500.0,3118.1592,2938.2654,100.0,53.31967442927318,0.6147096887551219,1.6972994475263863,1.1462810705615338,STOP_LOSS,-50.0,0.0,-50.0,LOSS,4950.0
v0.1.1,ETHUSDT,2025-07-13T11:30:00+00:00,2025-07-13T16:45:00+00:00,2962.73,2974.58,0.84381635,2500.0,3081.2392,2903.4754,100.0,59.70709458011864,0.203441619022175,1.5217810463809722,0.10692755978750641,EMA20_EXIT,9.99922369,0.0,9.99922369,WIN,4959.99922369
v0.1.1,ETHUSDT,2025-07-14T06:00:00+00:00,2025-07-14T12:00:00+00:00,3028.88,3050.5,0.8253876,2500.0,3150.0352,2968.3024,100.0,56.33253250738712,0.5598650733352569,1.213798703680525,0.6866483737859284,EMA20_EXIT,17.84487996,0.0,17.84487996,WIN,4977.84410364
v0.1.1,ETHUSDT,2025-07-15T14:30:00+00:00,2025-07-15T19:30:00+00:00,3016.42,3045.49,0.82879705,2500.0,3137.0768,2956.0916,100.0,55.07677296560404,0.637243760416775,1.731141843028138,0.44709399121021326,EMA20_EXIT,24.09313027,0.0,24.09313027,WIN,5001.93723391
v0.1.1,ETHUSDT,2025-07-16T13:30:00+00:00,2025-07-16T17:45:00+00:00,3174.4,3301.376,0.7875504,2500.0,3301.376,3110.912,100.0,59.52641871522687,0.4357564158330481,1.7095915870392981,0.5668459047741933,TAKE_PROFIT,100.0,0.0,100.0,WIN,5101.93723391
v0.1.1,ETHUSDT,2025-07-17T22:45:00+00:00,2025-07-18T01:30:00+00:00,3466.63,3605.2952,0.72116147,2500.0,3605.2952,3397.2974,100.0,57.58209538522299,0.7626251908244462,1.2943625372059588,0.5470235955182771,TAKE_PROFIT,100.0,0.0,100.0,WIN,5201.93723391
v0.1.1,ETHUSDT,2025-07-18T13:30:00+00:00,2025-07-18T14:30:00+00:00,3637.74,3564.9852,0.68723988,2500.0,3783.2496,3564.9852,100.0,57.67388885283423,0.6244230229307051,1.3368336223244992,0.6086844176697812,STOP_LOSS,-50.0,0.0,-50.0,LOSS,5151.93723391
v0.1.1,ETHUSDT,2025-07-20T17:00:00+00:00,2025-07-20T22:15:00+00:00,3776.06,3700.5388,0.66206575,2500.0,3927.1024,3700.5388,100.0,57.4536756999935,0.5808055213996115,2.257117674843715,1.124337246677321,STOP_LOSS,-50.0,0.0,-50.0,LOSS,5101.93723391
v0.1.1,ETHUSDT,2025-07-21T12:00:00+00:00,2025-07-21T15:45:00+00:00,3803.2,3810.37,0.65734119,2500.0,3955.328,3727.136,100.0,56.41833029024153,0.5178094315779029,1.3984607395383366,0.43583898043919533,EMA20_EXIT,4.71313631,0.0,4.71313631,WIN,5106.65037022
v0.1.1,ETHUSDT,2025-07-23T02:30:00+00:00,2025-07-23T04:15:00+00:00,3731.94,3733.0,0.66989287,2500.0,3881.2176,3657.3012,100.0,52.83753309494107,0.4901003463426084,1.9419752270445074,0.3051643165773765,EMA20_EXIT,0.71008644,0.0,0.71008644,WIN,5107.36045666
v0.1.1,ETHUSDT,2025-07-26T10:45:00+00:00,2025-07-27T06:15:00+00:00,3759.93,3775.87,0.664906,2500.0,3910.3272,3684.7314,100.0,55.17496446168601,0.3339809620306038,2.1615975089372435,0.4588992721747033,EMA20_EXIT,10.59860157,0.0,10.59860157,WIN,5117.95905823
v0.1.1,ETHUSDT,2025-07-27T12:30:00+00:00,2025-07-27T19:45:00+00:00,3813.02,3828.32,0.65564828,2500.0,3965.5408,3736.7596,100.0,59.01455653877936,0.405777400381677,1.190364413276894,0.45549826317242537,EMA20_EXIT,10.03141867,0.0,10.03141867,WIN,5127.9904769
v0.1.1,ETHUSDT,2025-07-27T23:00:00+00:00,2025-07-28T01:00:00+00:00,3843.3,3852.9,0.65048266,2500.0,3997.032,3766.434,100.0,52.5050579519567,0.425957169867901,1.300687095229156,0.3959498313832076,EMA20_EXIT,6.24463352,0.0,6.24463352,WIN,5134.23511041
v0.1.1,ETHUSDT,2025-08-05T11:00:00+00:00,2025-08-05T14:15:00+00:00,3671.62,3598.1876,0.68089835,2500.0,3818.4848,3598.1876,65.0,56.25033221116909,0.4056406087144514,1.2390571928739236,-0.03170384766287106,STOP_LOSS,-50.0,0.0,-50.0,LOSS,5084.23511041
v0.1.1,ETHUSDT,2025-08-06T15:00:00+00:00,2025-08-06T21:30:00+00:00,3628.08,3661.75,0.6890697,2500.0,3773.2032,3555.5184,100.0,57.24879192830435,0.5140964881355431,1.710924703649548,0.015269607726480956,EMA20_EXIT,23.20097683,0.0,23.20097683,WIN,5107.43608724
v0.1.1,ETHUSDT,2025-08-07T01:30:00+00:00,2025-08-07T11:45:00+00:00,3691.48,3839.1392,0.67723515,2500.0,3839.1392,3617.6504,100.0,58.43301677272193,0.3708768818227735,2.436566017504175,0.4126367586687837,TAKE_PROFIT,100.0,0.0,100.0,WIN,5207.43608724
v0.1.1,ETHUSDT,2025-08-07T14:30:00+00:00,2025-08-08T01:30:00+00:00,3817.56,3888.62,0.65486855,2500.0,3970.2624,3741.2088,100.0,56.46446423579969,0.4927595814373471,1.1752249800791945,1.3207502981737504,EMA20_EXIT,46.5349595,0.0,46.5349595,WIN,5253.97104674
v0.1.1,ETHUSDT,2025-08-08T15:00:00+00:00,2025-08-08T22:15:00+00:00,3956.4,4030.59,0.63188757,2500.0,4114.656,3877.272,100.0,57.15768611434929,0.5866498721421981,1.4629194870908515,0.5239476598064402,EMA20_EXIT,46.87973916,0.0,46.87973916,WIN,5300.8507859
v0.1.1,ETHUSDT,2025-08-09T15:15:00+00:00,2025-08-09T22:45:00+00:00,4200.02,4264.28,0.59523526,2500.0,4368.0208,4116.0196,100.0,54.45764160191818,0.5248254899760951,2.0428715487227245,0.739608812799492,EMA20_EXIT,38.24981786,0.0,38.24981786,WIN,5339.10060376
v0.1.1,ETHUSDT,2025-08-10T01:00:00+00:00,2025-08-10T06:15:00+00:00,4289.17,4203.3866,0.58286335,2500.0,4460.7368,4203.3866,100.0,58.28108981355292,0.563171092554379,1.5139471970210614,0.6762389124694175,STOP_LOSS,-50.0,0.0,-50.0,LOSS,5289.10060376
v0.1.1,ETHUSDT,2025-08-10T23:30:00+00:00,2025-08-11T06:00:00+00:00,4247.32,4301.34,0.58860646,2500.0,4417.2128,4162.3736,100.0,58.60538864226981,0.3964172888392747,1.278563325740494,0.11275744142126268,EMA20_EXIT,31.7965211,0.0,31.7965211,WIN,5320.89712486
v0.1.1,ETHUSDT,2025-08-12T08:45:00+00:00,2025-08-12T16:00:00+00:00,4310.65,4483.076,0.57995894,2500.0,4483.076,4224.437,100.0,54.96378028407989,0.4419625768394402,1.2538487338111546,0.34353153022909433,TAKE_PROFIT,100.0,0.0,100.0,WIN,5420.89712486
v0.1.1,ETHUSDT,2025-08-13T12:45:00+00:00,2025-08-13T21:45:00+00:00,4685.91,4721.16,0.5335143,2500.0,4873.3464,4592.1918,100.0,55.20019605157367,0.4722249290594089,1.34580602229357,0.821263627818131,EMA20_EXIT,18.80637912,0.0,18.80637912,WIN,5439.70350398
v0.1.1,ETHUSDT,2025-08-13T22:45:00+00:00,2025-08-14T05:00:00+00:00,4734.31,4737.38,0.52806006,2500.0,4923.6824,4639.6238,100.0,52.87615701668188,0.6649914216463799,2.0992801435731936,0.5456591021961325,EMA20_EXIT,1.62114437,0.0,1.62114437,WIN,5441.32464835
v0.1.1,ETHUSDT,2025-08-23T14:15:00+00:00,2025-08-24T01:15:00+00:00,4749.17,4771.22,0.52640777,2500.0,4939.1368,4654.1866,75.0,59.79941740020328,0.4135702586824139,2.2501902332924724,0.006090507141531111,EMA20_EXIT,11.60729138,0.0,11.60729138,WIN,5452.93193973
v0.1.1,ETHUSDT,2025-08-24T03:45:00+00:00,2025-08-24T19:30:00+00:00,4788.59,4850.78,0.52207435,2500.0,4980.1336,4692.8182,100.0,55.85336404583792,0.3539048574823097,1.2103780604813368,0.23988806046364072,EMA20_EXIT,32.46780367,0.0,32.46780367,WIN,5485.39974341
v0.1.1,ETHUSDT,2025-08-27T05:15:00+00:00,2025-08-27T20:00:00+00:00,4624.29,4531.8042,0.54062353,2500.0,4809.2616,4531.8042,100.0,59.36500745881952,0.5396075983532793,2.1194893797221606,0.5494167190251902,STOP_LOSS,-50.0,0.0,-50.0,LOSS,5435.39974341
v0.1.1,ETHUSDT,2025-08-31T11:45:00+00:00,2025-08-31T23:30:00+00:00,4476.98,4387.4404,0.55841214,2500.0,4656.0592,4387.4404,100.0,59.9087362747056,0.3114188695641717,1.4968563101697434,0.37980485667532604,STOP_LOSS,-50.0,0.0,-50.0,LOSS,5385.39974341
v0.1.1,ETHUSDT,2025-09-04T10:45:00+00:00,2025-09-04T15:00:00+00:00,4408.17,4320.0066,0.56712876,2500.0,4584.4968,4320.0066,65.0,55.54593187404053,0.3596372116400273,1.4741031288897535,-0.21930458638524178,STOP_LOSS,-50.0,0.0,-50.0,LOSS,5335.39974341
v0.1.1,ETHUSDT,2025-09-05T13:45:00+00:00,2025-09-05T14:15:00+00:00,4442.8,4353.944,0.5627082,2500.0,4620.512,4353.944,100.0,59.32072681156384,0.5437240665044747,1.4514556466823119,0.8007947649294836,STOP_LOSS,-50.0,0.0,-50.0,LOSS,5285.39974341
v0.1.1,ETHUSDT,2025-09-08T13:15:00+00:00,2025-09-08T17:15:00+00:00,4339.96,4340.93,0.57604218,2500.0,4513.5584,4253.1608,100.0,59.94880964632935,0.3396754997672197,1.1779497554435079,0.2101846821931905,EMA20_EXIT,0.55876091,0.0,0.55876091,WIN,5285.95850432
v0.1.1,ETHUSDT,2025-09-10T08:15:00+00:00,2025-09-10T16:00:00+00:00,4328.65,4383.61,0.57754727,2500.0,4501.796,4242.077,100.0,58.577035868729226,0.2515560971806843,1.3906639210168794,0.11447198152758122,EMA20_EXIT,31.74199808,0.0,31.74199808,WIN,5317.7005024
v0.1.1,ETHUSDT,2025-09-12T16:30:00+00:00,2025-09-12T22:15:00+00:00,4559.27,4741.6408,0.5483334,2500.0,4741.6408,4468.0846,100.0,59.64230710658384,0.3936836660044815,1.1026835146322012,0.3302421754937852,TAKE_PROFIT,100.0,0.0,100.0,WIN,5417.7005024
v0.1.1,ETHUSDT,2025-09-14T01:45:00+00:00,2025-09-14T14:30:00+00:00,4673.13,4579.6674,0.53497335,2500.0,4860.0552,4579.6674,65.0,56.69154866304223,0.2511260484048057,1.2349902733814948,-0.061825155558045006,STOP_LOSS,-50.0,0.0,-50.0,LOSS,5367.7005024
v0.1.1,ETHUSDT,2025-09-18T14:30:00+00:00,2025-09-19T11:30:00+00:00,4600.09,4508.0882,0.54346763,2500.0,4784.0936,4508.0882,100.0,56.25408304146207,0.3632462779967416,1.2236144761665206,0.11891161574536196,STOP_LOSS,-50.0,0.0,-50.0,LOSS,5317.7005024
v0.1.1,ETHUSDT,2025-09-28T00:30:00+00:00,2025-09-29T02:30:00+00:00,4025.17,4109.28,0.62109178,2500.0,4186.1768,3944.6666,100.0,57.28331789548536,0.2529580718642559,1.6504865469573187,0.12372161921818786,EMA20_EXIT,52.24002961,0.0,52.24002961,WIN,5369.94053201
v0.1.1,ETHUSDT,2025-09-29T08:45:00+00:00,2025-09-29T16:30:00+00:00,4122.3,4152.41,0.60645756,2500.0,4287.192,4039.854,100.0,57.83791746339298,0.2795258195899022,2.0636524044776547,0.2951405863071855,EMA20_EXIT,18.26043713,0.0,18.26043713,WIN,5388.20096915
v0.1.1,ETHUSDT,2025-10-02T13:15:00+00:00,2025-10-02T21:45:00+00:00,4393.8,4468.71,0.56898357,2500.0,4569.552,4305.924,100.0,54.25014864057753,0.2974141255912245,2.3137222980029226,0.2793117745187333,EMA20_EXIT,42.62255906,0.0,42.62255906,WIN,5430.82352821
v0.1.1,ETHUSDT,2025-10-03T03:45:00+00:00,2025-10-03T20:00:00+00:00,4500.59,4504.33,0.55548273,2500.0,4680.6136,4410.5782,100.0,54.82249296811626,0.4397505551352879,2.0431313030697646,0.4930374951105893,EMA20_EXIT,2.07750539,0.0,2.07750539,WIN,5432.9010336
v0.1.1,ETHUSDT,2025-10-06T01:30:00+00:00,2025-10-06T04:45:00+00:00,4522.2,4524.66,0.55282827,2500.0,4703.088,4431.756,65.0,54.95220432461021,0.395264687524001,2.846165229836698,-0.09858303496382467,EMA20_EXIT,1.35995754,0.0,1.35995754,WIN,5434.26099114
v0.1.1,ETHUSDT,2025-10-06T11:30:00+00:00,2025-10-06T20:45:00+00:00,4577.39,4689.12,0.54616277,2500.0,4760.4856,4485.8422,100.0,58.8816468686272,0.3251164242184752,1.6767345499185768,0.33099787654961405,EMA20_EXIT,61.02276625,0.0,61.02276625,WIN,5495.28375739
v0.1.1,ETHUSDT,2025-10-07T10:00:00+00:00,2025-10-07T13:45:00+00:00,4697.4,4704.63,0.53220931,2500.0,4885.296,4603.452,75.0,57.206657809600046,0.348912368466478,1.4039141942904496,0.018305000343656768,EMA20_EXIT,3.84787329,0.0,3.84787329,WIN,5499.13163068
v0.1.1,ETHUSDT,2025-10-15T09:15:00+00:00,2025-10-15T12:15:00+00:00,4153.5,4070.43,0.60190201,2500.0,4319.64,4070.43,100.0,56.89057219885738,0.5802941300476148,1.1553477609519809,0.47585293730174805,STOP_LOSS,-50.0,0.0,-50.0,LOSS,5449.13163068
v0.1.1,ETHUSDT,2025-10-19T05:45:00+00:00,2025-10-19T20:00:00+00:00,3897.21,3978.67,0.64148455,2500.0,4053.0984,3819.2658,100.0,55.31752575411198,0.2647017885876575,1.2516459654941798,0.16763560208643513,EMA20_EXIT,52.25533138,0.0,52.25533138,WIN,5501.38696206
v0.1.1,ETHUSDT,2025-10-21T17:00:00+00:00,2025-10-21T21:15:00+00:00,4014.4,3934.112,0.62275807,2500.0,4174.976,3934.112,100.0,57.24840912080758,0.8652432015523955,1.4130860425408156,1.1240733061468704,STOP_LOSS,-50.0,0.0,-50.0,LOSS,5451.38696206
v0.1.1,ETHUSDT,2025-10-24T07:30:00+00:00,2025-10-24T16:00:00+00:00,3948.92,3869.9416,0.63308449,2500.0,4106.8768,3869.9416,100.0,56.12731380115442,0.3842035841610902,1.6571438287496565,0.9032688220657611,STOP_LOSS,-50.0,0.0,-50.0,LOSS,5401.38696206
v0.1.1,ETHUSDT,2025-10-25T07:30:00+00:00,2025-10-25T10:00:00+00:00,3930.79,3934.5,0.63600447,2500.0,4088.0216,3852.1742,100.0,50.88788184244481,0.2428731505662812,4.132432589593688,0.047877424597253096,EMA20_EXIT,2.35957657,0.0,2.35957657,WIN,5403.74653864
v0.1.1,ETHUSDT,2025-11-01T15:30:00+00:00,2025-11-02T08:45:00+00:00,3884.6,3894.72,0.64356691,2500.0,4039.984,3806.908,100.0,57.52077288095066,0.2634139226116971,1.4308030898284003,0.1518484497150826,EMA20_EXIT,6.51289708,0.0,6.51289708,WIN,5410.25943572
v0.1.1,ETHUSDT,2025-11-10T00:00:00+00:00,2025-11-10T04:15:00+00:00,3579.92,3609.6,0.69833963,2500.0,3723.1168,3508.3216,100.0,59.06083184116947,0.5234694681719315,2.1610353307313868,1.0435997119922857,EMA20_EXIT,20.72672015,0.0,20.72672015,WIN,5430.98615587
v0.1.1,ETHUSDT,2025-11-10T13:30:00+00:00,2025-11-10T14:45:00+00:00,3614.94,3542.6412,0.69157441,2500.0,3759.5376,3542.6412,75.0,55.16380855945375,0.3812975835002091,1.2384370038421282,0.15673369779044283,STOP_LOSS,-50.0,0.0,-50.0,LOSS,5380.98615587
v0.1.1,ETHUSDT,2025-11-11T01:30:00+00:00,2025-11-11T14:00:00+00:00,3597.34,3525.3932,0.69495794,2500.0,3741.2336,3525.3932,100.0,58.96420048858623,0.6254709526883891,1.5265492926767903,0.12220473165038637,STOP_LOSS,-50.0,0.0,-50.0,LOSS,5330.98615587
v0.1.1,ETHUSDT,2025-11-12T14:30:00+00:00,2025-11-12T15:15:00+00:00,3547.17,3476.2266,0.7047872,2500.0,3689.0568,3476.2266,100.0,56.58451189385367,0.4844172035928097,1.5690166529874279,0.9830692173850426,STOP_LOSS,-50.0,0.0,-50.0,LOSS,5280.98615587
v0.1.1,ETHUSDT,2025-11-19T02:15:00+00:00,2025-11-19T04:45:00+00:00,3115.08,3052.7784,0.80254761,2500.0,3239.6832,3052.7784,75.0,50.6571251420219,0.5529088644595704,1.1120244100613876,0.16095415877803296,STOP_LOSS,-50.0,0.0,-50.0,LOSS,5230.98615587
v0.1.1,ETHUSDT,2025-11-23T13:00:00+00:00,2025-11-24T00:15:00+00:00,2824.41,2767.9218,0.88514061,2500.0,2937.3864,2767.9218,100.0,55.50810601673302,0.4175779647801491,1.8287788821804003,0.40771567846623646,STOP_LOSS,-50.0,0.0,-50.0,LOSS,5180.98615587
v0.1.1,ETHUSDT,2025-11-24T02:30:00+00:00,2025-11-24T06:15:00+00:00,2841.01,2841.31,0.87996874,2500.0,2954.6504,2784.1898,100.0,58.592460581656674,0.6993993606751908,2.2093430710712627,0.01766193285923486,EMA20_EXIT,0.26399062,0.0,0.26399062,WIN,5181.25014649
v0.1.1,ETHUSDT,2025-11-24T15:00:00+00:00,2025-11-24T18:00:00+00:00,2833.39,2946.7256,0.88233529,2500.0,2946.7256,2776.7222,65.0,58.553304652790615,0.6700551324221989,2.034946290467102,-0.11937681894709083,TAKE_PROFIT,100.0,0.0,100.0,WIN,5281.25014649
v0.1.1,ETHUSDT,2025-11-25T20:15:00+00:00,2025-11-26T02:45:00+00:00,2931.37,2956.8,0.85284355,2500.0,3048.6248,2872.7426,100.0,53.94335227226049,0.7069897367171818,1.1955937355643722,0.16432040989621194,EMA20_EXIT,21.6878115,0.0,21.6878115,WIN,5302.93795799
v0.1.1,ETHUSDT,2025-11-26T14:30:00+00:00,2025-11-27T00:00:00+00:00,2932.86,3012.4,0.85241028,2500.0,3050.1744,2874.2028,65.0,59.09063825092792,0.4442245781702069,1.833734193958461,-0.1582154655159974,EMA20_EXIT,67.8007133,0.0,67.8007133,WIN,5370.73867129
v0.1.1,ETHUSDT,2025-11-27T02:45:00+00:00,2025-11-28T16:00:00+00:00,3037.46,3058.16,0.82305611,2500.0,3158.9584,2976.7108,100.0,53.35762784962568,0.5352143657487566,2.681655702712863,0.839057001283854,EMA20_EXIT,17.0372614,0.0,17.0372614,WIN,5387.77593268
v0.1.1,ETHUSDT,2025-11-30T14:30:00+00:00,2025-11-30T18:30:00+00:00,3028.95,3031.0,0.82536853,2500.0,3150.108,2968.371,100.0,56.210642190299176,0.3074605416259613,1.388282843507423,0.3846668951484095,EMA20_EXIT,1.69200548,0.0,1.69200548,WIN,5389.46793816
v0.1.1,ETHUSDT,2025-12-03T07:00:00+00:00,2025-12-03T14:45:00+00:00,3058.38,3076.53,0.81742622,2500.0,3180.7152,2997.2124,100.0,58.26541610925969,0.4628848293443862,1.5813721399378295,1.04728145330672,EMA20_EXIT,14.83628588,0.0,14.83628588,WIN,5404.30422404
v0.1.1,ETHUSDT,2025-12-08T01:15:00+00:00,2025-12-08T11:30:00+00:00,3104.41,3143.93,0.805306,2500.0,3228.5864,3042.3218,75.0,59.698016196337306,0.7199045282646512,2.228508413765672,0.12726901887535827,EMA20_EXIT,31.82569313,0.0,31.82569313,WIN,5436.12991717
v0.1.1,ETHUSDT,2025-12-10T10:15:00+00:00,2025-12-10T20:45:00+00:00,3327.53,3355.44,0.75130803,2500.0,3460.6312,3260.9794,100.0,52.29211071098887,0.3727244686582482,1.6024360440869796,0.3626557376824699,EMA20_EXIT,20.96900704,0.0,20.96900704,WIN,5457.09892421
v0.1.1,ETHUSDT,2025-12-19T14:15:00+00:00,2025-12-19T15:45:00+00:00,2960.86,2964.99,0.84434928,2500.0,3079.2944,2901.6428,100.0,55.298925747757934,0.467054428048235,2.996553534359667,0.8083607954590172,EMA20_EXIT,3.48716251,0.0,3.48716251,WIN,5460.58608672
v0.1.1,ETHUSDT,2025-12-19T16:30:00+00:00,2025-12-20T06:00:00+00:00,2981.84,2983.8,0.8384085,2500.0,3101.1136,2922.2032,100.0,57.465648767805085,0.7216930763156817,1.2870680928485538,0.7576307963098272,EMA20_EXIT,1.64328066,0.0,1.64328066,WIN,5462.22936738
v0.1.1,ETHUSDT,2025-12-28T10:15:00+00:00,2025-12-28T16:15:00+00:00,2942.4,2942.67,0.84964655,2500.0,3060.096,2883.552,100.0,53.49619409353715,0.161047154800673,1.5782359791790088,0.030954604342341038,EMA20_EXIT,0.22940457,0.0,0.22940457,WIN,5462.45877195
v0.1.1,ETHUSDT,2025-12-28T23:00:00+00:00,2025-12-29T07:00:00+00:00,2941.84,3021.05,0.84980828,2500.0,3059.5136,2883.0032,65.0,52.53582368356957,0.2269042662911166,1.7229662134888224,-0.0229710655017952,EMA20_EXIT,67.31331412,0.0,67.31331412,WIN,5529.77208607
v0.1.1,ETHUSDT,2025-12-30T15:45:00+00:00,2026-01-02T02:00:00+00:00,2989.77,2997.6,0.83618472,2500.0,3109.3608,2929.9746,100.0,57.23927269631888,0.4616886123248476,1.3510941093650826,0.32051889217128543,EMA20_EXIT,6.54732638,0.0,6.54732638,WIN,5536.31941245
v0.1.1,ETHUSDT,2026-01-02T11:15:00+00:00,2026-01-02T23:15:00+00:00,3047.38,3123.95,0.82037685,2500.0,3169.2752,2986.4324,100.0,59.23864044120694,0.3364973240533848,1.2960254328030185,0.5188557840195471,EMA20_EXIT,62.81625528,0.0,62.81625528,WIN,5599.13566772
v0.1.1,ETHUSDT,2026-01-04T23:00:00+00:00,2026-01-05T04:00:00+00:00,3139.43,3174.48,0.7963229,2500.0,3265.0072,3076.6414,100.0,50.98563923317534,0.2550310061319799,1.719484252838931,0.02883129912916822,EMA20_EXIT,27.91111762,0.0,27.91111762,WIN,5627.04678535
v0.1.1,ETHUSDT,2026-01-05T14:45:00+00:00,2026-01-05T23:45:00+00:00,3167.0,3224.99,0.78939059,2500.0,3293.68,3103.66,75.0,51.35639625156144,0.4098273793714592,2.9889411147658635,0.017551443372033616,EMA20_EXIT,45.77676034,0.0,45.77676034,WIN,5672.82354569
v0.1.1,ETHUSDT,2026-01-06T15:30:00+00:00,2026-01-06T17:45:00+00:00,3271.07,3205.6486,0.76427591,2500.0,3401.9128,3205.6486,100.0,56.92430161244389,0.4995329282500146,1.2810842754609468,0.5399435508301221,STOP_LOSS,-50.0,0.0,-50.0,LOSS,5622.82354569
v0.1.1,ETHUSDT,2026-01-11T15:30:00+00:00,2026-01-11T19:30:00+00:00,3116.43,3122.53,0.80219995,2500.0,3241.0872,3054.1014,100.0,56.81471996503517,0.2037257882085782,1.7602223432044704,0.21891509601279524,EMA20_EXIT,4.89341971,0.0,4.89341971,WIN,5627.7169654
v0.1.1,ETHUSDT,2026-01-12T01:00:00+00:00,2026-01-12T07:30:00+00:00,3127.95,3142.77,0.79924551,2500.0,3253.068,3065.391,100.0,56.87807659075694,0.3840747815531476,3.1400824509266325,0.05467404258074025,EMA20_EXIT,11.84481849,0.0,11.84481849,WIN,5639.56178389
v0.1.1,ETHUSDT,2026-01-12T16:30:00+00:00,2026-01-13T22:00:00+00:00,3132.31,3257.6024,0.79813301,2500.0,3257.6024,3069.6638,65.0,56.3875779159545,0.4779274805659946,1.4276392589062672,-0.0865796360841722,TAKE_PROFIT,100.0,0.0,100.0,WIN,5739.56178389
v0.1.1,ETHUSDT,2026-01-14T14:15:00+00:00,2026-01-14T17:45:00+00:00,3316.66,3342.41,0.75377036,2500.0,3449.3264,3250.3268,75.0,55.50254890215787,0.3132954215752379,1.915402637629693,0.0500119926928027,EMA20_EXIT,19.40958675,0.0,19.40958675,WIN,5758.97137065
v0.1.1,ETHUSDT,2026-01-15T13:00:00+00:00,2026-01-15T15:45:00+00:00,3361.0,3293.78,0.74382624,2500.0,3495.44,3293.78,100.0,57.5651233411756,0.3299837857061201,1.474309793731286,0.2997174150917365,STOP_LOSS,-50.0,0.0,-50.0,LOSS,5708.97137065
v0.1.1,ETHUSDT,2026-01-18T09:00:00+00:00,2026-01-18T13:00:00+00:00,3316.67,3319.99,0.75376809,2500.0,3449.3368,3250.3366,100.0,58.43870728533556,0.1355798933095545,1.3673246347815642,0.033737791556303895,EMA20_EXIT,2.50251005,0.0,2.50251005,WIN,5711.47388069
v0.1.1,ETHUSDT,2026-01-18T13:45:00+00:00,2026-01-18T20:00:00+00:00,3325.92,3343.73,0.75167172,2500.0,3458.9568,3259.4016,100.0,57.81324787560412,0.1554578494092618,1.5394420627831484,0.12252452393388168,EMA20_EXIT,13.3872733,0.0,13.3872733,WIN,5724.86115399
v0.1.1,ETHUSDT,2026-01-27T15:00:00+00:00,2026-01-28T02:00:00+00:00,2930.94,3012.24,0.85296867,2500.0,3048.1776,2872.3212,65.0,56.76661699189858,0.3978329111954223,2.315342881575267,-0.06305661232959577,EMA20_EXIT,69.34635305,0.0,69.34635305,WIN,5794.20750704
v0.1.1,ETHUSDT,2026-01-28T12:00:00+00:00,2026-01-29T02:30:00+00:00,3027.39,2966.8422,0.82579384,2500.0,3148.4856,2966.8422,100.0,57.85814794056589,0.3550997612251217,1.5181110470494852,0.3215791693402478,STOP_LOSS,-50.0,0.0,-50.0,LOSS,5744.20750704
v0.1.1,ETHUSDT,2026-02-07T04:30:00+00:00,2026-02-07T07:00:00+00:00,2080.53,2038.9194,1.2016169,2500.0,2163.7512,2038.9194,100.0,57.535704241663325,0.8580949774977045,1.391253102469378,1.1299154034151933,STOP_LOSS,-50.0,0.0,-50.0,LOSS,5694.20750704
v0.1.1,ETHUSDT,2026-02-07T13:30:00+00:00,2026-02-07T16:00:00+00:00,2033.32,2114.6528,1.22951626,2500.0,2114.6528,1992.6536,65.0,49.857296612056665,0.8345501041732376,2.3451971367892845,-0.18834923734563966,TAKE_PROFIT,100.0,0.0,100.0,WIN,5794.20750704
v0.1.1,ETHUSDT,2026-02-07T16:00:00+00:00,2026-02-07T22:45:00+00:00,2055.16,2088.58,1.2164503,2500.0,2137.3664,2014.0568,100.0,59.111615039666894,1.163134192970681,11.672028489822042,0.055896384646994306,EMA20_EXIT,40.65376905,0.0,40.65376905,WIN,5834.86127609
v0.1.1,ETHUSDT,2026-02-08T13:00:00+00:00,2026-02-08T16:45:00+00:00,2125.5,2082.99,1.17619384,2500.0,2210.52,2082.99,100.0,59.68961967613642,0.6483840791841818,1.702230734009289,0.6655990631606166,STOP_LOSS,-50.0,0.0,-50.0,LOSS,5784.86127609
v0.1.1,ETHUSDT,2026-02-08T23:00:00+00:00,2026-02-08T23:30:00+00:00,2119.17,2076.7866,1.17970715,2500.0,2203.9368,2076.7866,75.0,57.47924385901082,0.6539996854888191,5.651259592531193,0.04162469672858119,STOP_LOSS,-50.0,0.0,-50.0,LOSS,5734.86127609
v0.1.1,ETHUSDT,2026-02-21T10:00:00+00:00,2026-02-21T16:00:00+00:00,1971.97,1981.69,1.26776777,2500.0,2050.8488,1932.5306,100.0,59.83638182826854,0.2095165014205064,1.427131451349866,0.10808229402533599,EMA20_EXIT,12.32270268,0.0,12.32270268,WIN,5747.18397876
v0.1.1,ETHUSDT,2026-03-01T04:15:00+00:00,2026-03-01T13:15:00+00:00,2012.08,1971.8384,1.24249533,2500.0,2092.5632,1971.8384,100.0,58.26381630810631,0.8293247833193707,1.3641408691491936,1.6766560306251435,STOP_LOSS,-50.0,0.0,-50.0,LOSS,5697.18397876
v0.1.1,ETHUSDT,2026-03-01T14:30:00+00:00,2026-03-01T17:15:00+00:00,1998.64,1958.6672,1.25085058,2500.0,2078.5856,1958.6672,100.0,54.305859671482274,0.6737375394610335,1.6880098094950238,0.19806859440835883,STOP_LOSS,-50.0,0.0,-50.0,LOSS,5647.18397876
v0.1.1,ETHUSDT,2026-03-04T11:30:00+00:00,2026-03-04T15:15:00+00:00,2054.01,2136.1704,1.21713137,2500.0,2136.1704,2012.9298,100.0,58.59721938204726,0.6960082477543976,1.2627580662049023,1.5119499219349217,TAKE_PROFIT,100.0,0.0,100.0,WIN,5747.18397876
v0.1.1,ETHUSDT,2026-03-09T14:00:00+00:00,2026-03-09T17:45:00+00:00,2013.99,2016.94,1.24131699,2500.0,2094.5496,1973.7102,100.0,57.82400004998983,0.6257267632979538,2.2212968876690877,0.6637696756247519,EMA20_EXIT,3.66188511,0.0,3.66188511,WIN,5750.84586388
v0.1.1,ETHUSDT,2026-03-09T19:30:00+00:00,2026-03-09T23:45:00+00:00,2031.64,1991.0072,1.23053297,2500.0,2112.9056,1991.0072,100.0,56.24888277592189,0.702180694134783,1.9446648814999632,0.5497676320322598,STOP_LOSS,-50.0,0.0,-50.0,LOSS,5700.84586388
v0.1.1,ETHUSDT,2026-03-10T11:15:00+00:00,2026-03-10T14:00:00+00:00,2064.64,2023.3472,1.21086485,2500.0,2147.2256,2023.3472,100.0,59.06098975069083,0.4476255681345051,1.6723448305657742,0.6162548782536293,STOP_LOSS,-50.0,0.0,-50.0,LOSS,5650.84586388
v0.1.1,ETHUSDT,2026-03-10T15:00:00+00:00,2026-03-10T21:45:00+00:00,2068.48,2027.1104,1.20861696,2500.0,2151.2192,2027.1104,75.0,58.04843700061418,0.7366703327672112,2.8799255707616327,0.19285331853933022,STOP_LOSS,-50.0,0.0,-50.0,LOSS,5600.84586388
v0.1.1,ETHUSDT,2026-03-11T13:00:00+00:00,2026-03-11T15:30:00+00:00,2034.47,2039.79,1.22882127,2500.0,2115.8488,1993.7806,65.0,59.690389592595366,0.4305239245611745,1.3749719748668097,-0.11372979661551795,EMA20_EXIT,6.53732913,0.0,6.53732913,WIN,5607.38319301
v0.1.1,ETHUSDT,2026-03-11T17:30:00+00:00,2026-03-12T02:30:00+00:00,2070.0,2028.6,1.20772947,2500.0,2152.8,2028.6,100.0,59.65453135076017,0.7185331678235516,1.128036684824915,0.5944698149739456,STOP_LOSS,-50.0,0.0,-50.0,LOSS,5557.38319301
v0.1.1,ETHUSDT,2026-03-12T11:45:00+00:00,2026-03-13T00:30:00+00:00,2062.83,2145.3432,1.2119273,2500.0,2145.3432,2021.5734,100.0,58.79373424842712,0.4334297765475512,1.5356187757761157,0.328507836888992,TAKE_PROFIT,100.0,0.0,100.0,WIN,5657.38319301
v0.1.1,ETHUSDT,2026-03-16T14:15:00+00:00,2026-03-16T21:30:00+00:00,2281.11,2372.3544,1.09595767,2500.0,2372.3544,2235.4878,100.0,55.10041406894222,0.6915620324388918,1.1092488657335928,1.1776476783725622,TAKE_PROFIT,100.0,0.0,100.0,WIN,5757.38319301
v0.1.1,ETHUSDT,2026-03-17T00:15:00+00:00,2026-03-17T04:30:00+00:00,2354.04,2306.9592,1.06200404,2500.0,2448.2016,2306.9592,100.0,54.961221929291824,0.7776207878575384,1.8906480220922357,1.1695232752089957,STOP_LOSS,-50.0,0.0,-50.0,LOSS,5707.38319301
v0.1.1,ETHUSDT,2026-03-17T14:00:00+00:00,2026-03-18T11:30:00+00:00,2332.21,2285.5658,1.07194464,2500.0,2425.4984,2285.5658,100.0,56.332898490340725,0.542291872612781,2.2304036664930726,0.0054026683813780535,STOP_LOSS,-50.0,0.0,-50.0,LOSS,5657.38319301
v0.1.1,ETHUSDT,2026-03-24T08:15:00+00:00,2026-03-24T13:00:00+00:00,2154.94,2157.0,1.16012511,2500.0,2241.1376,2111.8412,100.0,56.2251791088397,0.4394550547739195,1.2675595213132207,0.2252709558640179,EMA20_EXIT,2.38985772,0.0,2.38985772,WIN,5659.77305073
v0.1.1,ETHUSDT,2026-03-25T13:30:00+00:00,2026-03-26T02:30:00+00:00,2188.89,2145.1122,1.1421314,2500.0,2276.4456,2145.1122,100.0,57.42084689781363,0.4641238141208552,2.0203677007198224,0.39334326443121054,STOP_LOSS,-50.0,0.0,-50.0,LOSS,5609.77305073
v0.1.1,ETHUSDT,2026-03-30T13:30:00+00:00,2026-03-30T19:00:00+00:00,2068.16,2026.7968,1.20880396,2500.0,2150.8864,2026.7968,100.0,59.14714222165421,0.3997824188827966,2.129723333303672,0.7385494783035381,STOP_LOSS,-50.0,0.0,-50.0,LOSS,5559.77305073
v0.1.1,ETHUSDT,2026-03-31T14:30:00+00:00,2026-03-31T22:15:00+00:00,2068.68,2096.96,1.20850011,2500.0,2151.4272,2027.3064,100.0,58.180737467851685,0.5858770973128486,1.2630569506404214,0.26389635740387385,EMA20_EXIT,34.17638301,0.0,34.17638301,WIN,5593.94943374
v0.1.1,ETHUSDT,2026-04-01T07:45:00+00:00,2026-04-01T10:00:00+00:00,2131.0,2131.08,1.17315814,2500.0,2216.24,2088.38,100.0,56.226395968623294,0.4707643070123253,1.159721878569226,0.770662697510921,EMA20_EXIT,0.09385265,0.0,0.09385265,WIN,5594.04328639
v0.1.1,ETHUSDT,2026-04-01T17:15:00+00:00,2026-04-01T23:00:00+00:00,2141.76,2142.1,1.16726431,2500.0,2227.4304,2098.9248,100.0,55.11086204759878,0.5682407217760507,1.2168084292182875,0.32000405139776583,EMA20_EXIT,0.39686986,0.0,0.39686986,WIN,5594.44015626
v0.1.1,ETHUSDT,2026-04-06T14:30:00+00:00,2026-04-06T23:00:00+00:00,2148.01,2105.0498,1.16386795,2500.0,2233.9304,2105.0498,100.0,53.15693260048688,0.4771356735113807,2.5465778636975416,0.5120794291330986,STOP_LOSS,-50.0,0.0,-50.0,LOSS,5544.44015626
v0.1.1,ETHUSDT,2026-04-07T10:00:00+00:00,2026-04-07T12:00:00+00:00,2117.37,2075.0226,1.18071003,2500.0,2202.0648,2075.0226,65.0,53.90454981027407,0.3438254893712741,1.5561068003086795,-0.05594926947107762,STOP_LOSS,-50.0,0.0,-50.0,LOSS,5494.44015626
v0.1.1,ETHUSDT,2026-04-08T13:15:00+00:00,2026-04-08T14:30:00+00:00,2260.63,2215.4174,1.10588641,2500.0,2351.0552,2215.4174,100.0,59.54856584937944,0.4086160575091545,1.3209318903777736,0.6954163706446032,STOP_LOSS,-50.0,0.0,-50.0,LOSS,5444.44015626
v0.1.1,ETHUSDT,2026-04-09T10:45:00+00:00,2026-04-09T21:15:00+00:00,2190.7,2209.86,1.14118775,2500.0,2278.328,2146.886,65.0,54.94132111508133,0.2872227633001412,2.4318932129044186,-0.10233793374524373,EMA20_EXIT,21.86515726,0.0,21.86515726,WIN,5466.30531351
v0.1.1,ETHUSDT,2026-04-11T15:30:00+00:00,2026-04-11T23:00:00+00:00,2246.59,2283.92,1.11279762,2500.0,2336.4536,2201.6582,100.0,58.12209075783796,0.2078157162350253,1.1644256751123676,0.07723832556085293,EMA20_EXIT,41.54073507,0.0,41.54073507,WIN,5507.84604858
v0.1.1,ETHUSDT,2026-04-14T14:00:00+00:00,2026-04-14T15:00:00+00:00,2383.14,2335.4772,1.04903615,2500.0,2478.4656,2335.4772,100.0,55.06896919902835,0.3791834711837685,1.854268787798731,0.5914237755482272,STOP_LOSS,-50.0,0.0,-50.0,LOSS,5457.84604858
v0.1.1,ETHUSDT,2026-04-15T14:15:00+00:00,2026-04-15T21:00:00+00:00,2339.99,2353.78,1.06838063,2500.0,2433.5896,2293.1902,100.0,59.51122410106901,0.3792822644146653,2.65430583583888,0.056056544596625985,EMA20_EXIT,14.73296894,0.0,14.73296894,WIN,5472.57901753
v0.1.1,ETHUSDT,2026-04-15T22:30:00+00:00,2026-04-16T13:45:00+00:00,2369.36,2321.9728,1.05513725,2500.0,2464.1344,2321.9728,100.0,59.41657439930425,0.4580873604546486,1.3063609918519037,0.4542699425182818,STOP_LOSS,-50.0,0.0,-50.0,LOSS,5422.57901753
v0.1.1,ETHUSDT,2026-04-17T10:00:00+00:00,2026-04-17T14:30:00+00:00,2353.59,2447.7336,1.0622071,2500.0,2447.7336,2306.5182,100.0,58.291633466553016,0.4135784825224697,1.36918478693572,0.22831309567178742,TAKE_PROFIT,100.0,0.0,100.0,WIN,5522.57901753
v0.1.1,ETHUSDT,2026-04-26T23:45:00+00:00,2026-04-27T04:45:00+00:00,2369.44,2382.84,1.05510163,2500.0,2464.2176,2322.0512,100.0,59.165246544633234,0.3600641775383274,1.4459250696515362,0.3882938957318535,EMA20_EXIT,14.13836181,0.0,14.13836181,WIN,5536.71737933
v0.1.1,ETHUSDT,2026-04-29T10:30:00+00:00,2026-04-29T15:00:00+00:00,2332.01,2285.3698,1.07203657,2500.0,2425.2904,2285.3698,100.0,56.625512083551925,0.3015011356844627,1.256097239467964,0.5464741462750408,STOP_LOSS,-50.0,0.0,-50.0,LOSS,5486.71737933
v0.1.1,ETHUSDT,2026-05-01T14:30:00+00:00,2026-05-02T17:15:00+00:00,2306.25,2307.28,1.08401084,2500.0,2398.5,2260.125,100.0,59.44743100266571,0.3511829087375394,1.6971239175470774,0.5044548170409812,EMA20_EXIT,1.11653117,0.0,1.11653117,WIN,5487.8339105
v0.1.1,ETHUSDT,2026-05-02T22:15:00+00:00,2026-05-03T20:45:00+00:00,2318.54,2329.58,1.07826477,2500.0,2411.2816,2272.1692,100.0,58.50786556644084,0.1982136333206814,1.8612157619187881,0.19894251236111013,EMA20_EXIT,11.90404306,0.0,11.90404306,WIN,5499.73795356
v0.1.1,ETHUSDT,2026-05-03T22:15:00+00:00,2026-05-04T06:15:00+00:00,2338.66,2362.06,1.06898822,2500.0,2432.2064,2291.8868,100.0,56.14383609541566,0.3784185113210788,3.0889610721705996,0.2123195129047981,EMA20_EXIT,25.01432444,0.0,25.01432444,WIN,5524.752278
v0.1.1,ETHUSDT,2026-05-04T15:45:00+00:00,2026-05-04T19:15:00+00:00,2350.1,2357.02,1.06378452,2500.0,2444.104,2303.098,65.0,50.45046555277511,0.5595172382321373,1.4015169724869716,-0.030408132323399513,EMA20_EXIT,7.36138888,0.0,7.36138888,WIN,5532.11366688
v0.1.1,ETHUSDT,2026-05-05T02:45:00+00:00,2026-05-05T06:15:00+00:00,2367.72,2371.2,1.05586809,2500.0,2462.4288,2320.3656,100.0,58.23188973394998,0.3102557506871218,1.8830347368388878,0.1384172555849454,EMA20_EXIT,3.67442096,0.0,3.67442096,WIN,5535.78808784
v0.1.1,ETHUSDT,2026-05-05T15:15:00+00:00,2026-05-06T13:00:00+00:00,2385.04,2389.72,1.04820045,2500.0,2480.4416,2337.3392,100.0,54.17825116170294,0.3712158599918382,1.166066141812889,0.19326990916242057,EMA20_EXIT,4.9055781,0.0,4.9055781,WIN,5540.69366594
v0.1.1,ETHUSDT,2026-05-09T16:15:00+00:00,2026-05-09T23:00:00+00:00,2319.9,2328.25,1.07763266,2500.0,2412.696,2273.502,100.0,59.9535335503708,0.1936508789170444,1.9513786940205753,0.03090525334551317,EMA20_EXIT,8.99823268,0.0,8.99823268,WIN,5549.69189863
v0.1.1,ETHUSDT,2026-05-10T04:00:00+00:00,2026-05-10T07:00:00+00:00,2327.37,2327.55,1.07417385,2500.0,2420.4648,2280.8226,100.0,52.57989289435829,0.1643687586178525,1.3087865855878265,0.05902428438479418,EMA20_EXIT,0.19335129,0.0,0.19335129,WIN,5549.88524992
v0.1.1,ETHUSDT,2026-05-10T13:45:00+00:00,2026-05-10T20:15:00+00:00,2329.8,2353.55,1.07305348,2500.0,2422.992,2283.204,100.0,59.69929834973555,0.1360033303131085,1.3876833369111172,0.005306800623418428,EMA20_EXIT,25.48502017,0.0,25.48502017,WIN,5575.37027009
v0.1.1,ETHUSDT,2026-05-21T08:15:00+00:00,2026-05-22T18:45:00+00:00,2141.48,2098.6504,1.16741693,2500.0,2227.1392,2098.6504,75.0,55.1905416485284,0.2551611024896779,1.4191726563903444,0.02256587392445794,STOP_LOSS,-50.0,0.0,-50.0,LOSS,5525.37027009
v0.1.1,ETHUSDT,2026-05-25T15:15:00+00:00,2026-05-25T18:45:00+00:00,2125.04,2126.85,1.17644844,2500.0,2210.0416,2082.5392,100.0,59.24103744012685,0.2433365065089873,1.2058410711191438,0.2698313631648474,EMA20_EXIT,2.12937168,0.0,2.12937168,WIN,5527.49964178
v0.1.1,ETHUSDT,2026-05-26T12:00:00+00:00,2026-05-26T16:00:00+00:00,2117.75,2075.395,1.18049817,2500.0,2202.46,2075.395,100.0,58.51531174733791,0.3194959330872283,2.4319199133791685,0.22508778727649398,STOP_LOSS,-50.0,0.0,-50.0,LOSS,5477.49964178
v0.1.1,ETHUSDT,2026-05-30T15:45:00+00:00,2026-05-31T05:30:00+00:00,2026.61,2030.56,1.23358712,2500.0,2107.6744,1986.0778,100.0,59.16424764230477,0.1767017044262257,1.4910875414144251,0.15831827265512283,EMA20_EXIT,4.87266914,0.0,4.87266914,WIN,5482.37231091
v0.1.1,ETHUSDT,2026-06-08T13:30:00+00:00,2026-06-08T17:15:00+00:00,1682.95,1686.67,1.48548679,2500.0,1750.268,1649.291,100.0,53.50711953863939,0.6347414115113785,2.923367561685457,0.48304550127094203,EMA20_EXIT,5.52601087,0.0,5.52601087,WIN,5487.89832179
v0.1.1,ETHUSDT,2026-06-11T12:00:00+00:00,2026-06-11T20:15:00+00:00,1661.37,1670.64,1.5047822,2500.0,1727.8248,1628.1426,100.0,56.398929582157336,0.330371619633726,1.8484399528202284,0.4414389338706851,EMA20_EXIT,13.94933097,0.0,13.94933097,WIN,5501.84765276
v0.1.1,ETHUSDT,2026-06-12T15:15:00+00:00,2026-06-15T04:30:00+00:00,1682.54,1717.27,1.48584878,2500.0,1749.8416,1648.8892,100.0,59.34913634692031,0.4603730952860436,2.2702460646490734,0.10609915250541198,EMA20_EXIT,51.603528,0.0,51.603528,WIN,5553.45118076
v0.1.1,ETHUSDT,2026-06-15T10:15:00+00:00,2026-06-15T13:00:00+00:00,1724.64,1793.6256,1.44957788,2500.0,1793.6256,1690.1472,100.0,58.56802239653968,0.2808164523863887,3.0930857548620105,0.35588163469190004,TAKE_PROFIT,100.0,0.0,100.0,WIN,5653.45118076
v0.1.1,ETHUSDT,2026-06-16T09:15:00+00:00,2026-06-16T13:45:00+00:00,1791.02,1797.88,1.39585264,2500.0,1862.6608,1755.1996,65.0,58.923660511430526,0.4291100084360588,1.2370918566169644,-0.10154710149278101,EMA20_EXIT,9.57554913,0.0,9.57554913,WIN,5663.02672989
v0.1.1,ETHUSDT,2026-06-22T03:00:00+00:00,2026-06-22T04:30:00+00:00,1731.61,1731.95,1.44374311,2500.0,1800.8744,1696.9778,100.0,51.52514181653631,0.4881740416612703,1.157972841028305,0.17993591792897917,EMA20_EXIT,0.49087266,0.0,0.49087266,WIN,5663.51760254
v0.1.1,ETHUSDT,2026-07-03T01:15:00+00:00,2026-07-03T14:00:00+00:00,1708.68,1734.26,1.46311773,2500.0,1777.0272,1674.5064,100.0,59.37882357281672,0.4055557850417492,1.8825931238894533,0.5477280836191963,EMA20_EXIT,37.42655149,0.0,37.42655149,WIN,5700.94415403
v0.1.1,ETHUSDT,2026-07-04T13:30:00+00:00,2026-07-04T20:15:00+00:00,1763.73,1784.73,1.41745052,2500.0,1834.2792,1728.4554,100.0,56.947215161858814,0.252880465163938,1.624957288024466,0.20975300282761977,EMA20_EXIT,29.76646085,0.0,29.76646085,WIN,5730.71061489
v0.1.1,ETHUSDT,2026-07-05T16:45:00+00:00,2026-07-05T20:15:00+00:00,1773.0,1777.48,1.41003948,2500.0,1843.92,1737.54,100.0,58.82943299144536,0.2618012428339628,1.4067276835622395,0.08623988320670686,EMA20_EXIT,6.31697688,0.0,6.31697688,WIN,5737.02759176
v0.1.1,ETHUSDT,2026-07-05T22:30:00+00:00,2026-07-06T12:00:00+00:00,1789.72,1753.9256,1.39686655,2500.0,1861.3088,1753.9256,100.0,59.16972763113012,0.4072138368035646,3.808040984551986,0.3360494640811899,STOP_LOSS,-50.0,0.0,-50.0,LOSS,5687.02759176
v0.1.1,ETHUSDT,2026-07-07T15:00:00+00:00,2026-07-07T18:45:00+00:00,1785.95,1786.6,1.39981522,2500.0,1857.388,1750.231,65.0,57.496653001090046,0.5250994567011553,1.1636701507419591,-0.04342177492046546,EMA20_EXIT,0.9098799,0.0,0.9098799,WIN,5687.93747166
v0.1.1,BTCUSDT,2025-07-14T00:45:00+00:00,2025-07-14T09:45:00+00:00,119061.4,121973.74,0.02099757,2500.0,123823.856,116680.172,100.0,54.8642974406468,0.2466963158490437,1.1737330286025607,0.16189911162192983,EMA20_EXIT,61.15206104,0.0,61.15206104,WIN,5061.15206104
v0.1.1,BTCUSDT,2025-07-14T12:45:00+00:00,2025-07-14T16:00:00+00:00,121918.0,119479.64,0.02050559,2500.0,126794.72,119479.64,100.0,53.88495494301945,0.2507047653247514,1.243841483460714,0.44627196133620395,STOP_LOSS,-50.0,0.0,-50.0,LOSS,5011.15206104
v0.1.1,BTCUSDT,2025-07-21T14:00:00+00:00,2025-07-22T01:15:00+00:00,118662.45,116289.201,0.02106816,2500.0,123408.948,116289.201,75.0,53.11095888170751,0.2754291223010882,1.5098118827872695,0.04014740861196907,STOP_LOSS,-50.0,0.0,-50.0,LOSS,4961.15206104
v0.1.1,BTCUSDT,2025-07-27T23:00:00+00:00,2025-07-28T00:30:00+00:00,119227.99,119252.7,0.02096823,2500.0,123997.1096,116843.4302,100.0,53.2962655051636,0.191103729401808,1.6653362685888626,0.2685655097214478,EMA20_EXIT,0.51812498,0.0,0.51812498,WIN,4961.67018602
v0.1.1,BTCUSDT,2025-08-04T08:45:00+00:00,2025-08-04T15:30:00+00:00,114546.25,114718.28,0.02182525,2500.0,119128.1,112255.325,100.0,52.46247633617083,0.1515977349476529,1.2887137593675224,0.07107178956644457,EMA20_EXIT,3.75459694,0.0,3.75459694,WIN,4965.42478296
v0.1.1,BTCUSDT,2025-08-08T14:00:00+00:00,2025-08-09T11:45:00+00:00,116763.59,117110.0,0.02141078,2500.0,121434.1336,114428.3182,65.0,52.35977572401642,0.1791941852607678,3.4218392790303787,-0.009160036363301732,EMA20_EXIT,7.41690967,0.0,7.41690967,WIN,4972.84169263
v0.1.1,BTCUSDT,2025-08-13T13:30:00+00:00,2025-08-13T15:15:00+00:00,120344.02,120571.61,0.02077378,2500.0,125157.7808,117937.1396,100.0,53.043109560894656,0.2227079420030186,1.66320873825246,0.25814798817471185,EMA20_EXIT,4.72790422,0.0,4.72790422,WIN,4977.56959685
v0.1.1,BTCUSDT,2025-09-02T22:00:00+00:00,2025-09-03T01:00:00+00:00,111119.99,111220.97,0.0224982,2500.0,115564.7896,108897.5902,100.0,54.79190697741369,0.2787290773545942,1.3755630422104783,0.2984542266248475,EMA20_EXIT,2.27186845,0.0,2.27186845,WIN,4979.84146531
v0.1.1,BTCUSDT,2025-09-03T13:45:00+00:00,2025-09-03T16:30:00+00:00,111475.07,111733.64,0.02242654,2500.0,115934.0728,109245.5686,100.0,54.9320883255391,0.250234294667453,3.3196170776639327,0.1406287112769246,EMA20_EXIT,5.79883018,0.0,5.79883018,WIN,4985.64029548
v0.1.1,BTCUSDT,2025-09-05T21:00:00+00:00,2025-09-08T13:45:00+00:00,111318.83,111906.55,0.02245802,2500.0,115771.5832,109092.4534,65.0,49.62799180941808,0.2768203925471357,1.1583417397578604,-0.10973913982191533,EMA20_EXIT,13.19902482,0.0,13.19902482,WIN,4998.8393203
v0.1.1,BTCUSDT,2025-09-09T13:15:00+00:00,2025-09-10T17:15:00+00:00,112809.3,113482.01,0.02216129,2500.0,117321.672,110553.114,100.0,54.64322670250117,0.1853283894077803,1.2014629786083229,0.1692686322482317,EMA20_EXIT,14.90812371,0.0,14.90812371,WIN,5013.74744401
v0.1.1,BTCUSDT,2025-09-10T20:00:00+00:00,2025-09-11T00:30:00+00:00,113675.31,113756.98,0.02199246,2500.0,118222.3224,111401.8038,100.0,54.78715273842568,0.2462037700538773,1.9602822503984774,0.3150644661409418,EMA20_EXIT,1.79612442,0.0,1.79612442,WIN,5015.54356843
v0.1.1,BTCUSDT,2025-09-16T08:15:00+00:00,2025-09-17T00:00:00+00:00,115755.28,116622.04,0.02159729,2500.0,120385.4912,113440.1744,100.0,54.74224922093223,0.1623968553922788,1.1796367481227754,0.17948944810405354,EMA20_EXIT,18.71966445,0.0,18.71966445,WIN,5034.26323288
v0.1.1,BTCUSDT,2025-09-18T15:00:00+00:00,2025-09-18T17:30:00+00:00,117410.47,117483.32,0.02129282,2500.0,122106.8888,115062.2606,100.0,52.338350571816,0.1896484167228816,1.278110422658515,0.17841899454744523,EMA20_EXIT,1.55118193,0.0,1.55118193,WIN,5035.81441482
v0.1.1,BTCUSDT,2025-09-29T10:30:00+00:00,2025-09-29T22:30:00+00:00,112045.96,114050.44,0.02231227,2500.0,116527.7984,109805.0408,100.0,54.27923942036132,0.1432529517796094,1.791187084021948,0.26217539539840756,EMA20_EXIT,44.72450412,0.0,44.72450412,WIN,5080.53891894
v0.1.1,BTCUSDT,2025-09-30T00:15:00+00:00,2025-09-30T03:15:00+00:00,114170.71,114326.07,0.02189703,2500.0,118737.5384,111887.2958,100.0,54.58971492809864,0.1537082492420991,1.748824964737227,0.3845985444662198,EMA20_EXIT,3.40192331,0.0,3.40192331,WIN,5083.94084225
v0.1.1,BTCUSDT,2025-10-01T02:45:00+00:00,2025-10-01T04:45:00+00:00,114272.15,114289.01,0.0218776,2500.0,118843.036,111986.707,100.0,54.4195147638216,0.1786216605505746,1.7779259190473549,0.21414386468514177,EMA20_EXIT,0.36885628,0.0,0.36885628,WIN,5084.30969853
v0.1.1,BTCUSDT,2025-10-01T07:30:00+00:00,2025-10-01T17:30:00+00:00,114537.35,117148.77,0.02182694,2500.0,119118.844,112246.603,100.0,54.63752386438534,0.188785500755156,1.3234075643030545,0.17094924986775442,EMA20_EXIT,56.99931071,0.0,56.99931071,WIN,5141.30900924
v0.1.1,BTCUSDT,2025-10-06T00:45:00+00:00,2025-10-06T04:30:00+00:00,123347.29,123718.49,0.02026798,2500.0,128281.1816,120880.3442,100.0,54.83228389603298,0.2485025980295278,2.41991708170572,0.06130506466307345,EMA20_EXIT,7.52347295,0.0,7.52347295,WIN,5148.83248219
v0.1.1,BTCUSDT,2025-10-20T15:00:00+00:00,2025-10-21T04:00:00+00:00,111034.91,108814.2118,0.02251544,2500.0,115476.3064,108814.2118,100.0,53.24473165601776,0.2782553619403495,2.2069916689088633,0.36551746675621516,STOP_LOSS,-50.0,0.0,-50.0,LOSS,5098.83248219
v0.1.1,BTCUSDT,2025-11-10T14:00:00+00:00,2025-11-11T13:15:00+00:00,106244.37,104119.4826,0.02353066,2500.0,110494.1448,104119.4826,100.0,52.279977386456885,0.2414300476325915,1.90432380300337,0.2535720928808999,STOP_LOSS,-50.0,0.0,-50.0,LOSS,5048.83248219
v0.1.1,BTCUSDT,2025-11-28T14:30:00+00:00,2025-11-29T18:00:00+00:00,92010.5,90170.29,0.02717081,2500.0,95690.92,90170.29,100.0,54.85000797450297,0.3988659124002277,3.3015422584479444,0.26471144751758025,STOP_LOSS,-50.0,0.0,-50.0,LOSS,4998.83248219
v0.1.1,BTCUSDT,2025-12-03T20:45:00+00:00,2025-12-04T00:30:00+00:00,92980.43,93048.33,0.02688738,2500.0,96699.6472,91120.8214,100.0,52.507501210196565,0.4393606407677596,1.1821312193831668,0.13243022158987539,EMA20_EXIT,1.82565299,0.0,1.82565299,WIN,5000.65813518
v0.1.1,BTCUSDT,2025-12-04T01:15:00+00:00,2025-12-04T03:30:00+00:00,93384.29,93477.55,0.0267711,2500.0,97119.6616,91516.6042,100.0,52.68257156594693,0.4360905967551267,1.6482525041360212,0.21964156772376636,EMA20_EXIT,2.49667262,0.0,2.49667262,WIN,5003.1548078
v0.1.1,BTCUSDT,2025-12-08T23:00:00+00:00,2025-12-09T16:45:00+00:00,90812.75,94445.26,0.02752917,2500.0,94445.26,88996.495,65.0,52.61775623309666,0.3709837191757885,1.1985499597160747,-0.05882662456262565,TAKE_PROFIT,100.0,0.0,100.0,WIN,5103.1548078
v0.1.1,BTCUSDT,2025-12-10T19:15:00+00:00,2025-12-10T21:30:00+00:00,92467.72,92477.19,0.02703646,2500.0,96166.4288,90618.3656,100.0,52.74283489258741,0.5071874606941249,1.485483847370969,0.041495722124356905,EMA20_EXIT,0.2560353,0.0,0.2560353,WIN,5103.41084309
v0.1.1,BTCUSDT,2025-12-18T14:30:00+00:00,2025-12-18T16:45:00+00:00,87826.78,88014.0,0.02846512,2500.0,91339.8512,86070.2444,100.0,53.7878673727217,0.5703928941972856,2.698298151585043,0.5292394468367317,EMA20_EXIT,5.32924012,0.0,5.32924012,WIN,5108.74008322
v0.1.1,BTCUSDT,2025-12-19T14:45:00+00:00,2025-12-20T07:15:00+00:00,88180.01,88230.0,0.0283511,2500.0,91707.2104,86416.4098,100.0,54.92337873814902,0.4058544681927804,2.135052248286809,0.4887727342032743,EMA20_EXIT,1.41727133,0.0,1.41727133,WIN,5110.15735455
v0.1.1,BTCUSDT,2025-12-21T22:15:00+00:00,2025-12-22T01:45:00+00:00,88357.8,88626.31,0.02829405,2500.0,91892.112,86590.644,100.0,52.922261639752286,0.1906856591391293,1.3296079936955791,0.006938461799193668,EMA20_EXIT,7.59723533,0.0,7.59723533,WIN,5117.75458988
v0.1.1,BTCUSDT,2025-12-28T10:30:00+00:00,2025-12-28T16:00:00+00:00,87853.96,87860.0,0.02845632,2500.0,91368.1184,86096.8808,100.0,54.57880917412144,0.1017739957325443,2.7120354020230155,0.06484299198718793,EMA20_EXIT,0.17187615,0.0,0.17187615,WIN,5117.92646603
v0.1.1,BTCUSDT,2026-01-02T07:45:00+00:00,2026-01-02T13:45:00+00:00,88857.61,89348.68,0.0281349,2500.0,92411.9144,87080.4578,100.0,54.06426032695664,0.1639617081993814,1.787579312708841,0.19271086028048673,EMA20_EXIT,13.8162055,0.0,13.8162055,WIN,5131.74267153
v0.1.1,BTCUSDT,2026-01-02T15:45:00+00:00,2026-01-02T18:45:00+00:00,89418.11,89773.1,0.02795854,2500.0,92994.8344,87629.7478,100.0,51.59531781996923,0.4480694394771279,1.3900750616917323,0.20268539412876713,EMA20_EXIT,9.92500289,0.0,9.92500289,WIN,5141.66767441
v0.1.1,BTCUSDT,2026-01-03T04:00:00+00:00,2026-01-04T06:30:00+00:00,90252.0,91286.23,0.02770022,2500.0,93862.08,88446.96,100.0,54.43483590156474,0.1777658125706209,1.3068835402743315,0.1970138633766736,EMA20_EXIT,28.6483956,0.0,28.6483956,WIN,5170.31607002
v0.1.1,BTCUSDT,2026-01-05T07:30:00+00:00,2026-01-05T12:30:00+00:00,92547.4,92816.91,0.02701318,2500.0,96249.296,90696.452,100.0,52.87163381099952,0.2108299854551492,1.6644726310395703,0.3182750355992885,EMA20_EXIT,7.28032338,0.0,7.28032338,WIN,5177.5963934
v0.1.1,BTCUSDT,2026-01-06T14:45:00+00:00,2026-01-06T17:45:00+00:00,93836.81,91960.0738,0.026642,2500.0,97590.2824,91960.0738,100.0,51.38322142842923,0.2348792482046778,3.034603245309014,0.0961119291634305,STOP_LOSS,-50.0,0.0,-50.0,LOSS,5127.5963934
v0.1.1,BTCUSDT,2026-01-11T15:00:00+00:00,2026-01-11T18:15:00+00:00,90907.03,90930.81,0.02750062,2500.0,94543.3112,89088.8894,100.0,53.58823449630285,0.1056428649402181,3.540799993929236,0.09861790248686979,EMA20_EXIT,0.65396483,0.0,0.65396483,WIN,5128.25035822
v0.1.1,BTCUSDT,2026-01-12T00:30:00+00:00,2026-01-12T06:45:00+00:00,90826.61,91836.34,0.02752497,2500.0,94459.6744,89010.0778,100.0,50.49219161447683,0.238118471646101,1.2167268969392264,0.009164551790535377,EMA20_EXIT,27.79279112,0.0,27.79279112,WIN,5156.04314934
v0.1.1,BTCUSDT,2026-01-13T01:00:00+00:00,2026-01-13T10:30:00+00:00,91478.37,92053.71,0.02732886,2500.0,95137.5048,89648.8026,75.0,52.75899262881001,0.2402250055324696,1.2343169129375418,0.013139115369417172,EMA20_EXIT,15.72338904,0.0,15.72338904,WIN,5171.76653838
v0.1.1,BTCUSDT,2026-01-15T17:45:00+00:00,2026-01-16T15:15:00+00:00,96636.35,94703.623,0.02587018,2500.0,100501.804,94703.623,100.0,50.72221359754095,0.45019686014205,1.8837552505739121,0.008907106931785164,STOP_LOSS,-50.0,0.0,-50.0,LOSS,5121.76653838
v0.1.1,BTCUSDT,2026-01-28T18:00:00+00:00,2026-01-29T02:45:00+00:00,89816.5,88020.17,0.02783453,2500.0,93409.16,88020.17,100.0,52.5672702493756,0.4303128335286584,1.55842076675789,0.1802185594031641,STOP_LOSS,-50.0,0.0,-50.0,LOSS,5071.76653838
v0.1.1,BTCUSDT,2026-03-02T05:45:00+00:00,2026-03-02T13:45:00+00:00,66730.78,65396.1644,0.03746397,2500.0,69400.0112,65396.1644,100.0,54.44134313832738,0.4965804028864491,1.2112100350947417,0.2882239407711946,STOP_LOSS,-50.0,0.0,-50.0,LOSS,5021.76653838
v0.1.1,BTCUSDT,2026-03-03T16:30:00+00:00,2026-03-03T20:00:00+00:00,67726.29,68156.11,0.03691329,2500.0,70435.3416,66371.7642,65.0,53.58838757669496,0.8379975536404953,1.8342791642286456,-0.12883727237244424,EMA20_EXIT,15.86606914,0.0,15.86606914,WIN,5037.63260752
v0.1.1,BTCUSDT,2026-03-04T01:45:00+00:00,2026-03-04T08:45:00+00:00,68405.0,71141.2,0.03654704,2500.0,71141.2,67036.9,100.0,52.933490958686434,0.534177182409428,1.7387183060748792,0.22818986823959048,TAKE_PROFIT,100.0,0.0,100.0,WIN,5137.63260752
v0.1.1,BTCUSDT,2026-03-10T01:30:00+00:00,2026-03-10T11:30:00+00:00,68982.86,70589.01,0.03624089,2500.0,71742.1744,67603.2028,100.0,54.84608153629982,0.3892184831461255,1.6772481531451604,0.2727355609441264,EMA20_EXIT,58.20829986,0.0,58.20829986,WIN,5195.84090738
v0.1.1,BTCUSDT,2026-03-11T15:00:00+00:00,2026-03-11T19:00:00+00:00,70147.69,70473.38,0.03563909,2500.0,72953.5976,68744.7362,100.0,53.95875366562456,0.636625025909893,1.2266085185286029,0.19858644943315018,EMA20_EXIT,11.60729598,0.0,11.60729598,WIN,5207.44820336
v0.1.1,BTCUSDT,2026-03-12T20:15:00+00:00,2026-03-13T03:15:00+00:00,70307.03,71093.82,0.03555832,2500.0,73119.3112,68900.8894,100.0,53.62219916531176,0.4094939630792542,1.3201014386001269,0.09606124710161981,EMA20_EXIT,27.97693204,0.0,27.97693204,WIN,5235.4251354
v0.1.1,BTCUSDT,2026-03-15T22:00:00+00:00,2026-03-16T07:30:00+00:00,71796.79,73484.86,0.0348205,2500.0,74668.6616,70360.8542,100.0,53.75268077981387,0.3025121072926774,2.6586284875652995,0.13930949322490485,EMA20_EXIT,58.77943847,0.0,58.77943847,WIN,5294.20457387
v0.1.1,BTCUSDT,2026-03-16T11:45:00+00:00,2026-03-16T14:15:00+00:00,73552.77,73618.49,0.0339892,2500.0,76494.8808,72081.7146,100.0,53.5357797781444,0.347318848135122,1.2630309150918175,0.37979229821040444,EMA20_EXIT,2.23377039,0.0,2.23377039,WIN,5296.43834426
v0.1.1,BTCUSDT,2026-03-16T23:00:00+00:00,2026-03-17T03:00:00+00:00,74392.5,74943.79,0.03360554,2500.0,77368.2,72904.65,100.0,53.77819516138412,0.4300579211116444,2.032452716128378,0.46110550862841126,EMA20_EXIT,18.52639715,0.0,18.52639715,WIN,5314.96474141
v0.1.1,BTCUSDT,2026-03-24T00:00:00+00:00,2026-03-24T12:30:00+00:00,70786.55,70900.0,0.03531744,2500.0,73618.012,69370.819,100.0,50.98531329227896,0.3504577941907151,2.5258066848162155,0.37501158623613357,EMA20_EXIT,4.006764,0.0,4.006764,WIN,5318.97150541
v0.1.1,BTCUSDT,2026-03-30T13:30:00+00:00,2026-03-30T19:00:00+00:00,67714.36,66360.0728,0.03691979,2500.0,70422.9344,66360.0728,100.0,54.48632055234642,0.2894387948395883,2.1276997166303646,0.39928049120059916,STOP_LOSS,-50.0,0.0,-50.0,LOSS,5268.97150541
v0.1.1,BTCUSDT,2026-04-05T22:15:00+00:00,2026-04-06T06:15:00+00:00,67436.61,68844.9,0.03707185,2500.0,70134.0744,66087.8778,100.0,53.00258819883802,0.2400504258040381,1.4271151368341946,0.21617220866633435,EMA20_EXIT,52.20791792,0.0,52.20791792,WIN,5321.17942333
v0.1.1,BTCUSDT,2026-04-06T16:45:00+00:00,2026-04-06T23:00:00+00:00,69799.14,68403.1572,0.03581706,2500.0,72591.1056,68403.1572,100.0,54.21860757209784,0.3743925741526305,2.2652016726481996,0.41563251229266607,STOP_LOSS,-50.0,0.0,-50.0,LOSS,5271.17942333
v0.1.1,BTCUSDT,2026-04-10T21:30:00+00:00,2026-04-11T20:45:00+00:00,73064.01,73290.43,0.03421657,2500.0,75986.5704,71602.7298,100.0,53.62819519144119,0.3167510876225847,1.8581274589085361,0.4330986486892868,EMA20_EXIT,7.74731636,0.0,7.74731636,WIN,5278.92673969
v0.1.1,BTCUSDT,2026-04-14T14:45:00+00:00,2026-04-16T13:45:00+00:00,75013.62,73513.3476,0.03332728,2500.0,78014.1648,73513.3476,100.0,54.99812779763763,0.3801480623021137,1.3071555320558748,0.4957620478559666,STOP_LOSS,-50.0,0.0,-50.0,LOSS,5228.92673969
v0.1.1,BTCUSDT,2026-04-17T22:00:00+00:00,2026-04-18T11:30:00+00:00,77415.46,75867.1508,0.03229329,2500.0,80512.0784,75867.1508,100.0,54.02518663189127,0.3229282941480323,1.2971913841862197,0.5517773073832691,STOP_LOSS,-50.0,0.0,-50.0,LOSS,5178.92673969
v0.1.1,BTCUSDT,2026-04-23T16:45:00+00:00,2026-04-24T01:00:00+00:00,78103.72,78156.01,0.03200872,2500.0,81227.8688,76541.6456,100.0,53.98809212295456,0.3266000001029974,1.1821636142547114,0.09698204498262543,EMA20_EXIT,1.6737359,0.0,1.6737359,WIN,5180.60047559
v0.1.1,BTCUSDT,2026-04-24T13:45:00+00:00,2026-04-26T23:15:00+00:00,78093.79,78154.16,0.03201279,2500.0,81217.5416,76531.9142,100.0,52.802432092903565,0.2638684570161727,1.1585387341054079,0.12674836921679591,EMA20_EXIT,1.93261206,0.0,1.93261206,WIN,5182.53308765
v0.1.1,BTCUSDT,2026-05-11T00:15:00+00:00,2026-05-11T21:00:00+00:00,81679.99,81731.13,0.03060725,2500.0,84947.1896,80046.3902,100.0,52.87763950847897,0.3904204734622993,1.558938392032285,0.3567690542530954,EMA20_EXIT,1.56525484,0.0,1.56525484,WIN,5184.09834249
v0.1.1,BTCUSDT,2026-05-15T00:15:00+00:00,2026-05-15T13:30:00+00:00,81460.0,79830.8,0.03068991,2500.0,84718.4,79830.8,100.0,54.712858691255455,0.2488478582136518,1.2080018253891434,0.37313207281648697,STOP_LOSS,-50.0,0.0,-50.0,LOSS,5134.09834249
v0.1.1,BTCUSDT,2026-05-20T14:30:00+00:00,2026-05-20T18:45:00+00:00,77395.75,77415.09,0.03230152,2500.0,80491.58,75847.835,75.0,51.76349425499572,0.2551862059772336,1.5663443084793696,0.13083678703886037,EMA20_EXIT,0.62471131,0.0,0.62471131,WIN,5134.72305379
v0.1.1,BTCUSDT,2026-05-21T08:30:00+00:00,2026-05-22T18:45:00+00:00,77926.99,76368.4502,0.03208131,2500.0,81044.0696,76368.4502,100.0,53.80419998840192,0.1974886804714048,1.4595665158950268,0.1049122439785875,STOP_LOSS,-50.0,0.0,-50.0,LOSS,5084.72305379
v0.1.1,BTCUSDT,2026-05-24T03:30:00+00:00,2026-05-24T07:45:00+00:00,76757.39,76799.99,0.03257015,2500.0,79827.6856,75222.2422,100.0,54.04234392040122,0.2094253894837751,1.204295676261519,0.4724960411834429,EMA20_EXIT,1.38748855,0.0,1.38748855,WIN,5086.11054235
v0.1.1,BTCUSDT,2026-05-25T08:00:00+00:00,2026-05-25T11:15:00+00:00,77293.45,77416.44,0.03234427,2500.0,80385.188,75747.581,100.0,52.25970544285887,0.2015682693835151,1.2399143919285196,0.20389651478421633,EMA20_EXIT,3.97802142,0.0,3.97802142,WIN,5090.08856377
v0.1.1,BTCUSDT,2026-06-08T06:15:00+00:00,2026-06-08T10:15:00+00:00,63076.01,63152.0,0.03963472,2500.0,65599.0504,61814.4898,75.0,54.87069898687414,0.4738834936887303,1.537720614435062,0.25813877564693155,EMA20_EXIT,3.01184238,0.0,3.01184238,WIN,5093.10040615
v0.1.1,BTCUSDT,2026-06-08T13:15:00+00:00,2026-06-08T16:30:00+00:00,63593.01,63677.99,0.0393125,2500.0,66136.7304,62321.1498,100.0,54.97797242037476,0.5186495544546071,1.1736089861620729,0.3765294795810621,EMA20_EXIT,3.34077598,0.0,3.34077598,WIN,5096.44118213
v0.1.1,BTCUSDT,2026-06-12T14:30:00+00:00,2026-06-12T15:45:00+00:00,63504.59,63593.02,0.03936723,2500.0,66044.7736,62234.4982,75.0,50.05523134396568,0.3345750660626519,1.5457380922150645,0.03854070983835221,EMA20_EXIT,3.48124443,0.0,3.48124443,WIN,5099.92242655
v0.1.1,BTCUSDT,2026-06-17T02:30:00+00:00,2026-06-17T19:15:00+00:00,65858.05,64540.889,0.03796043,2500.0,68492.372,64540.889,65.0,51.36544141769188,0.2724438353093655,1.2958912322650296,-0.0803900141137078,STOP_LOSS,-50.0,0.0,-50.0,LOSS,5049.92242655
v0.1.1,BTCUSDT,2026-06-20T17:30:00+00:00,2026-06-20T20:30:00+00:00,63863.7,63874.9,0.03914587,2500.0,66418.248,62586.426,100.0,51.90551744310083,0.2751571753929238,1.185240065903214,0.23312379744256928,EMA20_EXIT,0.43843373,0.0,0.43843373,WIN,5050.36086028
v0.1.1,BTCUSDT,2026-06-21T11:30:00+00:00,2026-06-22T15:45:00+00:00,64293.65,64836.95,0.03888409,2500.0,66865.396,63007.777,100.0,53.32339757737568,0.1860185562850521,1.427863516040943,0.07963985590790441,EMA20_EXIT,21.12572548,0.0,21.12572548,WIN,5071.48658576
v0.1.1,SOLUSDT,2025-07-13T18:15:00+00:00,2025-07-13T22:15:00+00:00,163.09,159.8282,15.32895947,2500.0,169.6136,159.8282,100.0,58.6270976661074,0.406482805563788,1.2622657980902137,0.11652900555654933,STOP_LOSS,-50.0,0.0,-50.0,LOSS,4950.0
v0.1.1,SOLUSDT,2025-07-14T13:45:00+00:00,2025-07-14T15:15:00+00:00,167.93,164.5714,14.88715536,2500.0,174.6472,164.5714,100.0,59.97222689532723,0.5073820810461318,2.7513792515632964,0.5112651268957608,STOP_LOSS,-50.0,0.0,-50.0,LOSS,4900.0
v0.1.1,SOLUSDT,2025-07-16T15:15:00+00:00,2025-07-16T17:45:00+00:00,167.32,174.0128,14.9414296,2500.0,174.0128,163.9736,100.0,58.25279911228946,0.4653720081095259,1.5087101399218896,0.7355793220987684,TAKE_PROFIT,100.0,0.0,100.0,WIN,5000.0
v0.1.1,SOLUSDT,2025-07-17T06:15:00+00:00,2025-07-17T12:15:00+00:00,173.06,174.87,14.44585693,2500.0,179.9824,169.5988,75.0,59.92957164020249,0.5832609133962667,1.2528578361353935,0.030072277379391388,EMA20_EXIT,26.14700104,0.0,26.14700104,WIN,5026.14700104
v0.1.1,SOLUSDT,2025-07-17T13:00:00+00:00,2025-07-17T16:15:00+00:00,175.71,172.1958,14.2279893,2500.0,182.7384,172.1958,100.0,53.30873467981184,0.7217068049334924,1.5171299236174551,0.7959914705905016,STOP_LOSS,-50.0,0.0,-50.0,LOSS,4976.14700104
v0.1.1,SOLUSDT,2025-07-17T21:30:00+00:00,2025-07-18T05:00:00+00:00,175.73,182.7592,14.22637,2500.0,182.7592,172.2154,100.0,59.44073482426865,0.7335429405667602,1.620514503778454,0.11224735821846266,TAKE_PROFIT,100.0,0.0,100.0,WIN,5076.14700104
v0.1.1,SOLUSDT,2025-07-20T19:45:00+00:00,2025-07-20T22:15:00+00:00,181.99,178.3502,13.73701852,2500.0,189.2696,178.3502,100.0,53.74691811618226,0.5681022244342718,1.3284007606738129,0.4444753261696592,STOP_LOSS,-50.0,0.0,-50.0,LOSS,5026.14700104
v0.1.1,SOLUSDT,2025-07-21T16:15:00+00:00,2025-07-21T23:45:00+00:00,195.23,195.72,12.805409,2500.0,203.0392,191.3254,100.0,59.98757404360684,0.8445156612421831,2.0126576239318577,1.488295006696152,EMA20_EXIT,6.27465041,0.0,6.27465041,WIN,5032.42165145
v0.1.1,SOLUSDT,2025-07-22T00:30:00+00:00,2025-07-22T03:30:00+00:00,197.0,198.39,12.69035533,2500.0,204.88,193.06,100.0,54.68074335869154,0.7145576156736638,1.6702563844638305,0.8461914278776248,EMA20_EXIT,17.63959391,0.0,17.63959391,WIN,5050.06124536
v0.1.1,SOLUSDT,2025-07-22T13:15:00+00:00,2025-07-22T14:00:00+00:00,201.57,197.5386,12.40263928,2500.0,209.6328,197.5386,100.0,58.28817210777437,0.8822771398679985,1.4981027349400944,0.6149417056582156,STOP_LOSS,-50.0,0.0,-50.0,LOSS,5000.06124536
v0.1.1,SOLUSDT,2025-07-23T00:00:00+00:00,2025-07-23T06:30:00+00:00,204.25,200.165,12.23990208,2500.0,212.42,200.165,100.0,59.15100128903085,0.7377891785514111,1.200261061044534,0.53901127526012,STOP_LOSS,-50.0,0.0,-50.0,LOSS,4950.06124536
v0.1.1,SOLUSDT,2025-07-27T10:45:00+00:00,2025-07-27T23:15:00+00:00,187.66,188.06,13.32196526,2500.0,195.1664,183.9068,100.0,57.18288688711554,0.342110728557872,2.442381134633075,0.11961474760953436,EMA20_EXIT,5.3287861,0.0,5.3287861,WIN,4955.39003146
v0.1.1,SOLUSDT,2025-07-28T00:30:00+00:00,2025-07-28T07:00:00+00:00,189.49,192.15,13.19330835,2500.0,197.0696,185.7002,100.0,56.01835007623384,0.600608186988486,1.330993576800332,0.3648115319598346,EMA20_EXIT,35.09420022,0.0,35.09420022,WIN,4990.48423169
v0.1.1,SOLUSDT,2025-07-28T12:30:00+00:00,2025-07-28T13:30:00+00:00,193.5,189.63,12.91989664,2500.0,201.24,189.63,100.0,59.197375517688016,0.47589008751141,2.0362429138412828,0.3312824181507753,STOP_LOSS,-50.0,0.0,-50.0,LOSS,4940.48423169
v0.1.1,SOLUSDT,2025-08-05T06:00:00+00:00,2025-08-05T12:15:00+00:00,168.89,168.9,14.80253419,2500.0,175.6456,165.5122,75.0,57.47797068245345,0.4225876183344734,1.290928441576246,0.2659519045936722,EMA20_EXIT,0.14802534,0.0,0.14802534,WIN,4940.63225703
v0.1.1,SOLUSDT,2025-08-08T00:45:00+00:00,2025-08-08T04:45:00+00:00,174.28,174.38,14.34473261,2500.0,181.2512,170.7944,100.0,57.792587717196966,0.5137261509785914,1.816671522780125,0.8556032697746175,EMA20_EXIT,1.43447326,0.0,1.43447326,WIN,4942.06673029
v0.1.1,SOLUSDT,2025-08-08T08:15:00+00:00,2025-08-08T14:30:00+00:00,175.95,175.97,14.20858198,2500.0,182.988,172.431,100.0,57.90200636203791,0.4943460787374021,1.4024555736620317,0.5865881370144845,EMA20_EXIT,0.28417164,0.0,0.28417164,WIN,4942.35090193
v0.1.1,SOLUSDT,2025-08-08T19:45:00+00:00,2025-08-09T11:00:00+00:00,178.47,181.17,14.00795652,2500.0,185.6088,174.9006,100.0,59.671379623261664,0.5734059899762864,1.5240641450803782,0.471599060672804,EMA20_EXIT,37.8214826,0.0,37.8214826,WIN,4980.17238453
v0.1.1,SOLUSDT,2025-08-09T11:30:00+00:00,2025-08-09T22:00:00+00:00,181.38,181.43,13.78321755,2500.0,188.6352,177.7524,100.0,53.73072529163874,0.4372652240615481,1.3964580389139793,0.7201757303554238,EMA20_EXIT,0.68916088,0.0,0.68916088,WIN,4980.86154541
v0.1.1,SOLUSDT,2025-08-10T00:30:00+00:00,2025-08-10T05:15:00+00:00,182.23,182.4,13.71892663,2500.0,189.5192,178.5854,75.0,57.837161482318585,0.4785096271988848,1.2934688935844345,0.03656268205767397,EMA20_EXIT,2.33221753,0.0,2.33221753,WIN,4983.19376294
v0.1.1,SOLUSDT,2025-08-10T14:45:00+00:00,2025-08-10T20:15:00+00:00,181.52,181.63,13.77258704,2500.0,188.7808,177.8896,65.0,58.121495701448765,0.5598161812393923,1.5423076641734212,-0.24962120053629416,EMA20_EXIT,1.51498457,0.0,1.51498457,WIN,4984.70874751
v0.1.1,SOLUSDT,2025-08-10T21:00:00+00:00,2025-08-11T06:30:00+00:00,183.08,184.66,13.65523269,2500.0,190.4032,179.4184,100.0,59.91847870874624,0.4929252974667299,2.449084870339256,0.29618494568083353,EMA20_EXIT,21.57526764,0.0,21.57526764,WIN,5006.28401515
v0.1.1,SOLUSDT,2025-08-13T01:00:00+00:00,2025-08-13T04:15:00+00:00,192.09,199.7736,13.01473268,2500.0,199.7736,188.2482,100.0,56.93770121663056,0.6962386287580813,1.8883831324353313,2.0230689266492234,TAKE_PROFIT,100.0,0.0,100.0,WIN,5106.28401515
v0.1.1,SOLUSDT,2025-08-13T12:45:00+00:00,2025-08-13T14:45:00+00:00,201.14,197.1172,12.42915382,2500.0,209.1856,197.1172,100.0,57.50223795621119,0.5907633451002723,1.221735200437427,1.4026230861971574,STOP_LOSS,-50.0,0.0,-50.0,LOSS,5056.28401515
v0.1.1,SOLUSDT,2025-08-13T22:45:00+00:00,2025-08-14T03:45:00+00:00,200.55,208.572,12.46571927,2500.0,208.572,196.539,100.0,51.3577530163191,0.7116386531056398,1.6116114378061221,0.43230299159207985,TAKE_PROFIT,100.0,0.0,100.0,WIN,5156.28401515
v0.1.1,SOLUSDT,2025-08-14T12:15:00+00:00,2025-08-14T12:30:00+00:00,205.03,200.9294,12.19333756,2500.0,213.2312,200.9294,75.0,54.01608181734981,0.7665258568557729,1.5329992267627182,0.05082228832322716,STOP_LOSS,-50.0,0.0,-50.0,LOSS,5106.28401515
v0.1.1,SOLUSDT,2025-08-17T16:00:00+00:00,2025-08-17T18:45:00+00:00,194.39,190.5022,12.86074387,2500.0,202.1656,190.5022,100.0,59.11291920109736,0.416456787219316,2.488832682584972,0.5351230381325474,STOP_LOSS,-50.0,0.0,-50.0,LOSS,5056.28401515
v0.1.1,SOLUSDT,2025-08-23T00:00:00+00:00,2025-08-23T05:00:00+00:00,199.13,207.0952,12.55461256,2500.0,207.0952,195.1474,100.0,56.08804349036734,0.6564528895126824,1.2374269935245756,1.9525471144401978,TAKE_PROFIT,100.0,0.0,100.0,WIN,5156.28401515
v0.1.1,SOLUSDT,2025-08-23T14:30:00+00:00,2025-08-23T15:30:00+00:00,202.61,202.67,12.33897636,2500.0,210.7144,198.5578,75.0,50.19233173253419,0.5433236163946208,1.331362289439719,0.2755902475978545,EMA20_EXIT,0.74033858,0.0,0.74033858,WIN,5157.02435373
v0.1.1,SOLUSDT,2025-08-24T15:30:00+00:00,2025-08-24T19:30:00+00:00,207.05,202.909,12.07437817,2500.0,215.332,202.909,65.0,55.91538641862236,0.6390810356737222,1.9948446112714955,-0.08408578272471244,STOP_LOSS,-50.0,0.0,-50.0,LOSS,5107.02435373
v0.1.1,SOLUSDT,2025-08-27T13:45:00+00:00,2025-08-27T19:00:00+00:00,204.44,206.33,12.22852671,2500.0,212.6176,200.3512,100.0,55.4634171573156,0.6517070705581666,1.347722093967402,0.8839317698232674,EMA20_EXIT,23.11191548,0.0,23.11191548,WIN,5130.13626921
v0.1.1,SOLUSDT,2025-08-28T06:00:00+00:00,2025-08-28T09:45:00+00:00,210.12,211.6,11.89796307,2500.0,218.5248,205.9176,100.0,59.24557369473656,0.736187968981931,1.2558503881330454,0.8113359071901423,EMA20_EXIT,17.60898534,0.0,17.60898534,WIN,5147.74525455
v0.1.1,SOLUSDT,2025-08-28T22:00:00+00:00,2025-08-29T03:00:00+00:00,213.96,214.62,11.684427,2500.0,222.5184,209.6808,100.0,58.47808096039974,0.6928350949084983,1.4993524463815833,0.19961199819646824,EMA20_EXIT,7.71172182,0.0,7.71172182,WIN,5155.45697637
v0.1.1,SOLUSDT,2025-08-29T04:45:00+00:00,2025-08-29T06:30:00+00:00,217.13,212.7874,11.51383964,2500.0,225.8152,212.7874,100.0,57.71846570713732,0.7693012359888817,1.3250659647495195,0.6593604325053002,STOP_LOSS,-50.0,0.0,-50.0,LOSS,5105.45697637
v0.1.1,SOLUSDT,2025-09-02T14:00:00+00:00,2025-09-03T01:00:00+00:00,203.35,207.9,12.29407426,2500.0,211.484,199.283,75.0,56.57706877944734,0.7434082299842371,2.446613797388577,0.08992925104123779,EMA20_EXIT,55.93803787,0.0,55.93803787,WIN,5161.39501424
v0.1.1,SOLUSDT,2025-09-03T13:45:00+00:00,2025-09-04T04:45:00+00:00,211.62,207.3876,11.8136282,2500.0,220.0848,207.3876,100.0,59.51709927204058,0.5451447305842169,2.376390107532504,0.38987365049004336,STOP_LOSS,-50.0,0.0,-50.0,LOSS,5111.39501424
v0.1.1,SOLUSDT,2025-09-05T14:00:00+00:00,2025-09-05T14:30:00+00:00,207.84,203.6832,12.02848345,2500.0,216.1536,203.6832,100.0,54.92772532853124,0.5813545585113687,1.33479961672929,0.6218640112977749,STOP_LOSS,-50.0,0.0,-50.0,LOSS,5061.39501424
v0.1.1,SOLUSDT,2025-09-07T16:15:00+00:00,2025-09-08T05:30:00+00:00,204.23,206.75,12.24110072,2500.0,212.3992,200.1454,100.0,55.30079353759493,0.2838271444887141,2.069832381847244,0.29396188229344633,EMA20_EXIT,30.84757381,0.0,30.84757381,WIN,5092.24258805
v0.1.1,SOLUSDT,2025-09-08T19:00:00+00:00,2025-09-09T02:45:00+00:00,216.06,211.7388,11.57085995,2500.0,224.7024,211.7388,100.0,56.63235233995597,0.5870452137860933,1.3463910977268827,0.8980066476520788,STOP_LOSS,-50.0,0.0,-50.0,LOSS,5042.24258805
v0.1.1,SOLUSDT,2025-09-09T04:30:00+00:00,2025-09-09T10:45:00+00:00,215.04,217.75,11.62574405,2500.0,223.6416,210.7392,100.0,58.82432249683818,0.482909269710819,1.2427696998852216,0.006680701071660691,EMA20_EXIT,31.50576637,0.0,31.50576637,WIN,5073.74835442
v0.1.1,SOLUSDT,2025-09-09T13:45:00+00:00,2025-09-09T14:30:00+00:00,218.03,213.6694,11.46631198,2500.0,226.7512,213.6694,100.0,53.555379216326216,0.4166041594315048,1.2759361242933722,0.3629746960511876,STOP_LOSS,-50.0,0.0,-50.0,LOSS,5023.74835442
v0.1.1,SOLUSDT,2025-09-11T22:30:00+00:00,2025-09-12T04:15:00+00:00,227.89,237.0056,10.97020492,2500.0,237.0056,223.3322,100.0,59.377517167321095,0.4187951874792974,1.3208978447526398,0.2596076669880184,TAKE_PROFIT,100.0,0.0,100.0,WIN,5123.74835442
v0.1.1,SOLUSDT,2025-09-12T14:30:00+00:00,2025-09-12T20:15:00+00:00,239.36,239.37,10.44451872,2500.0,248.9344,234.5728,100.0,53.712841756708514,0.5371291598624675,1.4196684268867243,0.8346467229108299,EMA20_EXIT,0.10444519,0.0,0.10444519,WIN,5123.85279961
v0.1.1,SOLUSDT,2025-09-15T04:15:00+00:00,2025-09-15T07:30:00+00:00,243.03,238.1694,10.28679587,2500.0,252.7512,238.1694,65.0,55.51594929453734,0.492479680596302,1.4949388489727709,-0.260579018326626,STOP_LOSS,-50.0,0.0,-50.0,LOSS,5073.85279961
v0.1.1,SOLUSDT,2025-09-18T08:15:00+00:00,2025-09-18T19:00:00+00:00,246.19,248.52,10.15475852,2500.0,256.0376,241.2662,100.0,59.307906611290406,0.4211781112262144,1.2810374674207483,0.5902929331508848,EMA20_EXIT,23.66058735,0.0,23.66058735,WIN,5097.51338696
v0.1.1,SOLUSDT,2025-09-29T15:45:00+00:00,2025-09-29T23:30:00+00:00,210.07,212.69,11.90079497,2500.0,218.4728,205.8686,100.0,55.24192746975851,0.6233594456561533,1.2056408181036167,0.3765848652690014,EMA20_EXIT,31.18008283,0.0,31.18008283,WIN,5128.69346979
v0.1.1,SOLUSDT,2025-10-01T01:30:00+00:00,2025-10-01T12:15:00+00:00,209.85,218.244,11.91327138,2500.0,218.244,205.653,100.0,59.68312827371776,0.5493471368825295,1.3267257365628689,0.11436018503533159,TAKE_PROFIT,100.0,0.0,100.0,WIN,5228.69346979
v0.1.1,SOLUSDT,2025-10-02T05:30:00+00:00,2025-10-02T14:00:00+00:00,224.48,225.55,11.13684961,2500.0,233.4592,219.9904,100.0,58.43936546724426,0.5603617300027322,1.2914488053969917,0.8590776335083757,EMA20_EXIT,11.91642908,0.0,11.91642908,WIN,5240.60989887
v0.1.1,SOLUSDT,2025-10-02T16:30:00+00:00,2025-10-03T00:30:00+00:00,226.94,232.38,11.01612761,2500.0,236.0176,222.4012,100.0,55.2318712791191,0.647647411254737,1.2017538282794569,0.5360673877385417,EMA20_EXIT,59.9277342,0.0,59.9277342,WIN,5300.53763307
v0.1.1,SOLUSDT,2025-10-03T03:00:00+00:00,2025-10-03T06:45:00+00:00,233.76,229.0848,10.69472964,2500.0,243.1104,229.0848,100.0,59.34505177225679,0.5159824643095953,1.5749443581759701,0.5841070214010949,STOP_LOSS,-50.0,0.0,-50.0,LOSS,5250.53763307
v0.1.1,SOLUSDT,2025-10-03T16:45:00+00:00,2025-10-03T17:00:00+00:00,233.91,229.2318,10.6878714,2500.0,243.2664,229.2318,100.0,57.97052671441321,0.7042774948934696,1.4576898613320628,0.4027860512210991,STOP_LOSS,-50.0,0.0,-50.0,LOSS,5200.53763307
v0.1.1,SOLUSDT,2025-10-03T17:00:00+00:00,2025-10-04T02:15:00+00:00,233.51,228.8398,10.70617961,2500.0,242.8504,228.8398,100.0,56.15409956446182,0.8300617700058454,3.7485801073653717,0.41589509684816517,STOP_LOSS,-50.0,0.0,-50.0,LOSS,5150.53763307
v0.1.1,SOLUSDT,2025-10-06T08:30:00+00:00,2025-10-06T14:45:00+00:00,233.2,233.33,10.72041166,2500.0,242.528,228.536,100.0,57.33602571918116,0.4847534545053842,1.3781451207127953,0.41227758123649466,EMA20_EXIT,1.39365352,0.0,1.39365352,WIN,5151.93128659
v0.1.1,SOLUSDT,2025-10-06T17:30:00+00:00,2025-10-07T00:15:00+00:00,236.12,231.3976,10.58783669,2500.0,245.5648,231.3976,100.0,58.12846060380912,0.5612887112133648,1.4494327934766706,0.517850727578713,STOP_LOSS,-50.0,0.0,-50.0,LOSS,5101.93128659
v0.1.1,SOLUSDT,2025-10-13T00:30:00+00:00,2025-10-13T02:00:00+00:00,196.36,196.79,12.73171725,2500.0,204.2144,192.4328,100.0,55.07182407785815,0.9117381873113322,1.406017328541712,1.7664150662895055,EMA20_EXIT,5.47463842,0.0,5.47463842,WIN,5107.405925
v0.1.1,SOLUSDT,2025-10-15T01:00:00+00:00,2025-10-15T03:00:00+00:00,202.4,202.67,12.35177866,2500.0,210.496,198.352,100.0,54.21447846905173,0.8640017639009308,1.833174406002294,0.5088920840282292,EMA20_EXIT,3.33498024,0.0,3.33498024,WIN,5110.74090524
v0.1.1,SOLUSDT,2025-10-21T16:45:00+00:00,2025-10-21T20:00:00+00:00,192.6,192.68,12.98026999,2500.0,200.304,188.748,100.0,56.99768848276636,0.9571609574884492,2.7231004351648007,1.4190914229440064,EMA20_EXIT,1.0384216,0.0,1.0384216,WIN,5111.77932684
v0.1.1,SOLUSDT,2025-10-26T10:30:00+00:00,2025-10-26T19:00:00+00:00,194.93,198.74,12.82511671,2500.0,202.7272,191.0314,100.0,55.78256423214254,0.3092477196022207,2.520011792770886,0.2920806088282423,EMA20_EXIT,48.86369466,0.0,48.86369466,WIN,5160.6430215
v0.1.1,SOLUSDT,2025-10-26T22:15:00+00:00,2025-10-27T07:30:00+00:00,198.77,202.97,12.57735071,2500.0,206.7208,194.7946,100.0,53.30503581128119,0.4758892844081341,1.449092081905948,0.31285863627482147,EMA20_EXIT,52.82487297,0.0,52.82487297,WIN,5213.46789447
v0.1.1,SOLUSDT,2025-10-27T17:15:00+00:00,2025-10-27T21:15:00+00:00,201.99,197.9502,12.37685034,2500.0,210.0696,197.9502,100.0,58.25391581278076,0.5681401549674446,1.3408757017434965,0.018284809074903496,STOP_LOSS,-50.0,0.0,-50.0,LOSS,5163.46789447
v0.1.1,SOLUSDT,2025-10-28T02:00:00+00:00,2025-10-28T09:15:00+00:00,200.97,201.55,12.43966761,2500.0,209.0088,196.9506,65.0,59.7829742049034,0.4897672410303191,1.488892751231028,-0.06168541714659732,EMA20_EXIT,7.21500722,0.0,7.21500722,WIN,5170.68290168
v0.1.1,SOLUSDT,2025-10-28T14:00:00+00:00,2025-10-28T14:45:00+00:00,202.15,198.107,12.36705417,2500.0,210.236,198.107,100.0,57.5367069100603,0.517490842132756,1.3737712177277273,0.08639764355173533,STOP_LOSS,-50.0,0.0,-50.0,LOSS,5120.68290168
v0.1.1,SOLUSDT,2025-11-09T14:45:00+00:00,2025-11-09T17:30:00+00:00,160.15,161.37,15.61036528,2500.0,166.556,156.947,100.0,54.57473821466474,0.6424804074289052,3.743635531005223,0.49020210893556854,EMA20_EXIT,19.04464564,0.0,19.04464564,WIN,5139.72754733
v0.1.1,SOLUSDT,2025-11-09T23:00:00+00:00,2025-11-10T05:30:00+00:00,165.21,167.27,15.13225592,2500.0,171.8184,161.9058,100.0,59.637417327234495,0.5733232576131863,1.369608808230589,1.017530004523587,EMA20_EXIT,31.17244719,0.0,31.17244719,WIN,5170.89999452
v0.1.1,SOLUSDT,2025-11-10T10:15:00+00:00,2025-11-10T14:45:00+00:00,168.76,165.3848,14.81393695,2500.0,175.5104,165.3848,100.0,59.02370458126011,0.5446167562792239,1.2286962783994564,0.6137294454127502,STOP_LOSS,-50.0,0.0,-50.0,LOSS,5120.89999452
v0.1.1,SOLUSDT,2025-11-11T01:30:00+00:00,2025-11-11T04:15:00+00:00,167.5,168.7,14.92537313,2500.0,174.2,164.15,100.0,51.96324284967311,0.7444275727067022,2.2455982926439213,0.07906573616734401,EMA20_EXIT,17.91044776,0.0,17.91044776,WIN,5138.81044228
v0.1.1,SOLUSDT,2025-11-18T16:00:00+00:00,2025-11-18T21:30:00+00:00,139.69,139.99,17.89677142,2500.0,145.2776,136.8962,100.0,58.29813265806408,0.9525741640580488,1.735884927709864,0.963192056257574,EMA20_EXIT,5.36903143,0.0,5.36903143,WIN,5144.17947371
v0.1.1,SOLUSDT,2025-11-19T03:00:00+00:00,2025-11-19T04:30:00+00:00,141.49,138.6602,17.66909322,2500.0,147.1496,138.6602,100.0,54.06089888867352,0.7029170622225547,1.4683203754226402,0.4818854704088089,STOP_LOSS,-50.0,0.0,-50.0,LOSS,5094.17947371
v0.1.1,SOLUSDT,2025-11-23T21:45:00+00:00,2025-11-24T00:00:00+00:00,133.14,130.4772,18.77722698,2500.0,138.4656,130.4772,100.0,59.81037157378529,0.5592353727462619,1.2459937565601544,0.580339060360636,STOP_LOSS,-50.0,0.0,-50.0,LOSS,5044.17947371
v0.1.1,SOLUSDT,2025-11-24T04:00:00+00:00,2025-11-24T07:15:00+00:00,132.85,130.193,18.81821603,2500.0,138.164,130.193,100.0,53.41963433372024,0.7361116474177151,1.7521040181735597,0.4066823508748781,STOP_LOSS,-50.0,0.0,-50.0,LOSS,4994.17947371
v0.1.1,SOLUSDT,2025-11-27T01:00:00+00:00,2025-11-27T08:00:00+00:00,142.88,143.04,17.49720045,2500.0,148.5952,140.0224,100.0,54.03034812690133,0.5600723478930408,1.2423998602461206,0.9325962197920226,EMA20_EXIT,2.79955207,0.0,2.79955207,WIN,4996.97902578
v0.1.1,SOLUSDT,2025-11-28T12:00:00+00:00,2025-11-28T15:45:00+00:00,141.07,141.61,17.72169845,2500.0,146.7128,138.2486,100.0,52.58002561273005,0.4537057287742079,2.469487804871172,0.1134204378979286,EMA20_EXIT,9.56971716,0.0,9.56971716,WIN,5006.54874294
v0.1.1,SOLUSDT,2025-11-30T17:00:00+00:00,2025-11-30T23:15:00+00:00,138.73,135.9554,18.02061558,2500.0,144.2792,135.9554,100.0,55.80398138882822,0.433769853932377,1.4574851664497266,0.5776763700626755,STOP_LOSS,-50.0,0.0,-50.0,LOSS,4956.54874294
v0.1.1,SOLUSDT,2025-12-02T20:45:00+00:00,2025-12-02T23:15:00+00:00,138.73,138.92,18.02061558,2500.0,144.2792,135.9554,100.0,59.50778159204753,0.6471496508634171,1.3710084072124864,2.4788024363009376,EMA20_EXIT,3.42391696,0.0,3.42391696,WIN,4959.9726599
v0.1.1,SOLUSDT,2025-12-03T18:30:00+00:00,2025-12-04T01:45:00+00:00,141.87,144.18,17.62176641,2500.0,147.5448,139.0326,100.0,53.98076678122495,0.6771715511215326,1.421087904748908,0.149165450403598,EMA20_EXIT,40.7062804,0.0,40.7062804,WIN,5000.6789403
v0.1.1,SOLUSDT,2025-12-08T07:00:00+00:00,2025-12-08T12:30:00+00:00,135.09,137.47,18.50618106,2500.0,140.4936,132.3882,100.0,57.859206724352426,0.4764906276745809,1.4206489085987086,0.5189008538132014,EMA20_EXIT,44.04471093,0.0,44.04471093,WIN,5044.72365123
v0.1.1,SOLUSDT,2025-12-08T14:30:00+00:00,2025-12-08T15:15:00+00:00,138.44,135.6712,18.05836463,2500.0,143.9776,135.6712,100.0,57.33576961479581,0.6251713357311667,2.1888555235922142,0.884329629753545,STOP_LOSS,-50.0,0.0,-50.0,LOSS,4994.72365123
v0.1.1,SOLUSDT,2025-12-10T04:15:00+00:00,2025-12-10T08:15:00+00:00,138.83,138.87,18.00763524,2500.0,144.3832,136.0534,75.0,56.17555598831306,0.4983655411231357,1.3005995533442667,0.05142995805029599,EMA20_EXIT,0.72030541,0.0,0.72030541,WIN,4995.44395664
v0.1.1,SOLUSDT,2025-12-10T19:15:00+00:00,2025-12-10T20:45:00+00:00,137.73,138.34,18.15145575,2500.0,143.2392,134.9754,65.0,54.69709029434645,0.8470719604664482,1.7729402558293883,-0.1445866130794086,EMA20_EXIT,11.07238801,0.0,11.07238801,WIN,5006.51634465
v0.1.1,SOLUSDT,2025-12-15T14:15:00+00:00,2025-12-15T14:45:00+00:00,132.95,130.291,18.80406168,2500.0,138.268,130.291,100.0,54.65608632210713,0.5872343358249259,5.617889719930956,0.35694308269781067,STOP_LOSS,-50.0,0.0,-50.0,LOSS,4956.51634465
v0.1.1,SOLUSDT,2025-12-19T14:45:00+00:00,2025-12-19T23:30:00+00:00,126.02,126.38,19.83812093,2500.0,131.0608,123.4996,100.0,57.7439586607585,0.6422903099019696,2.3473280094171405,1.0219207497315708,EMA20_EXIT,7.14172354,0.0,7.14172354,WIN,4963.65806818
v0.1.1,SOLUSDT,2025-12-21T09:00:00+00:00,2025-12-22T01:45:00+00:00,125.82,126.03,19.86965506,2500.0,130.8528,123.3036,65.0,59.4482510169676,0.2451734736162688,2.5653292553894262,-0.09747734805522437,EMA20_EXIT,4.17262756,0.0,4.17262756,WIN,4967.83069575
v0.1.1,SOLUSDT,2025-12-22T07:45:00+00:00,2025-12-22T13:30:00+00:00,126.31,126.43,19.79257383,2500.0,131.3624,123.7838,100.0,52.60889134655293,0.4088156448876204,1.2550932841749558,0.17774997925423333,EMA20_EXIT,2.37510886,0.0,2.37510886,WIN,4970.2058046
v0.1.1,SOLUSDT,2025-12-22T14:00:00+00:00,2025-12-22T16:45:00+00:00,127.14,127.24,19.66336322,2500.0,132.2256,124.5972,100.0,57.111548720826704,0.4081183034479458,1.6738452391709289,0.24943247666455817,EMA20_EXIT,1.96633632,0.0,1.96633632,WIN,4972.17214093
v0.1.1,SOLUSDT,2025-12-28T15:15:00+00:00,2025-12-29T01:30:00+00:00,124.76,129.7504,20.03847387,2500.0,129.7504,122.2648,100.0,55.87550999613415,0.2188135358055061,1.638185603733205,0.17695321610399387,TAKE_PROFIT,100.0,0.0,100.0,WIN,5072.17214093
v0.1.1,SOLUSDT,2025-12-29T08:15:00+00:00,2025-12-29T09:45:00+00:00,128.11,125.5478,19.51447974,2500.0,133.2344,125.5478,100.0,56.78960895425935,0.4091732786367518,1.2853522264620643,0.6602179482109274,STOP_LOSS,-50.0,0.0,-50.0,LOSS,5022.17214093
v0.1.1,SOLUSDT,2025-12-31T14:15:00+00:00,2025-12-31T20:15:00+00:00,126.55,124.019,19.75503753,2500.0,131.612,124.019,100.0,55.2751887059252,0.3156047253586188,2.5332249339935156,0.2879456537110572,STOP_LOSS,-50.0,0.0,-50.0,LOSS,4972.17214093
v0.1.1,SOLUSDT,2026-01-01T03:45:00+00:00,2026-01-02T01:30:00+00:00,125.21,126.16,19.96645635,2500.0,130.2184,122.7058,100.0,52.677228508778896,0.3355723568278974,1.5935430357972151,0.0002008491656231006,EMA20_EXIT,18.96813354,0.0,18.96813354,WIN,4991.14027446
v0.1.1,SOLUSDT,2026-01-02T14:45:00+00:00,2026-01-03T02:00:00+00:00,128.73,132.3,19.4204925,2500.0,133.8792,126.1554,100.0,57.45393255354974,0.4959905600797008,2.770279075606035,0.37752453109432654,EMA20_EXIT,69.33115824,0.0,69.33115824,WIN,5060.4714327
v0.1.1,SOLUSDT,2026-01-03T03:00:00+00:00,2026-01-03T07:30:00+00:00,132.56,129.9088,18.85938443,2500.0,137.8624,129.9088,100.0,54.64664006068969,0.3706578505771647,1.2621263345269946,0.7077749463636842,STOP_LOSS,-50.0,0.0,-50.0,LOSS,5010.4714327
v0.1.1,SOLUSDT,2026-01-04T06:15:00+00:00,2026-01-04T17:45:00+00:00,134.42,134.83,18.59842285,2500.0,139.7968,131.7316,100.0,57.08095416406881,0.3213208139248763,1.6364198155411995,0.5230021486183388,EMA20_EXIT,7.62535337,0.0,7.62535337,WIN,5018.09678607
v0.1.1,SOLUSDT,2026-01-05T00:30:00+00:00,2026-01-05T04:15:00+00:00,134.76,135.43,18.55149896,2500.0,140.1504,132.0648,65.0,58.97951528289382,0.4067555182275503,2.043979245430851,-0.003929306803117102,EMA20_EXIT,12.4295043,0.0,12.4295043,WIN,5030.52629037
v0.1.1,SOLUSDT,2026-01-05T10:15:00+00:00,2026-01-05T23:45:00+00:00,135.68,137.9,18.42570755,2500.0,141.1072,132.9664,75.0,52.573569599514144,0.3619406240690687,1.3033384243307318,0.09868894617320353,EMA20_EXIT,40.90507075,0.0,40.90507075,WIN,5071.43136113
v0.1.1,SOLUSDT,2026-01-06T04:15:00+00:00,2026-01-06T07:00:00+00:00,138.64,138.66,18.03231391,2500.0,144.1856,135.8672,100.0,59.552439724061536,0.4486070511173686,1.5633589902778484,0.3735163244124673,EMA20_EXIT,0.36064628,0.0,0.36064628,WIN,5071.79200741
v0.1.1,SOLUSDT,2026-01-06T11:15:00+00:00,2026-01-06T16:15:00+00:00,138.92,139.44,17.9959689,2500.0,144.4768,136.1416,100.0,59.34781245332015,0.4043270848976092,1.4132513475730164,0.12349461489673291,EMA20_EXIT,9.35790383,0.0,9.35790383,WIN,5081.14991124
v0.1.1,SOLUSDT,2026-01-08T23:30:00+00:00,2026-01-09T07:45:00+00:00,138.86,139.54,18.00374478,2500.0,144.4144,136.0828,100.0,57.52072131331639,0.5119989353071355,2.5313296459531704,0.6896187197983265,EMA20_EXIT,12.24254645,0.0,12.24254645,WIN,5093.39245769
v0.1.1,SOLUSDT,2026-01-11T23:15:00+00:00,2026-01-12T06:30:00+00:00,139.24,142.23,17.95461074,2500.0,144.8096,136.4552,75.0,55.75132507753524,0.4954057612250653,2.099330121824375,0.2395354313528455,EMA20_EXIT,53.68428612,0.0,53.68428612,WIN,5147.07674381
v0.1.1,SOLUSDT,2026-01-12T17:30:00+00:00,2026-01-12T21:45:00+00:00,141.8,138.964,17.63046544,2500.0,147.472,138.964,100.0,52.98588367723237,0.6411903366016555,1.6685212816106663,0.4277530372997681,STOP_LOSS,-50.0,0.0,-50.0,LOSS,5097.07674381
v0.1.1,SOLUSDT,2026-01-14T03:00:00+00:00,2026-01-14T17:45:00+00:00,145.57,145.98,17.17386824,2500.0,151.3928,142.6586,100.0,53.37663500683666,0.5735554720532514,1.3903153640854622,0.6613814089668152,EMA20_EXIT,7.04128598,0.0,7.04128598,WIN,5104.11802979
v0.1.1,SOLUSDT,2026-01-27T17:00:00+00:00,2026-01-28T00:15:00+00:00,124.85,126.89,20.02402883,2500.0,129.844,122.353,100.0,51.99414758399178,0.5935516736650222,1.5810451688063065,0.2915876135407181,EMA20_EXIT,40.84901882,0.0,40.84901882,WIN,5144.96704861
v0.1.1,SOLUSDT,2026-01-28T10:15:00+00:00,2026-01-28T21:00:00+00:00,127.38,124.8324,19.62631496,2500.0,132.4752,124.8324,100.0,55.48468100463689,0.3621039628698325,1.6550795955187925,0.21676489511189978,STOP_LOSS,-50.0,0.0,-50.0,LOSS,5094.96704861
v0.1.1,SOLUSDT,2026-02-14T23:15:00+00:00,2026-02-15T08:30:00+00:00,88.41,89.52,28.27734419,2500.0,91.9464,86.6418,100.0,57.17690229283984,0.4995985962739467,1.4501350132305502,0.7217717637353147,EMA20_EXIT,31.38785205,0.0,31.38785205,WIN,5126.35490067
v0.1.1,SOLUSDT,2026-02-20T10:45:00+00:00,2026-02-20T13:30:00+00:00,84.09,82.4082,29.73005114,2500.0,87.4536,82.4082,100.0,57.06664064940664,0.4611914130107878,1.8444844235811388,0.7155338990306164,STOP_LOSS,-50.0,0.0,-50.0,LOSS,5076.35490067
v0.1.1,SOLUSDT,2026-02-20T17:45:00+00:00,2026-02-21T03:15:00+00:00,84.49,84.52,29.58930051,2500.0,87.8696,82.8002,100.0,57.61253341739096,0.9051273074823272,1.2254108644773163,0.2759247754336821,EMA20_EXIT,0.88767902,0.0,0.88767902,WIN,5077.24257968
v0.1.1,SOLUSDT,2026-03-02T01:15:00+00:00,2026-03-02T06:15:00+00:00,84.88,83.1824,29.4533459,2500.0,88.2752,83.1824,65.0,58.87553186728701,0.8891038945212331,1.4082189608791713,-0.16627016312047352,STOP_LOSS,-50.0,0.0,-50.0,LOSS,5027.24257968
v0.1.1,SOLUSDT,2026-03-02T22:45:00+00:00,2026-03-03T00:00:00+00:00,88.04,86.2792,28.39618355,2500.0,91.5616,86.2792,100.0,59.28519021815135,0.7145233680507599,1.2246101842680315,1.0034833079229422,STOP_LOSS,-50.0,0.0,-50.0,LOSS,4977.24257968
v0.1.1,SOLUSDT,2026-03-04T02:00:00+00:00,2026-03-04T03:30:00+00:00,87.16,85.4168,28.68288206,2500.0,90.6464,85.4168,100.0,59.34945363955809,0.816524229326376,1.2263367255639117,0.7978679041053951,STOP_LOSS,-50.0,0.0,-50.0,LOSS,4927.24257968
v0.1.1,SOLUSDT,2026-03-04T14:30:00+00:00,2026-03-04T19:15:00+00:00,89.69,93.2776,27.87378749,2500.0,93.2776,87.8962,100.0,55.73839039889472,0.8341761736527463,2.56095133130542,1.2299628864434755,TAKE_PROFIT,100.0,0.0,100.0,WIN,5027.24257968
v0.1.1,SOLUSDT,2026-03-04T21:00:00+00:00,2026-03-04T23:15:00+00:00,92.57,90.7186,27.00658961,2500.0,96.2728,90.7186,100.0,54.60598885423865,0.8389122034167834,1.2305233270538176,1.5323803394614708,STOP_LOSS,-50.0,0.0,-50.0,LOSS,4977.24257968
v0.1.1,SOLUSDT,2026-03-10T15:00:00+00:00,2026-03-10T19:30:00+00:00,87.59,85.8382,28.54207101,2500.0,91.0936,85.8382,100.0,58.08717515877672,0.7994984647761567,2.3317713694017326,0.24239607735281457,STOP_LOSS,-50.0,0.0,-50.0,LOSS,4927.24257968
v0.1.1,SOLUSDT,2026-03-11T14:00:00+00:00,2026-03-11T22:15:00+00:00,86.09,87.15,29.0393774,2500.0,89.5336,84.3682,65.0,59.630029630947526,0.698690247921212,2.6271588727262105,-0.09746086300374424,EMA20_EXIT,30.78174004,0.0,30.78174004,WIN,4958.02431972
v0.1.1,SOLUSDT,2026-03-12T13:15:00+00:00,2026-03-12T14:45:00+00:00,86.95,85.211,28.75215641,2500.0,90.428,85.211,100.0,59.48684884928053,0.4872416297611248,3.133846998137943,0.41145868303048144,STOP_LOSS,-50.0,0.0,-50.0,LOSS,4908.02431972
v0.1.1,SOLUSDT,2026-03-12T23:15:00+00:00,2026-03-13T00:15:00+00:00,86.93,90.4072,28.75877143,2500.0,90.4072,85.1914,100.0,58.44711817059747,0.4764467861658452,1.6402224922622968,0.07299073834283552,TAKE_PROFIT,100.0,0.0,100.0,WIN,5008.02431972
v0.1.1,SOLUSDT,2026-03-15T05:45:00+00:00,2026-03-15T11:00:00+00:00,88.31,88.36,28.30936474,2500.0,91.8424,86.5438,100.0,58.58697087604998,0.3297367439312959,1.21061207578568,0.3499030548372456,EMA20_EXIT,1.41546824,0.0,1.41546824,WIN,5009.43978796
v0.1.1,SOLUSDT,2026-03-16T12:00:00+00:00,2026-03-16T22:00:00+00:00,93.77,97.5208,26.66097899,2500.0,97.5208,91.8946,100.0,58.66771859081511,0.4752686518321845,1.8910744000224888,0.8039881912435962,TAKE_PROFIT,100.0,0.0,100.0,WIN,5109.43978796
v0.1.1,SOLUSDT,2026-03-17T16:15:00+00:00,2026-03-17T22:30:00+00:00,94.53,94.87,26.4466307,2500.0,98.3112,92.6394,65.0,58.50144871349184,0.6160601089976087,1.3556166033243078,-0.1349433923517764,EMA20_EXIT,8.99185444,0.0,8.99185444,WIN,5118.4316424
v0.1.1,SOLUSDT,2026-03-24T09:15:00+00:00,2026-03-24T12:45:00+00:00,91.55,91.59,27.30748225,2500.0,95.212,89.719,100.0,59.10120085061081,0.4870695328870334,1.9323199530795894,0.3120097374843139,EMA20_EXIT,1.09229929,0.0,1.09229929,WIN,5119.52394169
v0.1.1,SOLUSDT,2026-03-30T11:15:00+00:00,2026-03-30T15:00:00+00:00,84.12,84.13,29.71944841,2500.0,87.4848,82.4376,100.0,57.92224535019037,0.4220795800709259,2.30607099357069,0.6081627632793299,EMA20_EXIT,0.29719448,0.0,0.29719448,WIN,5119.82113617
v0.1.1,SOLUSDT,2026-04-01T17:15:00+00:00,2026-04-01T20:00:00+00:00,84.75,83.055,29.49852507,2500.0,88.14,83.055,100.0,59.486258307979945,0.7807599955443123,1.772079161467069,0.44013638567891095,STOP_LOSS,-50.0,0.0,-50.0,LOSS,5069.82113617
v0.1.1,SOLUSDT,2026-04-04T16:45:00+00:00,2026-04-04T20:00:00+00:00,80.74,80.78,30.96358682,2500.0,83.9696,79.1252,100.0,54.6264843496914,0.3764550465340334,1.5553693517535825,0.2753755244310353,EMA20_EXIT,1.23854347,0.0,1.23854347,WIN,5071.05967964
v0.1.1,SOLUSDT,2026-04-06T08:15:00+00:00,2026-04-06T12:00:00+00:00,81.93,82.29,30.51385329,2500.0,85.2072,80.2914,100.0,55.11592925997414,0.4356152447504725,1.349100119023989,0.4048649550656224,EMA20_EXIT,10.98498718,0.0,10.98498718,WIN,5082.04466683
v0.1.1,SOLUSDT,2026-04-06T14:00:00+00:00,2026-04-06T22:45:00+00:00,82.43,80.7814,30.3287638,2500.0,85.7272,80.7814,100.0,54.02753159055376,0.3957821525550712,1.2882012582078541,0.39127521126181775,STOP_LOSS,-50.0,0.0,-50.0,LOSS,5032.04466683
v0.1.1,SOLUSDT,2026-04-08T13:15:00+00:00,2026-04-08T14:30:00+00:00,84.72,83.0256,29.50897073,2500.0,88.1088,83.0256,100.0,54.3938258109512,0.3990717058915963,1.2277624921505208,0.36388290780255966,STOP_LOSS,-50.0,0.0,-50.0,LOSS,4982.04466683
v0.1.1,SOLUSDT,2026-04-10T20:30:00+00:00,2026-04-11T21:30:00+00:00,85.18,85.28,29.34961259,2500.0,88.5872,83.4764,100.0,58.34015273721324,0.3990796868173827,1.4170457834685646,0.5987566612294667,EMA20_EXIT,2.93496126,0.0,2.93496126,WIN,4984.97962808
v0.1.1,SOLUSDT,2026-04-13T19:15:00+00:00,2026-04-14T04:15:00+00:00,83.51,85.84,29.93653455,2500.0,86.8504,81.8398,100.0,58.28409214398531,0.4851718110678992,1.4261653019820197,0.4133633963750911,EMA20_EXIT,69.75212549,0.0,69.75212549,WIN,5054.73175358
v0.1.1,SOLUSDT,2026-04-14T07:00:00+00:00,2026-04-14T18:45:00+00:00,86.02,84.2996,29.0630086,2500.0,89.4608,84.2996,100.0,57.86319739916896,0.3491953196624096,2.1755860235708226,0.5981854051869391,STOP_LOSS,-50.0,0.0,-50.0,LOSS,5004.73175358
v0.1.1,SOLUSDT,2026-04-15T20:00:00+00:00,2026-04-16T07:45:00+00:00,84.98,85.21,29.41868675,2500.0,88.3792,83.2804,100.0,56.88912409029312,0.4793544784025467,1.3534372378694945,0.5959918811117656,EMA20_EXIT,6.76629795,0.0,6.76629795,WIN,5011.49805153
v0.1.1,SOLUSDT,2026-04-17T07:00:00+00:00,2026-04-17T17:15:00+00:00,88.37,89.4,28.29014371,2500.0,91.9048,86.6026,75.0,58.32094814297761,0.3670831642623345,1.5532402620547323,0.06616825606065012,EMA20_EXIT,29.13884803,0.0,29.13884803,WIN,5040.63689956
v0.1.1,SOLUSDT,2026-04-21T16:00:00+00:00,2026-04-21T19:30:00+00:00,86.12,84.3976,29.0292615,2500.0,89.5648,84.3976,100.0,54.41263964869819,0.498877939971278,1.5090545906895994,0.1282851161582031,STOP_LOSS,-50.0,0.0,-50.0,LOSS,4990.63689956
v0.1.1,SOLUSDT,2026-04-22T01:15:00+00:00,2026-04-22T15:00:00+00:00,86.21,88.38,28.99895604,2500.0,89.6584,84.4858,100.0,58.90681093698724,0.4244602216707203,1.321363368806439,0.2104709335029595,EMA20_EXIT,62.9277346,0.0,62.9277346,WIN,5053.56463416
v0.1.1,SOLUSDT,2026-04-24T21:00:00+00:00,2026-04-26T22:45:00+00:00,86.59,86.73,28.87169419,2500.0,90.0536,84.8582,100.0,56.22838160194007,0.3302154145213763,1.2259875995500087,0.2360923802987305,EMA20_EXIT,4.04203719,0.0,4.04203719,WIN,5057.60667134
v0.1.1,SOLUSDT,2026-04-29T11:00:00+00:00,2026-04-29T15:00:00+00:00,85.03,83.3294,29.40138775,2500.0,88.4312,83.3294,100.0,56.343646809289616,0.3678283179335887,1.3419274466332964,0.37869979342078136,STOP_LOSS,-50.0,0.0,-50.0,LOSS,5007.60667134
v0.1.1,SOLUSDT,2026-05-01T13:30:00+00:00,2026-05-04T06:15:00+00:00,84.33,84.8,29.64544053,2500.0,87.7032,82.6434,100.0,58.70611697450672,0.269383250457988,1.996144073375292,0.26645034648890364,EMA20_EXIT,13.93335705,0.0,13.93335705,WIN,5021.54002839
v0.1.1,SOLUSDT,2026-05-04T15:15:00+00:00,2026-05-04T19:00:00+00:00,84.48,84.61,29.59280303,2500.0,87.8592,82.7904,65.0,51.50045591534749,0.4907546560367198,2.8205222443607427,-0.08982970452269862,EMA20_EXIT,3.84706439,0.0,3.84706439,WIN,5025.38709279
v0.1.1,SOLUSDT,2026-05-05T02:45:00+00:00,2026-05-05T06:15:00+00:00,84.51,84.63,29.58229795,2500.0,87.8904,82.8198,65.0,54.511377228806246,0.2457036841441902,1.3336663789726213,-0.01195522598469393,EMA20_EXIT,3.54987575,0.0,3.54987575,WIN,5028.93696854
v0.1.1,SOLUSDT,2026-05-05T07:00:00+00:00,2026-05-05T16:30:00+00:00,84.9,85.13,29.44640754,2500.0,88.296,83.202,100.0,58.10999084465267,0.2755826977237511,1.4884938193836756,0.15625008129488932,EMA20_EXIT,6.77267373,0.0,6.77267373,WIN,5035.70964228
v0.1.1,SOLUSDT,2026-05-05T22:30:00+00:00,2026-05-06T04:45:00+00:00,86.38,86.81,28.9418847,2500.0,89.8352,84.6524,100.0,54.41894034250263,0.3712309469959557,1.370714373145418,0.5713962464781154,EMA20_EXIT,12.44501042,0.0,12.44501042,WIN,5048.1546527
v0.1.1,SOLUSDT,2026-05-06T05:30:00+00:00,2026-05-06T13:00:00+00:00,87.14,88.92,28.68946523,2500.0,90.6256,85.3972,100.0,59.72157992332054,0.3416316179587143,2.3059066805326682,0.4408948180933849,EMA20_EXIT,51.06724811,0.0,51.06724811,WIN,5099.2219008
v0.1.1,SOLUSDT,2026-05-06T21:15:00+00:00,2026-05-08T02:15:00+00:00,89.41,87.6218,27.96107818,2500.0,92.9864,87.6218,100.0,58.661555498329726,0.3873387363181653,1.6709323958652462,0.3570975269316513,STOP_LOSS,-50.0,0.0,-50.0,LOSS,5049.2219008
v0.1.1,SOLUSDT,2026-05-09T07:30:00+00:00,2026-05-10T10:00:00+00:00,93.72,93.82,26.67520273,2500.0,97.4688,91.8456,100.0,59.31769644545617,0.3722702939688143,1.7631357512444845,0.7779401803861179,EMA20_EXIT,2.66752027,0.0,2.66752027,WIN,5051.88942108
v0.1.1,SOLUSDT,2026-05-11T00:15:00+00:00,2026-05-11T21:45:00+00:00,96.11,97.41,26.01186141,2500.0,99.9544,94.1878,100.0,55.19142331713288,0.6165632542490932,1.605846974370865,0.6132619627915976,EMA20_EXIT,33.81541983,0.0,33.81541983,WIN,5085.70484091
v0.1.1,SOLUSDT,2026-05-11T23:00:00+00:00,2026-05-12T01:30:00+00:00,97.49,95.5402,25.64365576,2500.0,101.3896,95.5402,100.0,53.22630756611176,0.428498557061743,1.3602624392020068,0.6042726235111545,STOP_LOSS,-50.0,0.0,-50.0,LOSS,5035.70484091
v0.1.1,SOLUSDT,2026-05-20T16:15:00+00:00,2026-05-20T18:30:00+00:00,85.67,85.96,29.1817439,2500.0,89.0968,83.9566,100.0,56.094145872398,0.4781680043417132,1.635886578409746,0.40319804711833,EMA20_EXIT,8.46270573,0.0,8.46270573,WIN,5044.16754664
v0.1.1,SOLUSDT,2026-05-21T01:15:00+00:00,2026-05-21T05:15:00+00:00,86.53,86.64,28.89171386,2500.0,89.9912,84.7994,100.0,57.780507169225416,0.363338702301832,1.5705296139912186,0.37174379668195795,EMA20_EXIT,3.17808852,0.0,3.17808852,WIN,5047.34563516
v0.1.1,SOLUSDT,2026-05-21T09:00:00+00:00,2026-05-21T22:00:00+00:00,86.89,87.34,28.77201059,2500.0,90.3656,85.1522,100.0,57.97119984130651,0.3112604999338397,1.6548336378855029,0.25525169729216896,EMA20_EXIT,12.94740476,0.0,12.94740476,WIN,5060.29303993
v0.1.1,SOLUSDT,2026-05-22T08:30:00+00:00,2026-05-22T13:30:00+00:00,87.15,87.26,28.68617326,2500.0,90.636,85.407,100.0,53.25532303246701,0.3196899813130945,2.59074567047993,0.020135050242683996,EMA20_EXIT,3.15547906,0.0,3.15547906,WIN,5063.44851899
v0.1.1,SOLUSDT,2026-05-25T07:45:00+00:00,2026-05-25T16:00:00+00:00,85.96,86.07,29.08329456,2500.0,89.3984,84.2408,100.0,58.29799109190028,0.3536959726489613,2.254891331324991,0.19380817764343392,EMA20_EXIT,3.1991624,0.0,3.1991624,WIN,5066.64768139
v0.1.1,SOLUSDT,2026-06-07T22:45:00+00:00,2026-06-08T04:00:00+00:00,65.83,65.95,37.97660641,2500.0,68.4632,64.5134,100.0,56.63066731805824,1.0513731546376648,1.4451156526875155,0.5073919858957489,EMA20_EXIT,4.55719277,0.0,4.55719277,WIN,5071.20487416
v0.1.1,SOLUSDT,2026-06-08T13:30:00+00:00,2026-06-08T16:45:00+00:00,66.59,66.96,37.54317465,2500.0,69.2536,65.2582,100.0,53.12846123175203,0.664702794867598,1.259688209395719,0.5358317287636067,EMA20_EXIT,13.89097462,0.0,13.89097462,WIN,5085.09584878
v0.1.1,SOLUSDT,2026-06-12T15:30:00+00:00,2026-06-13T16:15:00+00:00,67.75,68.03,36.900369,2500.0,70.46,66.395,100.0,58.30211731801373,0.6621154594727977,1.9581013988323657,0.455894584098129,EMA20_EXIT,10.33210332,0.0,10.33210332,WIN,5095.4279521
v0.1.1,SOLUSDT,2026-06-15T07:45:00+00:00,2026-06-15T13:15:00+00:00,71.28,74.1312,35.07295174,2500.0,74.1312,69.8544,100.0,56.9798537494741,0.3907478616358485,1.4416389427193472,0.9114981733055109,TAKE_PROFIT,100.0,0.0,100.0,WIN,5195.4279521
v0.1.1,SOLUSDT,2026-06-16T12:30:00+00:00,2026-06-16T14:15:00+00:00,74.99,73.4902,33.33777837,2500.0,77.9896,73.4902,100.0,59.42939917279184,0.4710291948880558,1.7695520028614815,0.4053274560663342,STOP_LOSS,-50.0,0.0,-50.0,LOSS,5145.4279521
v0.1.1,SOLUSDT,2026-06-17T02:30:00+00:00,2026-06-17T08:30:00+00:00,73.88,72.4024,33.83865728,2500.0,76.8352,72.4024,65.0,51.8114198087634,0.497641290578804,2.2013160340010427,-0.04609766412468833,STOP_LOSS,-50.0,0.0,-50.0,LOSS,5095.4279521
v0.1.1,SOLUSDT,2026-06-17T18:45:00+00:00,2026-06-17T19:15:00+00:00,73.5,72.03,34.01360544,2500.0,76.44,72.03,100.0,51.7269850707942,0.8821395950691825,2.1367812808001077,0.3092619917791955,STOP_LOSS,-50.0,0.0,-50.0,LOSS,5045.4279521
v0.1.1,SOLUSDT,2026-06-20T15:00:00+00:00,2026-06-21T05:00:00+00:00,71.99,73.21,34.72704542,2500.0,74.8696,70.5502,100.0,59.65120412137793,0.5432700929907717,4.7137484374918435,0.382702551617719,EMA20_EXIT,42.36699542,0.0,42.36699542,WIN,5087.79494751
v0.1.1,SOLUSDT,2026-06-21T13:00:00+00:00,2026-06-21T18:00:00+00:00,73.77,73.96,33.88911482,2500.0,76.7208,72.2946,100.0,57.316263717438375,0.4232001102445324,1.4755368670874693,0.2751613995678251,EMA20_EXIT,6.43893182,0.0,6.43893182,WIN,5094.23387933
v0.1.1,SOLUSDT,2026-06-21T18:30:00+00:00,2026-06-21T21:00:00+00:00,74.3,72.814,33.6473755,2500.0,77.272,72.814,100.0,57.23120001126899,0.4430034508523986,1.4032978031410719,0.41449479097972597,STOP_LOSS,-50.0,0.0,-50.0,LOSS,5044.23387933
v0.1.1,SOLUSDT,2026-06-22T07:45:00+00:00,2026-06-22T16:15:00+00:00,74.1,72.618,33.73819163,2500.0,77.064,72.618,100.0,54.91563491016591,0.4564037129781503,1.2281798693783512,0.19838698205053787,STOP_LOSS,-50.0,0.0,-50.0,LOSS,4994.23387933
v0.1.1,SOLUSDT,2026-06-26T14:45:00+00:00,2026-06-26T16:00:00+00:00,70.46,73.2784,35.48112404,2500.0,73.2784,69.0508,100.0,58.53256859761108,1.047631697992379,1.3984572407735416,0.9252555838488913,TAKE_PROFIT,100.0,0.0,100.0,WIN,5094.23387933
v0.1.1,SOLUSDT,2026-06-26T20:00:00+00:00,2026-06-27T19:15:00+00:00,72.77,71.3146,34.35481655,2500.0,75.6808,71.3146,100.0,58.022698512477,0.936776143283206,1.6323677638871066,1.7801062376305288,STOP_LOSS,-50.0,0.0,-50.0,LOSS,5044.23387933
v0.1.1,SOLUSDT,2026-06-28T09:45:00+00:00,2026-06-28T13:00:00+00:00,71.54,71.6,34.94548504,2500.0,74.4016,70.1092,100.0,57.46991310902253,0.4367270236505869,1.327382149130016,0.16059296177872312,EMA20_EXIT,2.0967291,0.0,2.0967291,WIN,5046.33060843
v0.1.1,SOLUSDT,2026-06-28T15:45:00+00:00,2026-06-28T19:45:00+00:00,72.09,70.6482,34.67887363,2500.0,74.9736,70.6482,100.0,59.09023316390913,0.4974074147725203,1.3954169584118545,0.3315507251026201,STOP_LOSS,-50.0,0.0,-50.0,LOSS,4996.33060843
v0.1.1,SOLUSDT,2026-06-29T00:45:00+00:00,2026-06-29T04:30:00+00:00,71.66,71.91,34.88696623,2500.0,74.5264,70.2268,65.0,57.587378920380765,0.8270890679693798,1.2026274368070455,-0.13342282926140275,EMA20_EXIT,8.72174156,0.0,8.72174156,WIN,5005.05234999
v0.1.1,SOLUSDT,2026-06-29T06:15:00+00:00,2026-06-29T11:15:00+00:00,72.68,72.74,34.39735828,2500.0,75.5872,71.2264,100.0,59.40830353699707,0.7541449164799099,1.2325656610359448,0.4269384169404229,EMA20_EXIT,2.0638415,0.0,2.0638415,WIN,5007.11619149
v0.1.1,SOLUSDT,2026-06-29T12:30:00+00:00,2026-06-29T17:15:00+00:00,73.39,76.3256,34.06458646,2500.0,76.3256,71.9222,100.0,56.78569884896943,0.8225003842842271,4.772883231034292,0.6772920348395516,TAKE_PROFIT,100.0,0.0,100.0,WIN,5107.11619149
v0.1.1,SOLUSDT,2026-07-01T09:00:00+00:00,2026-07-01T16:15:00+00:00,75.16,78.1664,33.2623736,2500.0,78.1664,73.6568,100.0,56.91105109241115,0.6128448096602038,1.2269486010676771,0.47346507940491694,TAKE_PROFIT,100.0,0.0,100.0,WIN,5207.11619149
v0.1.1,SOLUSDT,2026-07-05T22:30:00+00:00,2026-07-06T12:00:00+00:00,81.68,80.0464,30.6072478,2500.0,84.9472,80.0464,100.0,59.28028203096749,0.43028897645798,2.97538798434105,0.2816867636125118,STOP_LOSS,-50.0,0.0,-50.0,LOSS,5157.11619149
v0.1.1,SOLUSDT,2026-07-07T00:30:00+00:00,2026-07-07T04:45:00+00:00,82.33,80.6834,30.36560185,2500.0,85.6232,80.6834,100.0,55.727661841578566,0.4400510799491748,1.4186601536929366,0.4750232084851402,STOP_LOSS,-50.0,0.0,-50.0,LOSS,5107.11619149
v0.1.1,SOLUSDT,2026-07-07T12:30:00+00:00,2026-07-08T01:15:00+00:00,81.71,80.0758,30.59601028,2500.0,84.9784,80.0758,65.0,58.16397063115959,0.3745225089773131,1.2475727900644862,-0.03083716020259082,STOP_LOSS,-50.0,0.0,-50.0,LOSS,5057.11619149
