trades,wins,losses,win_rate,gross_profit,gross_loss,net_profit,profit_factor,profit_factor_score,max_drawdown,expectancy,time,symbol,min_score,rsi_range,atr_mode,volume_multiplier,ema_confirm,exit_mode,take_profit_pct,stop_loss_pct
66,54,12,81.82,1214.82,-652.47,562.35,1.8619,1.8618863694429961,-127.19,8.52,2026-07-09T15:24:44.910208,BNBUSDT,60,"(30, 55)",sma20,1.15,True,ema20_exit,0.04,-0.02
66,54,12,81.82,1214.82,-652.47,562.35,1.8619,1.8618863694429961,-127.19,8.52,2026-07-09T15:28:38.406444,BNBUSDT,65,"(30, 55)",sma20,1.15,True,ema20_exit,0.04,-0.02
66,54,12,81.82,1214.82,-652.47,562.35,1.8619,1.8618863694429961,-127.19,8.52,2026-07-09T15:31:38.869465,BNBUSDT,70,"(30, 55)",sma20,1.15,True,ema20_exit,0.04,-0.02
70,57,13,81.43,1300.48,-721.76,578.72,1.8018,1.801822723019838,-137.58,8.27,2026-07-09T15:24:37.506448,BNBUSDT,60,"(30, 55)",sma20,1.1,True,ema20_exit,0.04,-0.02
70,57,13,81.43,1300.48,-721.76,578.72,1.8018,1.801822723019838,-137.58,8.27,2026-07-09T15:28:31.140287,BNBUSDT,65,"(30, 55)",sma20,1.1,True,ema20_exit,0.04,-0.02
70,57,13,81.43,1300.48,-721.76,578.72,1.8018,1.801822723019838,-137.58,8.27,2026-07-09T15:31:31.758906,BNBUSDT,70,"(30, 55)",sma20,1.1,True,ema20_exit,0.04,-0.02
64,52,12,81.25,1085.32,-652.47,432.86,1.6634,1.6634144464908656,-142.03,6.76,2026-07-09T15:24:52.374833,BNBUSDT,60,"(30, 55)",sma20,1.2,True,ema20_exit,0.04,-0.02
64,52,12,81.25,1085.32,-652.47,432.86,1.6634,1.6634144464908656,-142.03,6.76,2026-07-09T15:28:45.708466,BNBUSDT,65,"(30, 55)",sma20,1.2,True,ema20_exit,0.04,-0.02
64,52,12,81.25,1085.32,-652.47,432.86,1.6634,1.6634144464908656,-142.03,6.76,2026-07-09T15:31:45.997120,BNBUSDT,70,"(30, 55)",sma20,1.2,True,ema20_exit,0.04,-0.02
58,46,12,79.31,1098.47,-684.02,414.45,1.6059,1.6058949858337888,-260.06,7.15,2026-07-09T15:15:27.512031,XRPUSDT,60,"(30, 55)",sma20,1.15,True,ema20_exit,0.04,-0.02
58,46,12,79.31,1098.47,-684.02,414.45,1.6059,1.6058949858337888,-260.06,7.15,2026-07-09T15:18:33.353990,XRPUSDT,65,"(30, 55)",sma20,1.15,True,ema20_exit,0.04,-0.02
58,46,12,79.31,1098.47,-684.02,414.45,1.6059,1.6058949858337888,-260.06,7.15,2026-07-09T15:21:38.601312,XRPUSDT,70,"(30, 55)",sma20,1.15,True,ema20_exit,0.04,-0.02
121,92,29,76.03,2595.75,-1684.98,910.77,1.5405,1.5405245534654497,-365.91,7.53,2026-07-09T14:54:15.886190,ETHUSDT,60,"(30, 60)",sma20,1.1,True,ema20_exit,0.04,-0.02
121,92,29,76.03,2595.75,-1684.98,910.77,1.5405,1.5405245534654497,-365.91,7.53,2026-07-09T14:55:13.272996,ETHUSDT,60,"(35, 60)",sma20,1.1,True,ema20_exit,0.04,-0.02
121,92,29,76.03,2595.75,-1684.98,910.77,1.5405,1.5405245534654497,-365.91,7.53,2026-07-09T14:58:21.601846,ETHUSDT,65,"(30, 60)",sma20,1.1,True,ema20_exit,0.04,-0.02
121,92,29,76.03,2595.75,-1684.98,910.77,1.5405,1.5405245534654497,-365.91,7.53,2026-07-09T14:59:23.984994,ETHUSDT,65,"(35, 60)",sma20,1.1,True,ema20_exit,0.04,-0.02
121,92,29,76.03,2595.75,-1684.98,910.77,1.5405,1.5405245534654497,-365.91,7.53,2026-07-09T15:02:23.965730,ETHUSDT,70,"(30, 60)",sma20,1.1,True,ema20_exit,0.04,-0.02
121,92,29,76.03,2595.75,-1684.98,910.77,1.5405,1.5405245534654497,-365.91,7.53,2026-07-09T15:03:13.588109,ETHUSDT,70,"(35, 60)",sma20,1.1,True,ema20_exit,0.04,-0.02
54,43,11,79.63,975.99,-633.92,342.07,1.5396,1.5396099603088784,-322.44,6.33,2026-07-09T15:15:34.861462,XRPUSDT,60,"(30, 55)",sma20,1.2,True,ema20_exit,0.04,-0.02
54,43,11,79.63,975.99,-633.92,342.07,1.5396,1.5396099603088784,-322.44,6.33,2026-07-09T15:18:40.503132,XRPUSDT,65,"(30, 55)",sma20,1.2,True,ema20_exit,0.04,-0.02
54,43,11,79.63,975.99,-633.92,342.07,1.5396,1.5396099603088784,-322.44,6.33,2026-07-09T15:21:46.599463,XRPUSDT,70,"(30, 55)",sma20,1.2,True,ema20_exit,0.04,-0.02
60,47,13,78.33,1118.43,-735.35,383.08,1.5209,1.52094448737165,-260.06,6.38,2026-07-09T15:15:20.190352,XRPUSDT,60,"(30, 55)",sma20,1.1,True,ema20_exit,0.04,-0.02
60,47,13,78.33,1118.43,-735.35,383.08,1.5209,1.52094448737165,-260.06,6.38,2026-07-09T15:18:26.117721,XRPUSDT,65,"(30, 55)",sma20,1.1,True,ema20_exit,0.04,-0.02
60,47,13,78.33,1118.43,-735.35,383.08,1.5209,1.52094448737165,-260.06,6.38,2026-07-09T15:21:29.166511,XRPUSDT,70,"(30, 55)",sma20,1.1,True,ema20_exit,0.04,-0.02
120,91,29,75.83,2440.08,-1684.98,755.1,1.4481,1.4481371248017776,-365.91,6.29,2026-07-09T14:54:24.220117,ETHUSDT,60,"(30, 60)",sma20,1.15,True,ema20_exit,0.04,-0.02
120,91,29,75.83,2440.08,-1684.98,755.1,1.4481,1.4481371248017776,-365.91,6.29,2026-07-09T14:55:22.676872,ETHUSDT,60,"(35, 60)",sma20,1.15,True,ema20_exit,0.04,-0.02
120,91,29,75.83,2440.08,-1684.98,755.1,1.4481,1.4481371248017776,-365.91,6.29,2026-07-09T14:58:30.773086,ETHUSDT,65,"(30, 60)",sma20,1.15,True,ema20_exit,0.04,-0.02
120,91,29,75.83,2440.08,-1684.98,755.1,1.4481,1.4481371248017776,-365.91,6.29,2026-07-09T14:59:34.240009,ETHUSDT,65,"(35, 60)",sma20,1.15,True,ema20_exit,0.04,-0.02
120,91,29,75.83,2440.08,-1684.98,755.1,1.4481,1.4481371248017776,-365.91,6.29,2026-07-09T15:02:32.110528,ETHUSDT,70,"(30, 60)",sma20,1.15,True,ema20_exit,0.04,-0.02
120,91,29,75.83,2440.08,-1684.98,755.1,1.4481,1.4481371248017776,-365.91,6.29,2026-07-09T15:03:21.469414,ETHUSDT,70,"(35, 60)",sma20,1.15,True,ema20_exit,0.04,-0.02
146,111,35,76.03,2837.35,-1964.31,873.04,1.4444,1.4444499538642652,-367.62,5.98,2026-07-09T15:25:28.997044,BNBUSDT,60,"(30, 60)",sma20,1.1,True,ema20_exit,0.04,-0.02
146,111,35,76.03,2837.35,-1964.31,873.04,1.4444,1.4444499538642652,-367.62,5.98,2026-07-09T15:26:35.252393,BNBUSDT,60,"(35, 60)",sma20,1.1,True,ema20_exit,0.04,-0.02
146,111,35,76.03,2837.35,-1964.31,873.04,1.4444,1.4444499538642652,-367.62,5.98,2026-07-09T15:29:15.104796,BNBUSDT,65,"(30, 60)",sma20,1.1,True,ema20_exit,0.04,-0.02
146,111,35,76.03,2837.35,-1964.31,873.04,1.4444,1.4444499538642652,-367.62,5.98,2026-07-09T15:30:00.659847,BNBUSDT,65,"(35, 60)",sma20,1.1,True,ema20_exit,0.04,-0.02
146,111,35,76.03,2837.35,-1964.31,873.04,1.4444,1.4444499538642652,-367.62,5.98,2026-07-09T15:32:15.649529,BNBUSDT,70,"(30, 60)",sma20,1.1,True,ema20_exit,0.04,-0.02
146,111,35,76.03,2837.35,-1964.31,873.04,1.4444,1.4444499538642652,-367.62,5.98,2026-07-09T15:33:00.971258,BNBUSDT,70,"(35, 60)",sma20,1.1,True,ema20_exit,0.04,-0.02
96,41,55,42.71,4576.14,-3170.93,1405.21,1.4432,1.443154895315484,-547.62,14.64,2026-07-09T14:56:08.709390,ETHUSDT,60,"(35, 65)",sma20,1.1,True,fixed,0.04,-0.02
96,41,55,42.71,4576.14,-3170.93,1405.21,1.4432,1.443154895315484,-547.62,14.64,2026-07-09T15:00:21.089144,ETHUSDT,65,"(35, 65)",sma20,1.1,True,fixed,0.04,-0.02
96,41,55,42.71,4576.14,-3170.93,1405.21,1.4432,1.443154895315484,-547.62,14.64,2026-07-09T15:03:56.875772,ETHUSDT,70,"(35, 65)",sma20,1.1,True,fixed,0.04,-0.02
140,107,33,76.43,2665.96,-1848.75,817.21,1.442,1.4420318440747142,-312.69,5.84,2026-07-09T15:25:38.642119,BNBUSDT,60,"(30, 60)",sma20,1.15,True,ema20_exit,0.04,-0.02
140,107,33,76.43,2665.96,-1848.75,817.21,1.442,1.4420318440747142,-312.69,5.84,2026-07-09T15:26:43.856896,BNBUSDT,60,"(35, 60)",sma20,1.15,True,ema20_exit,0.04,-0.02
140,107,33,76.43,2665.96,-1848.75,817.21,1.442,1.4420318440747142,-312.69,5.84,2026-07-09T15:29:22.656806,BNBUSDT,65,"(30, 60)",sma20,1.15,True,ema20_exit,0.04,-0.02
140,107,33,76.43,2665.96,-1848.75,817.21,1.442,1.4420318440747142,-312.69,5.84,2026-07-09T15:30:08.193275,BNBUSDT,65,"(35, 60)",sma20,1.15,True,ema20_exit,0.04,-0.02
140,107,33,76.43,2665.96,-1848.75,817.21,1.442,1.4420318440747142,-312.69,5.84,2026-07-09T15:32:23.165250,BNBUSDT,70,"(30, 60)",sma20,1.15,True,ema20_exit,0.04,-0.02
140,107,33,76.43,2665.96,-1848.75,817.21,1.442,1.4420318440747142,-312.69,5.84,2026-07-09T15:33:08.463578,BNBUSDT,70,"(35, 60)",sma20,1.15,True,ema20_exit,0.04,-0.02
96,41,55,42.71,4576.14,-3179.78,1396.35,1.4391,1.4391348924262142,-557.54,14.55,2026-07-09T14:56:19.932299,ETHUSDT,60,"(35, 65)",sma20,1.15,True,fixed,0.04,-0.02
96,41,55,42.71,4576.14,-3179.78,1396.35,1.4391,1.4391348924262142,-557.54,14.55,2026-07-09T15:00:32.397531,ETHUSDT,65,"(35, 65)",sma20,1.15,True,fixed,0.04,-0.02
96,41,55,42.71,4576.14,-3179.78,1396.35,1.4391,1.4391348924262142,-557.54,14.55,2026-07-09T15:04:05.008315,ETHUSDT,70,"(35, 65)",sma20,1.15,True,fixed,0.04,-0.02
79,34,45,43.04,3784.65,-2640.0,1144.65,1.4336,1.433579878675813,-637.72,14.49,2026-07-09T14:54:10.892300,ETHUSDT,60,"(30, 60)",sma20,1.1,True,fixed,0.04,-0.02
79,34,45,43.04,3784.65,-2640.0,1144.65,1.4336,1.433579878675813,-637.72,14.49,2026-07-09T14:55:07.560427,ETHUSDT,60,"(35, 60)",sma20,1.1,True,fixed,0.04,-0.02
79,34,45,43.04,3784.65,-2640.0,1144.65,1.4336,1.433579878675813,-637.72,14.49,2026-07-09T14:58:15.383102,ETHUSDT,65,"(30, 60)",sma20,1.1,True,fixed,0.04,-0.02
79,34,45,43.04,3784.65,-2640.0,1144.65,1.4336,1.433579878675813,-637.72,14.49,2026-07-09T14:59:17.343010,ETHUSDT,65,"(35, 60)",sma20,1.1,True,fixed,0.04,-0.02
79,34,45,43.04,3784.65,-2640.0,1144.65,1.4336,1.433579878675813,-637.72,14.49,2026-07-09T15:02:19.777132,ETHUSDT,70,"(30, 60)",sma20,1.1,True,fixed,0.04,-0.02
79,34,45,43.04,3784.65,-2640.0,1144.65,1.4336,1.433579878675813,-637.72,14.49,2026-07-09T15:03:09.426598,ETHUSDT,70,"(35, 60)",sma20,1.1,True,fixed,0.04,-0.02
167,127,40,76.05,3163.22,-2220.67,942.55,1.4244,1.4244437583657124,-341.19,5.64,2026-07-09T15:27:47.546160,BNBUSDT,60,"(35, 65)",sma20,1.15,True,ema20_exit,0.04,-0.02
167,127,40,76.05,3163.22,-2220.67,942.55,1.4244,1.4244437583657124,-341.19,5.64,2026-07-09T15:30:53.629354,BNBUSDT,65,"(35, 65)",sma20,1.15,True,ema20_exit,0.04,-0.02
167,127,40,76.05,3163.22,-2220.67,942.55,1.4244,1.4244437583657124,-341.19,5.64,2026-07-09T15:33:55.634246,BNBUSDT,70,"(35, 65)",sma20,1.15,True,ema20_exit,0.04,-0.02
72,31,41,43.06,3415.6,-2398.71,1016.89,1.4239,1.4239315144709974,-598.07,14.12,2026-07-09T14:54:28.804663,ETHUSDT,60,"(30, 60)",sma20,1.2,True,fixed,0.04,-0.02
72,31,41,43.06,3415.6,-2398.71,1016.89,1.4239,1.4239315144709974,-598.07,14.12,2026-07-09T14:55:27.049600,ETHUSDT,60,"(35, 60)",sma20,1.2,True,fixed,0.04,-0.02
72,31,41,43.06,3415.6,-2398.71,1016.89,1.4239,1.4239315144709974,-598.07,14.12,2026-07-09T14:58:35.332639,ETHUSDT,65,"(30, 60)",sma20,1.2,True,fixed,0.04,-0.02
72,31,41,43.06,3415.6,-2398.71,1016.89,1.4239,1.4239315144709974,-598.07,14.12,2026-07-09T14:59:38.574450,ETHUSDT,65,"(35, 60)",sma20,1.2,True,fixed,0.04,-0.02
72,31,41,43.06,3415.6,-2398.71,1016.89,1.4239,1.4239315144709974,-598.07,14.12,2026-07-09T15:02:35.989775,ETHUSDT,70,"(30, 60)",sma20,1.2,True,fixed,0.04,-0.02
72,31,41,43.06,3415.6,-2398.71,1016.89,1.4239,1.4239315144709974,-598.07,14.12,2026-07-09T15:03:25.267390,ETHUSDT,70,"(35, 60)",sma20,1.2,True,fixed,0.04,-0.02
163,123,40,75.46,3087.14,-2218.87,868.27,1.3913,1.3913101517998174,-449.62,5.33,2026-07-09T15:27:57.448409,BNBUSDT,60,"(35, 65)",sma20,1.2,True,ema20_exit,0.04,-0.02
163,123,40,75.46,3087.14,-2218.87,868.27,1.3913,1.3913101517998174,-449.62,5.33,2026-07-09T15:31:01.294616,BNBUSDT,65,"(35, 65)",sma20,1.2,True,ema20_exit,0.04,-0.02
163,123,40,75.46,3087.14,-2218.87,868.27,1.3913,1.3913101517998174,-449.62,5.33,2026-07-09T15:34:03.501144,BNBUSDT,70,"(35, 65)",sma20,1.2,True,ema20_exit,0.04,-0.02
135,103,32,76.3,2486.39,-1791.53,694.86,1.3879,1.3878611066735564,-328.81,5.15,2026-07-09T15:25:47.992932,BNBUSDT,60,"(30, 60)",sma20,1.2,True,ema20_exit,0.04,-0.02
135,103,32,76.3,2486.39,-1791.53,694.86,1.3879,1.3878611066735564,-328.81,5.15,2026-07-09T15:26:54.737212,BNBUSDT,60,"(35, 60)",sma20,1.2,True,ema20_exit,0.04,-0.02
135,103,32,76.3,2486.39,-1791.53,694.86,1.3879,1.3878611066735564,-328.81,5.15,2026-07-09T15:29:30.505139,BNBUSDT,65,"(30, 60)",sma20,1.2,True,ema20_exit,0.04,-0.02
135,103,32,76.3,2486.39,-1791.53,694.86,1.3879,1.3878611066735564,-328.81,5.15,2026-07-09T15:30:15.767455,BNBUSDT,65,"(35, 60)",sma20,1.2,True,ema20_exit,0.04,-0.02
135,103,32,76.3,2486.39,-1791.53,694.86,1.3879,1.3878611066735564,-328.81,5.15,2026-07-09T15:32:30.717996,BNBUSDT,70,"(30, 60)",sma20,1.2,True,ema20_exit,0.04,-0.02
135,103,32,76.3,2486.39,-1791.53,694.86,1.3879,1.3878611066735564,-328.81,5.15,2026-07-09T15:33:17.503085,BNBUSDT,70,"(35, 60)",sma20,1.2,True,ema20_exit,0.04,-0.02
112,83,29,74.11,2327.99,-1679.3,648.69,1.3863,1.3862853827873813,-407.55,5.79,2026-07-09T14:54:33.232653,ETHUSDT,60,"(30, 60)",sma20,1.2,True,ema20_exit,0.04,-0.02
112,83,29,74.11,2327.99,-1679.3,648.69,1.3863,1.3862853827873813,-407.55,5.79,2026-07-09T14:55:32.634029,ETHUSDT,60,"(35, 60)",sma20,1.2,True,ema20_exit,0.04,-0.02
112,83,29,74.11,2327.99,-1679.3,648.69,1.3863,1.3862853827873813,-407.55,5.79,2026-07-09T14:58:40.263288,ETHUSDT,65,"(30, 60)",sma20,1.2,True,ema20_exit,0.04,-0.02
112,83,29,74.11,2327.99,-1679.3,648.69,1.3863,1.3862853827873813,-407.55,5.79,2026-07-09T14:59:43.293668,ETHUSDT,65,"(35, 60)",sma20,1.2,True,ema20_exit,0.04,-0.02
112,83,29,74.11,2327.99,-1679.3,648.69,1.3863,1.3862853827873813,-407.55,5.79,2026-07-09T15:02:40.252206,ETHUSDT,70,"(30, 60)",sma20,1.2,True,ema20_exit,0.04,-0.02
112,83,29,74.11,2327.99,-1679.3,648.69,1.3863,1.3862853827873813,-407.55,5.79,2026-07-09T15:03:29.484719,ETHUSDT,70,"(35, 60)",sma20,1.2,True,ema20_exit,0.04,-0.02
76,32,44,42.11,3576.78,-2582.44,994.34,1.385,1.3850413746862704,-658.8,13.08,2026-07-09T14:54:19.693565,ETHUSDT,60,"(30, 60)",sma20,1.15,True,fixed,0.04,-0.02
76,32,44,42.11,3576.78,-2582.44,994.34,1.385,1.3850413746862704,-658.8,13.08,2026-07-09T14:55:17.730734,ETHUSDT,60,"(35, 60)",sma20,1.15,True,fixed,0.04,-0.02
76,32,44,42.11,3576.78,-2582.44,994.34,1.385,1.3850413746862704,-658.8,13.08,2026-07-09T14:58:25.893423,ETHUSDT,65,"(30, 60)",sma20,1.15,True,fixed,0.04,-0.02
76,32,44,42.11,3576.78,-2582.44,994.34,1.385,1.3850413746862704,-658.8,13.08,2026-07-09T14:59:29.352893,ETHUSDT,65,"(35, 60)",sma20,1.15,True,fixed,0.04,-0.02
76,32,44,42.11,3576.78,-2582.44,994.34,1.385,1.3850413746862704,-658.8,13.08,2026-07-09T15:02:27.840605,ETHUSDT,70,"(30, 60)",sma20,1.15,True,fixed,0.04,-0.02
76,32,44,42.11,3576.78,-2582.44,994.34,1.385,1.3850413746862704,-658.8,13.08,2026-07-09T15:03:17.413844,ETHUSDT,70,"(35, 60)",sma20,1.15,True,fixed,0.04,-0.02
158,115,43,72.78,3417.25,-2470.49,946.76,1.3832,1.38323010734286,-398.29,5.99,2026-07-09T14:56:14.786165,ETHUSDT,60,"(35, 65)",sma20,1.1,True,ema20_exit,0.04,-0.02
158,115,43,72.78,3417.25,-2470.49,946.76,1.3832,1.38323010734286,-398.29,5.99,2026-07-09T15:00:26.724151,ETHUSDT,65,"(35, 65)",sma20,1.1,True,ema20_exit,0.04,-0.02
158,115,43,72.78,3417.25,-2470.49,946.76,1.3832,1.38323010734286,-398.29,5.99,2026-07-09T15:04:01.232707,ETHUSDT,70,"(35, 65)",sma20,1.1,True,ema20_exit,0.04,-0.02
154,111,43,72.08,3392.62,-2469.42,923.2,1.3739,1.3738537343833337,-403.7,5.99,2026-07-09T14:56:25.587093,ETHUSDT,60,"(35, 65)",sma20,1.15,True,ema20_exit,0.04,-0.02
154,111,43,72.08,3392.62,-2469.42,923.2,1.3739,1.3738537343833337,-403.7,5.99,2026-07-09T15:00:38.004847,ETHUSDT,65,"(35, 65)",sma20,1.15,True,ema20_exit,0.04,-0.02
154,111,43,72.08,3392.62,-2469.42,923.2,1.3739,1.3738537343833337,-403.7,5.99,2026-07-09T15:04:09.258390,ETHUSDT,70,"(35, 65)",sma20,1.15,True,ema20_exit,0.04,-0.02
94,39,55,41.49,4323.88,-3176.23,1147.65,1.3613,1.3613231618655468,-561.65,12.21,2026-07-09T14:56:30.919437,ETHUSDT,60,"(35, 65)",sma20,1.2,True,fixed,0.04,-0.02
94,39,55,41.49,4323.88,-3176.23,1147.65,1.3613,1.3613231618655468,-561.65,12.21,2026-07-09T15:00:42.888976,ETHUSDT,65,"(35, 65)",sma20,1.2,True,fixed,0.04,-0.02
94,39,55,41.49,4323.88,-3176.23,1147.65,1.3613,1.3613231618655468,-561.65,12.21,2026-07-09T15:04:13.032504,ETHUSDT,70,"(35, 65)",sma20,1.2,True,fixed,0.04,-0.02
173,130,43,75.14,3143.07,-2389.35,753.72,1.3154,1.3154475049422363,-449.06,4.36,2026-07-09T15:27:37.893524,BNBUSDT,60,"(35, 65)",sma20,1.1,True,ema20_exit,0.04,-0.02
173,130,43,75.14,3143.07,-2389.35,753.72,1.3154,1.3154475049422363,-449.06,4.36,2026-07-09T15:30:46.126970,BNBUSDT,65,"(35, 65)",sma20,1.1,True,ema20_exit,0.04,-0.02
173,130,43,75.14,3143.07,-2389.35,753.72,1.3154,1.3154475049422363,-449.06,4.36,2026-07-09T15:33:47.399273,BNBUSDT,70,"(35, 65)",sma20,1.1,True,ema20_exit,0.04,-0.02
150,107,43,71.33,3232.61,-2459.91,772.7,1.3141,1.3141180227782492,-401.85,5.15,2026-07-09T14:56:37.738719,ETHUSDT,60,"(35, 65)",sma20,1.2,True,ema20_exit,0.04,-0.02
150,107,43,71.33,3232.61,-2459.91,772.7,1.3141,1.3141180227782492,-401.85,5.15,2026-07-09T15:00:48.787105,ETHUSDT,65,"(35, 65)",sma20,1.2,True,ema20_exit,0.04,-0.02
150,107,43,71.33,3232.61,-2459.91,772.7,1.3141,1.3141180227782492,-401.85,5.15,2026-07-09T15:04:17.343067,ETHUSDT,70,"(35, 65)",sma20,1.2,True,ema20_exit,0.04,-0.02
74,30,44,40.54,3213.36,-2550.11,663.25,1.2601,1.2600866660925736,-720.75,8.96,2026-07-09T15:25:42.600769,BNBUSDT,60,"(30, 60)",sma20,1.2,True,fixed,0.04,-0.02
74,30,44,40.54,3213.36,-2550.11,663.25,1.2601,1.2600866660925736,-720.75,8.96,2026-07-09T15:26:48.618274,BNBUSDT,60,"(35, 60)",sma20,1.2,True,fixed,0.04,-0.02
74,30,44,40.54,3213.36,-2550.11,663.25,1.2601,1.2600866660925736,-720.75,8.96,2026-07-09T15:29:26.433275,BNBUSDT,65,"(30, 60)",sma20,1.2,True,fixed,0.04,-0.02
74,30,44,40.54,3213.36,-2550.11,663.25,1.2601,1.2600866660925736,-720.75,8.96,2026-07-09T15:30:11.771206,BNBUSDT,65,"(35, 60)",sma20,1.2,True,fixed,0.04,-0.02
74,30,44,40.54,3213.36,-2550.11,663.25,1.2601,1.2600866660925736,-720.75,8.96,2026-07-09T15:32:26.730024,BNBUSDT,70,"(30, 60)",sma20,1.2,True,fixed,0.04,-0.02
74,30,44,40.54,3213.36,-2550.11,663.25,1.2601,1.2600866660925736,-720.75,8.96,2026-07-09T15:33:12.364344,BNBUSDT,70,"(35, 60)",sma20,1.2,True,fixed,0.04,-0.02
137,104,33,75.91,2344.7,-1861.4,483.3,1.2596,1.2596454860408235,-526.03,3.53,2026-07-09T15:26:24.528521,BNBUSDT,60,"(30, 60)",percentile40,1.2,True,ema20_exit,0.04,-0.02
137,104,33,75.91,2344.7,-1861.4,483.3,1.2596,1.2596454860408235,-526.03,3.53,2026-07-09T15:27:29.577938,BNBUSDT,60,"(35, 60)",percentile40,1.2,True,ema20_exit,0.04,-0.02
137,104,33,75.91,2344.7,-1861.4,483.3,1.2596,1.2596454860408235,-526.03,3.53,2026-07-09T15:29:53.057618,BNBUSDT,65,"(30, 60)",percentile40,1.2,True,ema20_exit,0.04,-0.02
137,104,33,75.91,2344.7,-1861.4,483.3,1.2596,1.2596454860408235,-526.03,3.53,2026-07-09T15:30:38.536470,BNBUSDT,65,"(35, 60)",percentile40,1.2,True,ema20_exit,0.04,-0.02
137,104,33,75.91,2344.7,-1861.4,483.3,1.2596,1.2596454860408235,-526.03,3.53,2026-07-09T15:32:53.443246,BNBUSDT,70,"(30, 60)",percentile40,1.2,True,ema20_exit,0.04,-0.02
137,104,33,75.91,2344.7,-1861.4,483.3,1.2596,1.2596454860408235,-526.03,3.53,2026-07-09T15:33:39.883376,BNBUSDT,70,"(35, 60)",percentile40,1.2,True,ema20_exit,0.04,-0.02
76,31,45,40.79,3302.02,-2627.18,674.83,1.2569,1.2568658294408264,-616.6,8.88,2026-07-09T15:25:33.335414,BNBUSDT,60,"(30, 60)",sma20,1.15,True,fixed,0.04,-0.02
76,31,45,40.79,3302.02,-2627.18,674.83,1.2569,1.2568658294408264,-616.6,8.88,2026-07-09T15:26:39.551152,BNBUSDT,60,"(35, 60)",sma20,1.15,True,fixed,0.04,-0.02
76,31,45,40.79,3302.02,-2627.18,674.83,1.2569,1.2568658294408264,-616.6,8.88,2026-07-09T15:29:18.654646,BNBUSDT,65,"(30, 60)",sma20,1.15,True,fixed,0.04,-0.02
76,31,45,40.79,3302.02,-2627.18,674.83,1.2569,1.2568658294408264,-616.6,8.88,2026-07-09T15:30:04.209172,BNBUSDT,65,"(35, 60)",sma20,1.15,True,fixed,0.04,-0.02
76,31,45,40.79,3302.02,-2627.18,674.83,1.2569,1.2568658294408264,-616.6,8.88,2026-07-09T15:32:19.186827,BNBUSDT,70,"(30, 60)",sma20,1.15,True,fixed,0.04,-0.02
76,31,45,40.79,3302.02,-2627.18,674.83,1.2569,1.2568658294408264,-616.6,8.88,2026-07-09T15:33:04.479100,BNBUSDT,70,"(35, 60)",sma20,1.15,True,fixed,0.04,-0.02
148,104,44,70.27,3148.03,-2517.43,630.6,1.2505,1.2504944325787335,-444.9,4.26,2026-07-09T14:57:12.355350,ETHUSDT,60,"(35, 65)",percentile40,1.2,True,ema20_exit,0.04,-0.02
148,104,44,70.27,3148.03,-2517.43,630.6,1.2505,1.2504944325787335,-444.9,4.26,2026-07-09T15:01:25.213989,ETHUSDT,65,"(35, 65)",percentile40,1.2,True,ema20_exit,0.04,-0.02
148,104,44,70.27,3148.03,-2517.43,630.6,1.2505,1.2504944325787335,-444.9,4.26,2026-07-09T15:04:41.835396,ETHUSDT,70,"(35, 65)",percentile40,1.2,True,ema20_exit,0.04,-0.02
91,36,55,39.56,3850.47,-3092.38,758.09,1.2451,1.2451473032000298,-898.1,8.33,2026-07-09T15:27:41.901640,BNBUSDT,60,"(35, 65)",sma20,1.15,True,fixed,0.04,-0.02
91,36,55,39.56,3850.47,-3092.38,758.09,1.2451,1.2451473032000298,-898.1,8.33,2026-07-09T15:30:49.601859,BNBUSDT,65,"(35, 65)",sma20,1.15,True,fixed,0.04,-0.02
91,36,55,39.56,3850.47,-3092.38,758.09,1.2451,1.2451473032000298,-898.1,8.33,2026-07-09T15:33:51.349239,BNBUSDT,70,"(35, 65)",sma20,1.15,True,fixed,0.04,-0.02
79,32,47,40.51,3409.91,-2745.91,664.0,1.2418,1.241814110305225,-582.83,8.41,2026-07-09T15:25:23.334835,BNBUSDT,60,"(30, 60)",sma20,1.1,True,fixed,0.04,-0.02
79,32,47,40.51,3409.91,-2745.91,664.0,1.2418,1.241814110305225,-582.83,8.41,2026-07-09T15:26:29.587160,BNBUSDT,60,"(35, 60)",sma20,1.1,True,fixed,0.04,-0.02
79,32,47,40.51,3409.91,-2745.91,664.0,1.2418,1.241814110305225,-582.83,8.41,2026-07-09T15:29:11.054841,BNBUSDT,65,"(30, 60)",sma20,1.1,True,fixed,0.04,-0.02
79,32,47,40.51,3409.91,-2745.91,664.0,1.2418,1.241814110305225,-582.83,8.41,2026-07-09T15:29:56.697702,BNBUSDT,65,"(35, 60)",sma20,1.1,True,fixed,0.04,-0.02
79,32,47,40.51,3409.91,-2745.91,664.0,1.2418,1.241814110305225,-582.83,8.41,2026-07-09T15:32:11.222489,BNBUSDT,70,"(30, 60)",sma20,1.1,True,fixed,0.04,-0.02
79,32,47,40.51,3409.91,-2745.91,664.0,1.2418,1.241814110305225,-582.83,8.41,2026-07-09T15:32:57.026659,BNBUSDT,70,"(35, 60)",sma20,1.1,True,fixed,0.04,-0.02
45,18,27,40.0,1903.0,-1533.03,369.96,1.2413,1.241328133877423,-285.12,8.22,2026-07-09T15:24:33.692085,BNBUSDT,60,"(30, 55)",sma20,1.1,True,fixed,0.04,-0.02
45,18,27,40.0,1903.0,-1533.03,369.96,1.2413,1.241328133877423,-285.12,8.22,2026-07-09T15:28:26.871836,BNBUSDT,65,"(30, 55)",sma20,1.1,True,fixed,0.04,-0.02
45,18,27,40.0,1903.0,-1533.03,369.96,1.2413,1.241328133877423,-285.12,8.22,2026-07-09T15:31:28.109315,BNBUSDT,70,"(30, 55)",sma20,1.1,True,fixed,0.04,-0.02
43,17,26,39.53,1802.98,-1466.11,336.87,1.2298,1.229772919107228,-387.5,7.83,2026-07-09T15:24:41.138959,BNBUSDT,60,"(30, 55)",sma20,1.15,True,fixed,0.04,-0.02
43,17,26,39.53,1802.98,-1466.11,336.87,1.2298,1.229772919107228,-387.5,7.83,2026-07-09T15:28:34.669695,BNBUSDT,65,"(30, 55)",sma20,1.15,True,fixed,0.04,-0.02
43,17,26,39.53,1802.98,-1466.11,336.87,1.2298,1.229772919107228,-387.5,7.83,2026-07-09T15:31:35.185153,BNBUSDT,70,"(30, 55)",sma20,1.15,True,fixed,0.04,-0.02
90,35,55,38.89,3737.5,-3087.96,649.54,1.2103,1.2103447822488407,-1004.58,7.22,2026-07-09T15:27:52.261388,BNBUSDT,60,"(35, 65)",sma20,1.2,True,fixed,0.04,-0.02
90,35,55,38.89,3737.5,-3087.96,649.54,1.2103,1.2103447822488407,-1004.58,7.22,2026-07-09T15:30:57.201803,BNBUSDT,65,"(35, 65)",sma20,1.2,True,fixed,0.04,-0.02
90,35,55,38.89,3737.5,-3087.96,649.54,1.2103,1.2103447822488407,-1004.58,7.22,2026-07-09T15:33:59.286146,BNBUSDT,70,"(35, 65)",sma20,1.2,True,fixed,0.04,-0.02
142,107,35,75.35,2386.6,-1972.63,413.97,1.2099,1.2098592816640332,-503.58,2.92,2026-07-09T15:26:12.086899,BNBUSDT,60,"(30, 60)",percentile40,1.15,True,ema20_exit,0.04,-0.02
142,107,35,75.35,2386.6,-1972.63,413.97,1.2099,1.2098592816640332,-503.58,2.92,2026-07-09T15:27:21.118574,BNBUSDT,60,"(35, 60)",percentile40,1.15,True,ema20_exit,0.04,-0.02
142,107,35,75.35,2386.6,-1972.63,413.97,1.2099,1.2098592816640332,-503.58,2.92,2026-07-09T15:29:45.564390,BNBUSDT,65,"(30, 60)",percentile40,1.15,True,ema20_exit,0.04,-0.02
142,107,35,75.35,2386.6,-1972.63,413.97,1.2099,1.2098592816640332,-503.58,2.92,2026-07-09T15:30:30.636696,BNBUSDT,65,"(35, 60)",percentile40,1.15,True,ema20_exit,0.04,-0.02
142,107,35,75.35,2386.6,-1972.63,413.97,1.2099,1.2098592816640332,-503.58,2.92,2026-07-09T15:32:45.684077,BNBUSDT,70,"(30, 60)",percentile40,1.15,True,ema20_exit,0.04,-0.02
142,107,35,75.35,2386.6,-1972.63,413.97,1.2099,1.2098592816640332,-503.58,2.92,2026-07-09T15:33:32.318864,BNBUSDT,70,"(35, 60)",percentile40,1.15,True,ema20_exit,0.04,-0.02
153,107,46,69.93,3217.6,-2665.93,551.67,1.2069,1.2069315993344463,-427.36,3.61,2026-07-09T14:56:59.645339,ETHUSDT,60,"(35, 65)",percentile40,1.15,True,ema20_exit,0.04,-0.02
153,107,46,69.93,3217.6,-2665.93,551.67,1.2069,1.2069315993344463,-427.36,3.61,2026-07-09T15:01:10.909049,ETHUSDT,65,"(35, 65)",percentile40,1.15,True,ema20_exit,0.04,-0.02
153,107,46,69.93,3217.6,-2665.93,551.67,1.2069,1.2069315993344463,-427.36,3.61,2026-07-09T15:04:33.558177,ETHUSDT,70,"(35, 65)",percentile40,1.15,True,ema20_exit,0.04,-0.02
170,126,44,74.12,2965.74,-2463.99,501.75,1.2036,1.2036320148935475,-646.12,2.95,2026-07-09T15:28:23.052863,BNBUSDT,60,"(35, 65)",percentile40,1.2,True,ema20_exit,0.04,-0.02
170,126,44,74.12,2965.74,-2463.99,501.75,1.2036,1.2036320148935475,-646.12,2.95,2026-07-09T15:31:24.623500,BNBUSDT,65,"(35, 65)",percentile40,1.2,True,ema20_exit,0.04,-0.02
170,126,44,74.12,2965.74,-2463.99,501.75,1.2036,1.2036320148935475,-646.12,2.95,2026-07-09T15:34:26.624150,BNBUSDT,70,"(35, 65)",percentile40,1.2,True,ema20_exit,0.04,-0.02
62,50,12,80.65,833.27,-692.8,140.47,1.2028,1.2027629521682597,-256.26,2.27,2026-07-09T14:42:33.524791,BTCUSDT,60,"(30, 55)",percentile40,1.15,True,ema20_exit,0.04,-0.02
62,50,12,80.65,833.27,-692.8,140.47,1.2028,1.2027629521682597,-256.26,2.27,2026-07-09T14:46:20.489833,BTCUSDT,65,"(30, 55)",percentile40,1.15,True,ema20_exit,0.04,-0.02
62,50,12,80.65,833.27,-692.8,140.47,1.2028,1.2027629521682597,-256.26,2.27,2026-07-09T14:50:02.758935,BTCUSDT,70,"(30, 55)",percentile40,1.15,True,ema20_exit,0.04,-0.02
117,84,33,71.79,2311.71,-1930.93,380.78,1.1972,1.1971994338482317,-490.71,3.25,2026-07-09T15:16:38.715817,XRPUSDT,60,"(30, 60)",percentile40,1.15,True,ema20_exit,0.04,-0.02
117,84,33,71.79,2311.71,-1930.93,380.78,1.1972,1.1971994338482317,-490.71,3.25,2026-07-09T15:17:25.190409,XRPUSDT,60,"(35, 60)",percentile40,1.15,True,ema20_exit,0.04,-0.02
117,84,33,71.79,2311.71,-1930.93,380.78,1.1972,1.1971994338482317,-490.71,3.25,2026-07-09T15:19:40.201532,XRPUSDT,65,"(30, 60)",percentile40,1.15,True,ema20_exit,0.04,-0.02
117,84,33,71.79,2311.71,-1930.93,380.78,1.1972,1.1971994338482317,-490.71,3.25,2026-07-09T15:20:25.788695,XRPUSDT,65,"(35, 60)",percentile40,1.15,True,ema20_exit,0.04,-0.02
117,84,33,71.79,2311.71,-1930.93,380.78,1.1972,1.1971994338482317,-490.71,3.25,2026-07-09T15:22:49.433088,XRPUSDT,70,"(30, 60)",percentile40,1.15,True,ema20_exit,0.04,-0.02
117,84,33,71.79,2311.71,-1930.93,380.78,1.1972,1.1971994338482317,-490.71,3.25,2026-07-09T15:23:35.069471,XRPUSDT,70,"(35, 60)",percentile40,1.15,True,ema20_exit,0.04,-0.02
41,34,7,82.93,482.24,-404.52,77.72,1.1921,1.1921241522109507,-249.74,1.9,2026-07-09T14:53:42.558708,ETHUSDT,60,"(30, 55)",sma20,1.2,True,ema20_exit,0.04,-0.02
41,34,7,82.93,482.24,-404.52,77.72,1.1921,1.1921241522109507,-249.74,1.9,2026-07-09T14:57:37.839212,ETHUSDT,65,"(30, 55)",sma20,1.2,True,ema20_exit,0.04,-0.02
41,34,7,82.93,482.24,-404.52,77.72,1.1921,1.1921241522109507,-249.74,1.9,2026-07-09T15:01:51.294260,ETHUSDT,70,"(30, 55)",sma20,1.2,True,ema20_exit,0.04,-0.02
53,40,13,75.47,879.83,-738.36,141.48,1.1916,1.1916109889478848,-263.36,2.67,2026-07-09T15:15:59.551676,XRPUSDT,60,"(30, 55)",percentile40,1.2,True,ema20_exit,0.04,-0.02
53,40,13,75.47,879.83,-738.36,141.48,1.1916,1.1916109889478848,-263.36,2.67,2026-07-09T15:19:02.151049,XRPUSDT,65,"(30, 55)",percentile40,1.2,True,ema20_exit,0.04,-0.02
53,40,13,75.47,879.83,-738.36,141.48,1.1916,1.1916109889478848,-263.36,2.67,2026-07-09T15:22:11.378396,XRPUSDT,70,"(30, 55)",percentile40,1.2,True,ema20_exit,0.04,-0.02
72,28,44,38.89,3000.37,-2520.84,479.53,1.1902,1.1902273368924965,-735.23,6.66,2026-07-09T15:26:18.614984,BNBUSDT,60,"(30, 60)",percentile40,1.2,True,fixed,0.04,-0.02
72,28,44,38.89,3000.37,-2520.84,479.53,1.1902,1.1902273368924965,-735.23,6.66,2026-07-09T15:27:25.201339,BNBUSDT,60,"(35, 60)",percentile40,1.2,True,fixed,0.04,-0.02
72,28,44,38.89,3000.37,-2520.84,479.53,1.1902,1.1902273368924965,-735.23,6.66,2026-07-09T15:29:49.050254,BNBUSDT,65,"(30, 60)",percentile40,1.2,True,fixed,0.04,-0.02
72,28,44,38.89,3000.37,-2520.84,479.53,1.1902,1.1902273368924965,-735.23,6.66,2026-07-09T15:30:34.333640,BNBUSDT,65,"(35, 60)",percentile40,1.2,True,fixed,0.04,-0.02
72,28,44,38.89,3000.37,-2520.84,479.53,1.1902,1.1902273368924965,-735.23,6.66,2026-07-09T15:32:49.261573,BNBUSDT,70,"(30, 60)",percentile40,1.2,True,fixed,0.04,-0.02
72,28,44,38.89,3000.37,-2520.84,479.53,1.1902,1.1902273368924965,-735.23,6.66,2026-07-09T15:33:35.779762,BNBUSDT,70,"(35, 60)",percentile40,1.2,True,fixed,0.04,-0.02
174,128,46,73.56,3059.65,-2587.01,472.64,1.1827,1.1826982831928046,-747.69,2.72,2026-07-09T15:28:14.417877,BNBUSDT,60,"(35, 65)",percentile40,1.15,True,ema20_exit,0.04,-0.02
174,128,46,73.56,3059.65,-2587.01,472.64,1.1827,1.1826982831928046,-747.69,2.72,2026-07-09T15:31:16.871807,BNBUSDT,65,"(35, 65)",percentile40,1.15,True,ema20_exit,0.04,-0.02
174,128,46,73.56,3059.65,-2587.01,472.64,1.1827,1.1826982831928046,-747.69,2.72,2026-07-09T15:34:18.972816,BNBUSDT,70,"(35, 65)",percentile40,1.15,True,ema20_exit,0.04,-0.02
113,81,32,71.68,2207.26,-1872.27,334.99,1.1789,1.1789238770873463,-490.71,2.96,2026-07-09T15:16:46.586437,XRPUSDT,60,"(30, 60)",percentile40,1.2,True,ema20_exit,0.04,-0.02
113,81,32,71.68,2207.26,-1872.27,334.99,1.1789,1.1789238770873463,-490.71,2.96,2026-07-09T15:17:32.719253,XRPUSDT,60,"(35, 60)",percentile40,1.2,True,ema20_exit,0.04,-0.02
113,81,32,71.68,2207.26,-1872.27,334.99,1.1789,1.1789238770873463,-490.71,2.96,2026-07-09T15:19:47.778992,XRPUSDT,65,"(30, 60)",percentile40,1.2,True,ema20_exit,0.04,-0.02
113,81,32,71.68,2207.26,-1872.27,334.99,1.1789,1.1789238770873463,-490.71,2.96,2026-07-09T15:20:34.752806,XRPUSDT,65,"(35, 60)",percentile40,1.2,True,ema20_exit,0.04,-0.02
113,81,32,71.68,2207.26,-1872.27,334.99,1.1789,1.1789238770873463,-490.71,2.96,2026-07-09T15:22:57.058227,XRPUSDT,70,"(30, 60)",percentile40,1.2,True,ema20_exit,0.04,-0.02
113,81,32,71.68,2207.26,-1872.27,334.99,1.1789,1.1789238770873463,-490.71,2.96,2026-07-09T15:23:42.735202,XRPUSDT,70,"(35, 60)",percentile40,1.2,True,ema20_exit,0.04,-0.02
150,112,38,74.67,2502.6,-2127.57,375.03,1.1763,1.17627281780705,-431.28,2.5,2026-07-09T15:25:59.981366,BNBUSDT,60,"(30, 60)",percentile40,1.1,True,ema20_exit,0.04,-0.02
150,112,38,74.67,2502.6,-2127.57,375.03,1.1763,1.17627281780705,-431.28,2.5,2026-07-09T15:27:06.456914,BNBUSDT,60,"(35, 60)",percentile40,1.1,True,ema20_exit,0.04,-0.02
150,112,38,74.67,2502.6,-2127.57,375.03,1.1763,1.17627281780705,-431.28,2.5,2026-07-09T15:29:38.083827,BNBUSDT,65,"(30, 60)",percentile40,1.1,True,ema20_exit,0.04,-0.02
150,112,38,74.67,2502.6,-2127.57,375.03,1.1763,1.17627281780705,-431.28,2.5,2026-07-09T15:30:23.197644,BNBUSDT,65,"(35, 60)",percentile40,1.1,True,ema20_exit,0.04,-0.02
150,112,38,74.67,2502.6,-2127.57,375.03,1.1763,1.17627281780705,-431.28,2.5,2026-07-09T15:32:38.057912,BNBUSDT,70,"(30, 60)",percentile40,1.1,True,ema20_exit,0.04,-0.02
150,112,38,74.67,2502.6,-2127.57,375.03,1.1763,1.17627281780705,-431.28,2.5,2026-07-09T15:33:24.919040,BNBUSDT,70,"(35, 60)",percentile40,1.1,True,ema20_exit,0.04,-0.02
94,36,58,38.3,3851.84,-3278.03,573.82,1.175,1.1750490317848845,-1030.75,6.1,2026-07-09T15:27:33.447509,BNBUSDT,60,"(35, 65)",sma20,1.1,True,fixed,0.04,-0.02
94,36,58,38.3,3851.84,-3278.03,573.82,1.175,1.1750490317848845,-1030.75,6.1,2026-07-09T15:30:42.104777,BNBUSDT,65,"(35, 65)",sma20,1.1,True,fixed,0.04,-0.02
94,36,58,38.3,3851.84,-3278.03,573.82,1.175,1.1750490317848845,-1030.75,6.1,2026-07-09T15:33:43.351825,BNBUSDT,70,"(35, 65)",sma20,1.1,True,fixed,0.04,-0.02
57,42,15,73.68,1000.63,-856.61,144.02,1.1681,1.1681320202781251,-213.61,2.53,2026-07-09T15:15:51.473115,XRPUSDT,60,"(30, 55)",percentile40,1.15,True,ema20_exit,0.04,-0.02
57,42,15,73.68,1000.63,-856.61,144.02,1.1681,1.1681320202781251,-213.61,2.53,2026-07-09T15:18:54.960576,XRPUSDT,65,"(30, 55)",percentile40,1.15,True,ema20_exit,0.04,-0.02
57,42,15,73.68,1000.63,-856.61,144.02,1.1681,1.1681320202781251,-213.61,2.53,2026-07-09T15:22:03.872442,XRPUSDT,70,"(30, 55)",percentile40,1.15,True,ema20_exit,0.04,-0.02
146,100,46,68.49,3022.23,-2593.65,428.58,1.1652,1.1652421245994355,-433.81,2.94,2026-07-09T15:06:15.811686,SOLUSDT,60,"(30, 60)",percentile40,1.2,True,ema20_exit,0.04,-0.02
146,100,46,68.49,3022.23,-2593.65,428.58,1.1652,1.1652421245994355,-433.81,2.94,2026-07-09T15:07:03.934233,SOLUSDT,60,"(35, 60)",percentile40,1.2,True,ema20_exit,0.04,-0.02
146,100,46,68.49,3022.23,-2593.65,428.58,1.1652,1.1652421245994355,-433.81,2.94,2026-07-09T15:09:33.523514,SOLUSDT,65,"(30, 60)",percentile40,1.2,True,ema20_exit,0.04,-0.02
146,100,46,68.49,3022.23,-2593.65,428.58,1.1652,1.1652421245994355,-433.81,2.94,2026-07-09T15:10:34.038020,SOLUSDT,65,"(35, 60)",percentile40,1.2,True,ema20_exit,0.04,-0.02
146,100,46,68.49,3022.23,-2593.65,428.58,1.1652,1.1652421245994355,-433.81,2.94,2026-07-09T15:13:32.755150,SOLUSDT,70,"(30, 60)",percentile40,1.2,True,ema20_exit,0.04,-0.02
146,100,46,68.49,3022.23,-2593.65,428.58,1.1652,1.1652421245994355,-433.81,2.94,2026-07-09T15:14:24.384431,SOLUSDT,70,"(35, 60)",percentile40,1.2,True,ema20_exit,0.04,-0.02
42,16,26,38.1,1696.73,-1456.3,240.43,1.1651,1.1650941805872446,-490.49,5.72,2026-07-09T15:24:48.580370,BNBUSDT,60,"(30, 55)",sma20,1.2,True,fixed,0.04,-0.02
42,16,26,38.1,1696.73,-1456.3,240.43,1.1651,1.1650941805872446,-490.49,5.72,2026-07-09T15:28:41.989017,BNBUSDT,65,"(30, 55)",sma20,1.2,True,fixed,0.04,-0.02
42,16,26,38.1,1696.73,-1456.3,240.43,1.1651,1.1650941805872446,-490.49,5.72,2026-07-09T15:31:42.365447,BNBUSDT,70,"(30, 55)",sma20,1.2,True,fixed,0.04,-0.02
73,28,45,38.36,3000.9,-2580.36,420.54,1.163,1.1629752110186615,-737.54,5.76,2026-07-09T15:26:05.793114,BNBUSDT,60,"(30, 60)",percentile40,1.15,True,fixed,0.04,-0.02
73,28,45,38.36,3000.9,-2580.36,420.54,1.163,1.1629752110186615,-737.54,5.76,2026-07-09T15:27:12.155327,BNBUSDT,60,"(35, 60)",percentile40,1.15,True,fixed,0.04,-0.02
73,28,45,38.36,3000.9,-2580.36,420.54,1.163,1.1629752110186615,-737.54,5.76,2026-07-09T15:29:41.590657,BNBUSDT,65,"(30, 60)",percentile40,1.15,True,fixed,0.04,-0.02
73,28,45,38.36,3000.9,-2580.36,420.54,1.163,1.1629752110186615,-737.54,5.76,2026-07-09T15:30:26.654361,BNBUSDT,65,"(35, 60)",percentile40,1.15,True,fixed,0.04,-0.02
73,28,45,38.36,3000.9,-2580.36,420.54,1.163,1.1629752110186615,-737.54,5.76,2026-07-09T15:32:41.598904,BNBUSDT,70,"(30, 60)",percentile40,1.15,True,fixed,0.04,-0.02
73,28,45,38.36,3000.9,-2580.36,420.54,1.163,1.1629752110186615,-737.54,5.76,2026-07-09T15:33:28.367320,BNBUSDT,70,"(35, 60)",percentile40,1.15,True,fixed,0.04,-0.02
92,35,57,38.04,3847.89,-3320.4,527.49,1.1589,1.1588629089395035,-581.78,5.73,2026-07-09T15:05:47.669868,SOLUSDT,60,"(30, 60)",sma20,1.2,True,fixed,0.04,-0.02
92,35,57,38.04,3847.89,-3320.4,527.49,1.1589,1.1588629089395035,-581.78,5.73,2026-07-09T15:06:35.326274,SOLUSDT,60,"(35, 60)",sma20,1.2,True,fixed,0.04,-0.02
92,35,57,38.04,3847.89,-3320.4,527.49,1.1589,1.1588629089395035,-581.78,5.73,2026-07-09T15:09:04.401845,SOLUSDT,65,"(30, 60)",sma20,1.2,True,fixed,0.04,-0.02
92,35,57,38.04,3847.89,-3320.4,527.49,1.1589,1.1588629089395035,-581.78,5.73,2026-07-09T15:09:54.613395,SOLUSDT,65,"(35, 60)",sma20,1.2,True,fixed,0.04,-0.02
92,35,57,38.04,3847.89,-3320.4,527.49,1.1589,1.1588629089395035,-581.78,5.73,2026-07-09T15:12:55.135453,SOLUSDT,70,"(30, 60)",sma20,1.2,True,fixed,0.04,-0.02
92,35,57,38.04,3847.89,-3320.4,527.49,1.1589,1.1588629089395035,-581.78,5.73,2026-07-09T15:13:55.938405,SOLUSDT,70,"(35, 60)",sma20,1.2,True,fixed,0.04,-0.02
89,34,55,38.2,3694.47,-3190.55,503.92,1.1579,1.1579428213299137,-986.66,5.66,2026-07-09T15:28:01.728538,BNBUSDT,60,"(35, 65)",percentile40,1.1,True,fixed,0.04,-0.02
89,34,55,38.2,3694.47,-3190.55,503.92,1.1579,1.1579428213299137,-986.66,5.66,2026-07-09T15:31:04.946806,BNBUSDT,65,"(35, 65)",percentile40,1.1,True,fixed,0.04,-0.02
89,34,55,38.2,3694.47,-3190.55,503.92,1.1579,1.1579428213299137,-986.66,5.66,2026-07-09T15:34:07.071103,BNBUSDT,70,"(35, 65)",percentile40,1.1,True,fixed,0.04,-0.02
87,33,54,37.93,3561.8,-3083.26,478.54,1.1552,1.1552046702751397,-966.58,5.5,2026-07-09T15:28:09.989220,BNBUSDT,60,"(35, 65)",percentile40,1.15,True,fixed,0.04,-0.02
87,33,54,37.93,3561.8,-3083.26,478.54,1.1552,1.1552046702751397,-966.58,5.5,2026-07-09T15:31:12.800195,BNBUSDT,65,"(35, 65)",percentile40,1.15,True,fixed,0.04,-0.02
87,33,54,37.93,3561.8,-3083.26,478.54,1.1552,1.1552046702751397,-966.58,5.5,2026-07-09T15:34:14.844506,BNBUSDT,70,"(35, 65)",percentile40,1.15,True,fixed,0.04,-0.02
72,57,15,79.17,985.76,-854.8,130.96,1.1532,1.1532065810842143,-227.72,1.82,2026-07-09T14:42:25.595199,BTCUSDT,60,"(30, 55)",percentile40,1.1,True,ema20_exit,0.04,-0.02
72,57,15,79.17,985.76,-854.8,130.96,1.1532,1.1532065810842143,-227.72,1.82,2026-07-09T14:46:07.503377,BTCUSDT,65,"(30, 55)",percentile40,1.1,True,ema20_exit,0.04,-0.02
72,57,15,79.17,985.76,-854.8,130.96,1.1532,1.1532065810842143,-227.72,1.82,2026-07-09T14:49:55.196962,BTCUSDT,70,"(30, 55)",percentile40,1.1,True,ema20_exit,0.04,-0.02
123,87,36,70.73,2385.23,-2083.97,301.25,1.1446,1.1445582091337005,-603.92,2.45,2026-07-09T15:16:31.160353,XRPUSDT,60,"(30, 60)",percentile40,1.1,True,ema20_exit,0.04,-0.02
123,87,36,70.73,2385.23,-2083.97,301.25,1.1446,1.1445582091337005,-603.92,2.45,2026-07-09T15:17:17.612969,XRPUSDT,60,"(35, 60)",percentile40,1.1,True,ema20_exit,0.04,-0.02
123,87,36,70.73,2385.23,-2083.97,301.25,1.1446,1.1445582091337005,-603.92,2.45,2026-07-09T15:19:32.514662,XRPUSDT,65,"(30, 60)",percentile40,1.1,True,ema20_exit,0.04,-0.02
123,87,36,70.73,2385.23,-2083.97,301.25,1.1446,1.1445582091337005,-603.92,2.45,2026-07-09T15:20:18.174520,XRPUSDT,65,"(35, 60)",percentile40,1.1,True,ema20_exit,0.04,-0.02
123,87,36,70.73,2385.23,-2083.97,301.25,1.1446,1.1445582091337005,-603.92,2.45,2026-07-09T15:22:41.874038,XRPUSDT,70,"(30, 60)",percentile40,1.1,True,ema20_exit,0.04,-0.02
123,87,36,70.73,2385.23,-2083.97,301.25,1.1446,1.1445582091337005,-603.92,2.45,2026-07-09T15:23:27.465816,XRPUSDT,70,"(35, 60)",percentile40,1.1,True,ema20_exit,0.04,-0.02
96,36,60,37.5,3945.83,-3472.67,473.16,1.1363,1.136253079477354,-701.7,4.93,2026-07-09T15:05:39.620637,SOLUSDT,60,"(30, 60)",sma20,1.15,True,fixed,0.04,-0.02
96,36,60,37.5,3945.83,-3472.67,473.16,1.1363,1.136253079477354,-701.7,4.93,2026-07-09T15:06:27.284207,SOLUSDT,60,"(35, 60)",sma20,1.15,True,fixed,0.04,-0.02
96,36,60,37.5,3945.83,-3472.67,473.16,1.1363,1.136253079477354,-701.7,4.93,2026-07-09T15:08:55.832795,SOLUSDT,65,"(30, 60)",sma20,1.15,True,fixed,0.04,-0.02
96,36,60,37.5,3945.83,-3472.67,473.16,1.1363,1.136253079477354,-701.7,4.93,2026-07-09T15:09:46.030133,SOLUSDT,65,"(35, 60)",sma20,1.15,True,fixed,0.04,-0.02
96,36,60,37.5,3945.83,-3472.67,473.16,1.1363,1.136253079477354,-701.7,4.93,2026-07-09T15:12:42.852174,SOLUSDT,70,"(30, 60)",sma20,1.15,True,fixed,0.04,-0.02
96,36,60,37.5,3945.83,-3472.67,473.16,1.1363,1.136253079477354,-701.7,4.93,2026-07-09T15:13:47.503255,SOLUSDT,70,"(35, 60)",sma20,1.15,True,fixed,0.04,-0.02
167,114,53,68.26,3408.53,-3003.91,404.63,1.1347,1.1347004226365067,-604.18,2.42,2026-07-09T15:05:59.521506,SOLUSDT,60,"(30, 60)",percentile40,1.1,True,ema20_exit,0.04,-0.02
167,114,53,68.26,3408.53,-3003.91,404.63,1.1347,1.1347004226365067,-604.18,2.42,2026-07-09T15:06:47.614591,SOLUSDT,60,"(35, 60)",percentile40,1.1,True,ema20_exit,0.04,-0.02
167,114,53,68.26,3408.53,-3003.91,404.63,1.1347,1.1347004226365067,-604.18,2.42,2026-07-09T15:09:17.074975,SOLUSDT,65,"(30, 60)",percentile40,1.1,True,ema20_exit,0.04,-0.02
167,114,53,68.26,3408.53,-3003.91,404.63,1.1347,1.1347004226365067,-604.18,2.42,2026-07-09T15:10:10.133681,SOLUSDT,65,"(35, 60)",percentile40,1.1,True,ema20_exit,0.04,-0.02
167,114,53,68.26,3408.53,-3003.91,404.63,1.1347,1.1347004226365067,-604.18,2.42,2026-07-09T15:13:12.257706,SOLUSDT,70,"(30, 60)",percentile40,1.1,True,ema20_exit,0.04,-0.02
167,114,53,68.26,3408.53,-3003.91,404.63,1.1347,1.1347004226365067,-604.18,2.42,2026-07-09T15:14:08.721810,SOLUSDT,70,"(35, 60)",percentile40,1.1,True,ema20_exit,0.04,-0.02
82,57,25,69.51,1661.68,-1464.96,196.72,1.1343,1.134282977794036,-307.42,2.4,2026-07-09T15:05:12.987944,SOLUSDT,60,"(30, 55)",percentile40,1.1,True,ema20_exit,0.04,-0.02
82,57,25,69.51,1661.68,-1464.96,196.72,1.1343,1.134282977794036,-307.42,2.4,2026-07-09T15:08:26.936449,SOLUSDT,65,"(30, 55)",percentile40,1.1,True,ema20_exit,0.04,-0.02
82,57,25,69.51,1661.68,-1464.96,196.72,1.1343,1.134282977794036,-307.42,2.4,2026-07-09T15:12:08.718313,SOLUSDT,70,"(30, 55)",percentile40,1.1,True,ema20_exit,0.04,-0.02
98,37,61,37.76,4096.99,-3616.18,480.82,1.133,1.1329624812284467,-615.68,4.91,2026-07-09T14:56:52.210580,ETHUSDT,60,"(35, 65)",percentile40,1.15,True,fixed,0.04,-0.02
98,37,61,37.76,4096.99,-3616.18,480.82,1.133,1.1329624812284467,-615.68,4.91,2026-07-09T15:01:04.663184,ETHUSDT,65,"(35, 65)",percentile40,1.15,True,fixed,0.04,-0.02
98,37,61,37.76,4096.99,-3616.18,480.82,1.133,1.1329624812284467,-615.68,4.91,2026-07-09T15:04:29.210916,ETHUSDT,70,"(35, 65)",percentile40,1.15,True,fixed,0.04,-0.02
74,51,23,68.92,1504.72,-1335.16,169.55,1.127,1.1269905598156211,-297.17,2.29,2026-07-09T15:05:20.661367,SOLUSDT,60,"(30, 55)",percentile40,1.15,True,ema20_exit,0.04,-0.02
74,51,23,68.92,1504.72,-1335.16,169.55,1.127,1.1269905598156211,-297.17,2.29,2026-07-09T15:08:35.281464,SOLUSDT,65,"(30, 55)",percentile40,1.15,True,ema20_exit,0.04,-0.02
74,51,23,68.92,1504.72,-1335.16,169.55,1.127,1.1269905598156211,-297.17,2.29,2026-07-09T15:12:18.278204,SOLUSDT,70,"(30, 55)",percentile40,1.15,True,ema20_exit,0.04,-0.02
109,78,31,71.56,2035.14,-1818.51,216.63,1.1191,1.1191271935735991,-445.08,1.99,2026-07-09T15:16:15.564170,XRPUSDT,60,"(30, 60)",sma20,1.15,True,ema20_exit,0.04,-0.02
109,78,31,71.56,2035.14,-1818.51,216.63,1.1191,1.1191271935735991,-445.08,1.99,2026-07-09T15:17:02.394420,XRPUSDT,60,"(35, 60)",sma20,1.15,True,ema20_exit,0.04,-0.02
109,78,31,71.56,2035.14,-1818.51,216.63,1.1191,1.1191271935735991,-445.08,1.99,2026-07-09T15:19:17.332532,XRPUSDT,65,"(30, 60)",sma20,1.15,True,ema20_exit,0.04,-0.02
109,78,31,71.56,2035.14,-1818.51,216.63,1.1191,1.1191271935735991,-445.08,1.99,2026-07-09T15:20:03.049277,XRPUSDT,65,"(35, 60)",sma20,1.15,True,ema20_exit,0.04,-0.02
109,78,31,71.56,2035.14,-1818.51,216.63,1.1191,1.1191271935735991,-445.08,1.99,2026-07-09T15:22:26.717417,XRPUSDT,70,"(30, 60)",sma20,1.15,True,ema20_exit,0.04,-0.02
109,78,31,71.56,2035.14,-1818.51,216.63,1.1191,1.1191271935735991,-445.08,1.99,2026-07-09T15:23:12.402895,XRPUSDT,70,"(35, 60)",sma20,1.15,True,ema20_exit,0.04,-0.02
94,35,59,37.23,3854.43,-3444.99,409.44,1.1188,1.118849608479736,-605.57,4.36,2026-07-09T14:57:06.778663,ETHUSDT,60,"(35, 65)",percentile40,1.2,True,fixed,0.04,-0.02
94,35,59,37.23,3854.43,-3444.99,409.44,1.1188,1.118849608479736,-605.57,4.36,2026-07-09T15:01:16.664310,ETHUSDT,65,"(35, 65)",percentile40,1.2,True,fixed,0.04,-0.02
94,35,59,37.23,3854.43,-3444.99,409.44,1.1188,1.118849608479736,-605.57,4.36,2026-07-09T15:04:37.536343,ETHUSDT,70,"(35, 65)",percentile40,1.2,True,fixed,0.04,-0.02
118,81,37,68.64,2365.09,-2114.27,250.83,1.1186,1.1186357738548707,-407.93,2.13,2026-07-09T14:55:02.399339,ETHUSDT,60,"(30, 60)",percentile40,1.2,True,ema20_exit,0.04,-0.02
118,81,37,68.64,2365.09,-2114.27,250.83,1.1186,1.1186357738548707,-407.93,2.13,2026-07-09T14:56:03.344157,ETHUSDT,60,"(35, 60)",percentile40,1.2,True,ema20_exit,0.04,-0.02
118,81,37,68.64,2365.09,-2114.27,250.83,1.1186,1.1186357738548707,-407.93,2.13,2026-07-09T14:59:12.711558,ETHUSDT,65,"(30, 60)",percentile40,1.2,True,ema20_exit,0.04,-0.02
118,81,37,68.64,2365.09,-2114.27,250.83,1.1186,1.1186357738548707,-407.93,2.13,2026-07-09T15:00:16.041563,ETHUSDT,65,"(35, 60)",percentile40,1.2,True,ema20_exit,0.04,-0.02
118,81,37,68.64,2365.09,-2114.27,250.83,1.1186,1.1186357738548707,-407.93,2.13,2026-07-09T15:03:05.701399,ETHUSDT,70,"(30, 60)",percentile40,1.2,True,ema20_exit,0.04,-0.02
118,81,37,68.64,2365.09,-2114.27,250.83,1.1186,1.1186357738548707,-407.93,2.13,2026-07-09T15:03:53.090137,ETHUSDT,70,"(35, 60)",percentile40,1.2,True,ema20_exit,0.04,-0.02
34,13,21,38.24,1368.27,-1226.16,142.11,1.1159,1.1159019155098293,-332.24,4.18,2026-07-09T14:42:12.568121,BTCUSDT,60,"(30, 55)",sma20,1.2,True,fixed,0.04,-0.02
34,13,21,38.24,1368.27,-1226.16,142.11,1.1159,1.1159019155098293,-332.24,4.18,2026-07-09T14:45:51.540218,BTCUSDT,65,"(30, 55)",sma20,1.2,True,fixed,0.04,-0.02
34,13,21,38.24,1368.27,-1226.16,142.11,1.1159,1.1159019155098293,-332.24,4.18,2026-07-09T14:49:43.395329,BTCUSDT,70,"(30, 55)",sma20,1.2,True,fixed,0.04,-0.02
86,32,54,37.21,3432.31,-3087.2,345.11,1.1118,1.1117884673826943,-918.42,4.01,2026-07-09T15:28:18.239641,BNBUSDT,60,"(35, 65)",percentile40,1.2,True,fixed,0.04,-0.02
86,32,54,37.21,3432.31,-3087.2,345.11,1.1118,1.1117884673826943,-918.42,4.01,2026-07-09T15:31:20.408472,BNBUSDT,65,"(35, 65)",percentile40,1.2,True,fixed,0.04,-0.02
86,32,54,37.21,3432.31,-3087.2,345.11,1.1118,1.1117884673826943,-918.42,4.01,2026-07-09T15:34:22.533488,BNBUSDT,70,"(35, 65)",percentile40,1.2,True,fixed,0.04,-0.02
161,110,51,68.32,3172.53,-2853.66,318.87,1.1117,1.1117403853917163,-484.54,1.98,2026-07-09T15:06:07.814796,SOLUSDT,60,"(30, 60)",percentile40,1.15,True,ema20_exit,0.04,-0.02
161,110,51,68.32,3172.53,-2853.66,318.87,1.1117,1.1117403853917163,-484.54,1.98,2026-07-09T15:06:56.072046,SOLUSDT,60,"(35, 60)",percentile40,1.15,True,ema20_exit,0.04,-0.02
161,110,51,68.32,3172.53,-2853.66,318.87,1.1117,1.1117403853917163,-484.54,1.98,2026-07-09T15:09:25.458780,SOLUSDT,65,"(30, 60)",percentile40,1.15,True,ema20_exit,0.04,-0.02
161,110,51,68.32,3172.53,-2853.66,318.87,1.1117,1.1117403853917163,-484.54,1.98,2026-07-09T15:10:23.817167,SOLUSDT,65,"(35, 60)",percentile40,1.15,True,ema20_exit,0.04,-0.02
161,110,51,68.32,3172.53,-2853.66,318.87,1.1117,1.1117403853917163,-484.54,1.98,2026-07-09T15:13:23.492867,SOLUSDT,70,"(30, 60)",percentile40,1.15,True,ema20_exit,0.04,-0.02
161,110,51,68.32,3172.53,-2853.66,318.87,1.1117,1.1117403853917163,-484.54,1.98,2026-07-09T15:14:16.498164,SOLUSDT,70,"(35, 60)",percentile40,1.15,True,ema20_exit,0.04,-0.02
78,29,49,37.18,3104.66,-2797.02,307.64,1.11,1.1099892435620646,-694.16,3.94,2026-07-09T15:25:52.753728,BNBUSDT,60,"(30, 60)",percentile40,1.1,True,fixed,0.04,-0.02
78,29,49,37.18,3104.66,-2797.02,307.64,1.11,1.1099892435620646,-694.16,3.94,2026-07-09T15:27:00.135910,BNBUSDT,60,"(35, 60)",percentile40,1.1,True,fixed,0.04,-0.02
78,29,49,37.18,3104.66,-2797.02,307.64,1.11,1.1099892435620646,-694.16,3.94,2026-07-09T15:29:34.061652,BNBUSDT,65,"(30, 60)",percentile40,1.1,True,fixed,0.04,-0.02
78,29,49,37.18,3104.66,-2797.02,307.64,1.11,1.1099892435620646,-694.16,3.94,2026-07-09T15:30:19.219972,BNBUSDT,65,"(35, 60)",percentile40,1.1,True,fixed,0.04,-0.02
78,29,49,37.18,3104.66,-2797.02,307.64,1.11,1.1099892435620646,-694.16,3.94,2026-07-09T15:32:34.132828,BNBUSDT,70,"(30, 60)",percentile40,1.1,True,fixed,0.04,-0.02
78,29,49,37.18,3104.66,-2797.02,307.64,1.11,1.1099892435620646,-694.16,3.94,2026-07-09T15:33:20.925852,BNBUSDT,70,"(35, 60)",percentile40,1.1,True,fixed,0.04,-0.02
112,80,32,71.43,2060.47,-1859.33,201.14,1.1082,1.1081773598885105,-461.84,1.8,2026-07-09T15:16:07.407884,XRPUSDT,60,"(30, 60)",sma20,1.1,True,ema20_exit,0.04,-0.02
112,80,32,71.43,2060.47,-1859.33,201.14,1.1082,1.1081773598885105,-461.84,1.8,2026-07-09T15:16:54.488532,XRPUSDT,60,"(35, 60)",sma20,1.1,True,ema20_exit,0.04,-0.02
112,80,32,71.43,2060.47,-1859.33,201.14,1.1082,1.1081773598885105,-461.84,1.8,2026-07-09T15:19:09.746162,XRPUSDT,65,"(30, 60)",sma20,1.1,True,ema20_exit,0.04,-0.02
112,80,32,71.43,2060.47,-1859.33,201.14,1.1082,1.1081773598885105,-461.84,1.8,2026-07-09T15:19:55.363769,XRPUSDT,65,"(35, 60)",sma20,1.1,True,ema20_exit,0.04,-0.02
112,80,32,71.43,2060.47,-1859.33,201.14,1.1082,1.1081773598885105,-461.84,1.8,2026-07-09T15:22:19.028318,XRPUSDT,70,"(30, 60)",sma20,1.1,True,ema20_exit,0.04,-0.02
112,80,32,71.43,2060.47,-1859.33,201.14,1.1082,1.1081773598885105,-461.84,1.8,2026-07-09T15:23:04.718943,XRPUSDT,70,"(35, 60)",sma20,1.1,True,ema20_exit,0.04,-0.02
92,33,59,35.87,3601.01,-3254.28,346.72,1.1065,1.1065435513865678,-682.58,3.77,2026-07-09T15:18:15.028928,XRPUSDT,60,"(35, 65)",percentile40,1.2,True,fixed,0.04,-0.02
92,33,59,35.87,3601.01,-3254.28,346.72,1.1065,1.1065435513865678,-682.58,3.77,2026-07-09T15:21:17.663014,XRPUSDT,65,"(35, 65)",percentile40,1.2,True,fixed,0.04,-0.02
92,33,59,35.87,3601.01,-3254.28,346.72,1.1065,1.1065435513865678,-682.58,3.77,2026-07-09T15:24:25.506384,XRPUSDT,70,"(35, 65)",percentile40,1.2,True,fixed,0.04,-0.02
56,44,12,78.57,764.71,-692.8,71.92,1.1038,1.1038048473776956,-258.09,1.28,2026-07-09T14:42:41.228098,BTCUSDT,60,"(30, 55)",percentile40,1.2,True,ema20_exit,0.04,-0.02
56,44,12,78.57,764.71,-692.8,71.92,1.1038,1.1038048473776956,-258.09,1.28,2026-07-09T14:46:29.645107,BTCUSDT,65,"(30, 55)",percentile40,1.2,True,ema20_exit,0.04,-0.02
56,44,12,78.57,764.71,-692.8,71.92,1.1038,1.1038048473776956,-258.09,1.28,2026-07-09T14:50:10.512423,BTCUSDT,70,"(30, 55)",percentile40,1.2,True,ema20_exit,0.04,-0.02
182,132,50,72.53,3072.21,-2801.03,271.18,1.0968,1.0968144494442282,-758.33,1.49,2026-07-09T15:28:05.794522,BNBUSDT,60,"(35, 65)",percentile40,1.1,True,ema20_exit,0.04,-0.02
182,132,50,72.53,3072.21,-2801.03,271.18,1.0968,1.0968144494442282,-758.33,1.49,2026-07-09T15:31:09.016731,BNBUSDT,65,"(35, 65)",percentile40,1.1,True,ema20_exit,0.04,-0.02
182,132,50,72.53,3072.21,-2801.03,271.18,1.0968,1.0968144494442282,-758.33,1.49,2026-07-09T15:34:11.305652,BNBUSDT,70,"(35, 65)",percentile40,1.1,True,ema20_exit,0.04,-0.02
143,95,48,66.43,2949.38,-2700.66,248.72,1.0921,1.0920960290654715,-477.89,1.74,2026-07-09T15:18:19.040218,XRPUSDT,60,"(35, 65)",percentile40,1.2,True,ema20_exit,0.04,-0.02
143,95,48,66.43,2949.38,-2700.66,248.72,1.0921,1.0920960290654715,-477.89,1.74,2026-07-09T15:21:21.806438,XRPUSDT,65,"(35, 65)",percentile40,1.2,True,ema20_exit,0.04,-0.02
143,95,48,66.43,2949.38,-2700.66,248.72,1.0921,1.0920960290654715,-477.89,1.74,2026-07-09T15:24:29.583300,XRPUSDT,70,"(35, 65)",percentile40,1.2,True,ema20_exit,0.04,-0.02
73,27,46,36.99,2895.31,-2651.26,244.05,1.0921,1.092051975636015,-539.4,3.34,2026-07-09T15:16:42.466257,XRPUSDT,60,"(30, 60)",percentile40,1.2,True,fixed,0.04,-0.02
73,27,46,36.99,2895.31,-2651.26,244.05,1.0921,1.092051975636015,-539.4,3.34,2026-07-09T15:17:28.764354,XRPUSDT,60,"(35, 60)",percentile40,1.2,True,fixed,0.04,-0.02
73,27,46,36.99,2895.31,-2651.26,244.05,1.0921,1.092051975636015,-539.4,3.34,2026-07-09T15:19:43.830501,XRPUSDT,65,"(30, 60)",percentile40,1.2,True,fixed,0.04,-0.02
73,27,46,36.99,2895.31,-2651.26,244.05,1.0921,1.092051975636015,-539.4,3.34,2026-07-09T15:20:29.749324,XRPUSDT,65,"(35, 60)",percentile40,1.2,True,fixed,0.04,-0.02
73,27,46,36.99,2895.31,-2651.26,244.05,1.0921,1.092051975636015,-539.4,3.34,2026-07-09T15:22:53.052245,XRPUSDT,70,"(30, 60)",percentile40,1.2,True,fixed,0.04,-0.02
73,27,46,36.99,2895.31,-2651.26,244.05,1.0921,1.092051975636015,-539.4,3.34,2026-07-09T15:23:38.765060,XRPUSDT,70,"(35, 60)",percentile40,1.2,True,fixed,0.04,-0.02
73,27,46,36.99,2892.08,-2651.26,240.82,1.0908,1.0908337613063326,-531.33,3.3,2026-07-09T15:16:34.793127,XRPUSDT,60,"(30, 60)",percentile40,1.15,True,fixed,0.04,-0.02
73,27,46,36.99,2892.08,-2651.26,240.82,1.0908,1.0908337613063326,-531.33,3.3,2026-07-09T15:17:21.247783,XRPUSDT,60,"(35, 60)",percentile40,1.15,True,fixed,0.04,-0.02
73,27,46,36.99,2892.08,-2651.26,240.82,1.0908,1.0908337613063326,-531.33,3.3,2026-07-09T15:19:36.150050,XRPUSDT,65,"(30, 60)",percentile40,1.15,True,fixed,0.04,-0.02
73,27,46,36.99,2892.08,-2651.26,240.82,1.0908,1.0908337613063326,-531.33,3.3,2026-07-09T15:20:21.811064,XRPUSDT,65,"(35, 60)",percentile40,1.15,True,fixed,0.04,-0.02
73,27,46,36.99,2892.08,-2651.26,240.82,1.0908,1.0908337613063326,-531.33,3.3,2026-07-09T15:22:45.507706,XRPUSDT,70,"(30, 60)",percentile40,1.15,True,fixed,0.04,-0.02
73,27,46,36.99,2892.08,-2651.26,240.82,1.0908,1.0908337613063326,-531.33,3.3,2026-07-09T15:23:31.151981,XRPUSDT,70,"(35, 60)",percentile40,1.15,True,fixed,0.04,-0.02
107,75,32,70.09,2033.75,-1868.56,165.2,1.0884,1.0884095194970536,-498.27,1.54,2026-07-09T15:16:23.459294,XRPUSDT,60,"(30, 60)",sma20,1.2,True,ema20_exit,0.04,-0.02
107,75,32,70.09,2033.75,-1868.56,165.2,1.0884,1.0884095194970536,-498.27,1.54,2026-07-09T15:17:10.071328,XRPUSDT,60,"(35, 60)",sma20,1.2,True,ema20_exit,0.04,-0.02
107,75,32,70.09,2033.75,-1868.56,165.2,1.0884,1.0884095194970536,-498.27,1.54,2026-07-09T15:19:25.008892,XRPUSDT,65,"(30, 60)",sma20,1.2,True,ema20_exit,0.04,-0.02
107,75,32,70.09,2033.75,-1868.56,165.2,1.0884,1.0884095194970536,-498.27,1.54,2026-07-09T15:20:10.613335,XRPUSDT,65,"(35, 60)",sma20,1.2,True,ema20_exit,0.04,-0.02
107,75,32,70.09,2033.75,-1868.56,165.2,1.0884,1.0884095194970536,-498.27,1.54,2026-07-09T15:22:34.401010,XRPUSDT,70,"(30, 60)",sma20,1.2,True,ema20_exit,0.04,-0.02
107,75,32,70.09,2033.75,-1868.56,165.2,1.0884,1.0884095194970536,-498.27,1.54,2026-07-09T15:23:19.966423,XRPUSDT,70,"(35, 60)",sma20,1.2,True,ema20_exit,0.04,-0.02
149,97,52,65.1,3187.89,-2943.27,244.62,1.0831,1.0831111936195545,-597.32,1.64,2026-07-09T15:18:11.367854,XRPUSDT,60,"(35, 65)",percentile40,1.15,True,ema20_exit,0.04,-0.02
149,97,52,65.1,3187.89,-2943.27,244.62,1.0831,1.0831111936195545,-597.32,1.64,2026-07-09T15:21:13.912031,XRPUSDT,65,"(35, 65)",percentile40,1.15,True,ema20_exit,0.04,-0.02
149,97,52,65.1,3187.89,-2943.27,244.62,1.0831,1.0831111936195545,-597.32,1.64,2026-07-09T15:24:21.723545,XRPUSDT,70,"(35, 65)",percentile40,1.15,True,ema20_exit,0.04,-0.02
63,45,18,71.43,1097.31,-1014.28,83.03,1.0819,1.0818655517346736,-261.66,1.32,2026-07-09T15:15:42.784399,XRPUSDT,60,"(30, 55)",percentile40,1.1,True,ema20_exit,0.04,-0.02
63,45,18,71.43,1097.31,-1014.28,83.03,1.0819,1.0818655517346736,-261.66,1.32,2026-07-09T15:18:47.693781,XRPUSDT,65,"(30, 55)",percentile40,1.1,True,ema20_exit,0.04,-0.02
63,45,18,71.43,1097.31,-1014.28,83.03,1.0819,1.0818655517346736,-261.66,1.32,2026-07-09T15:21:55.159299,XRPUSDT,70,"(30, 55)",percentile40,1.1,True,ema20_exit,0.04,-0.02
42,33,9,78.57,566.88,-525.59,41.29,1.0786,1.0785623027813476,-343.71,0.98,2026-07-09T14:54:06.944087,ETHUSDT,60,"(30, 55)",percentile40,1.2,True,ema20_exit,0.04,-0.02
42,33,9,78.57,566.88,-525.59,41.29,1.0786,1.0785623027813476,-343.71,0.98,2026-07-09T14:58:10.407612,ETHUSDT,65,"(30, 55)",percentile40,1.2,True,ema20_exit,0.04,-0.02
42,33,9,78.57,566.88,-525.59,41.29,1.0786,1.0785623027813476,-343.71,0.98,2026-07-09T15:02:15.952020,ETHUSDT,70,"(30, 55)",percentile40,1.2,True,ema20_exit,0.04,-0.02
95,34,61,35.79,3723.98,-3452.78,271.2,1.0785,1.0785461137872623,-654.86,2.85,2026-07-09T15:17:52.103449,XRPUSDT,60,"(35, 65)",sma20,1.2,True,fixed,0.04,-0.02
95,34,61,35.79,3723.98,-3452.78,271.2,1.0785,1.0785461137872623,-654.86,2.85,2026-07-09T15:20:53.850559,XRPUSDT,65,"(35, 65)",sma20,1.2,True,fixed,0.04,-0.02
95,34,61,35.79,3723.98,-3452.78,271.2,1.0785,1.0785461137872623,-654.86,2.85,2026-07-09T15:24:02.104939,XRPUSDT,70,"(35, 65)",sma20,1.2,True,fixed,0.04,-0.02
126,87,39,69.05,2436.46,-2259.75,176.71,1.0782,1.0781969991022016,-396.56,1.4,2026-07-09T14:54:50.776747,ETHUSDT,60,"(30, 60)",percentile40,1.15,True,ema20_exit,0.04,-0.02
126,87,39,69.05,2436.46,-2259.75,176.71,1.0782,1.0781969991022016,-396.56,1.4,2026-07-09T14:55:52.512969,ETHUSDT,60,"(35, 60)",percentile40,1.15,True,ema20_exit,0.04,-0.02
126,87,39,69.05,2436.46,-2259.75,176.71,1.0782,1.0781969991022016,-396.56,1.4,2026-07-09T14:59:01.776524,ETHUSDT,65,"(30, 60)",percentile40,1.15,True,ema20_exit,0.04,-0.02
126,87,39,69.05,2436.46,-2259.75,176.71,1.0782,1.0781969991022016,-396.56,1.4,2026-07-09T15:00:04.729101,ETHUSDT,65,"(35, 60)",percentile40,1.15,True,ema20_exit,0.04,-0.02
126,87,39,69.05,2436.46,-2259.75,176.71,1.0782,1.0781969991022016,-396.56,1.4,2026-07-09T15:02:57.276851,ETHUSDT,70,"(30, 60)",percentile40,1.15,True,ema20_exit,0.04,-0.02
126,87,39,69.05,2436.46,-2259.75,176.71,1.0782,1.0781969991022016,-396.56,1.4,2026-07-09T15:03:45.159516,ETHUSDT,70,"(35, 60)",percentile40,1.15,True,ema20_exit,0.04,-0.02
41,15,26,36.59,1591.79,-1477.89,113.89,1.0771,1.0770658062516767,-641.74,2.78,2026-07-09T15:15:47.340239,XRPUSDT,60,"(30, 55)",percentile40,1.15,True,fixed,0.04,-0.02
41,15,26,36.59,1591.79,-1477.89,113.89,1.0771,1.0770658062516767,-641.74,2.78,2026-07-09T15:18:51.323915,XRPUSDT,65,"(30, 55)",percentile40,1.15,True,fixed,0.04,-0.02
41,15,26,36.59,1591.79,-1477.89,113.89,1.0771,1.0770658062516767,-641.74,2.78,2026-07-09T15:21:59.380261,XRPUSDT,70,"(30, 55)",percentile40,1.15,True,fixed,0.04,-0.02
125,45,80,36.0,4871.3,-4531.48,339.82,1.075,1.0749911154791747,-869.39,2.72,2026-07-09T15:07:42.243814,SOLUSDT,60,"(35, 65)",percentile40,1.15,True,fixed,0.04,-0.02
125,45,80,36.0,4871.3,-4531.48,339.82,1.075,1.0749911154791747,-869.39,2.72,2026-07-09T15:11:14.888188,SOLUSDT,65,"(35, 65)",percentile40,1.15,True,fixed,0.04,-0.02
125,45,80,36.0,4871.3,-4531.48,339.82,1.075,1.0749911154791747,-869.39,2.72,2026-07-09T15:15:00.429758,SOLUSDT,70,"(35, 65)",percentile40,1.15,True,fixed,0.04,-0.02
39,14,25,35.9,1472.65,-1373.83,98.83,1.0719,1.0719348272397038,-708.99,2.53,2026-07-09T15:15:55.372564,XRPUSDT,60,"(30, 55)",percentile40,1.2,True,fixed,0.04,-0.02
39,14,25,35.9,1472.65,-1373.83,98.83,1.0719,1.0719348272397038,-708.99,2.53,2026-07-09T15:18:58.480992,XRPUSDT,65,"(30, 55)",percentile40,1.2,True,fixed,0.04,-0.02
39,14,25,35.9,1472.65,-1373.83,98.83,1.0719,1.0719348272397038,-708.99,2.53,2026-07-09T15:22:07.743152,XRPUSDT,70,"(30, 55)",percentile40,1.2,True,fixed,0.04,-0.02
160,110,50,68.75,3106.56,-2901.11,205.45,1.0708,1.0708180265421279,-553.72,1.28,2026-07-09T14:56:47.084961,ETHUSDT,60,"(35, 65)",percentile40,1.1,True,ema20_exit,0.04,-0.02
160,110,50,68.75,3106.56,-2901.11,205.45,1.0708,1.0708180265421279,-553.72,1.28,2026-07-09T15:01:00.197229,ETHUSDT,65,"(35, 65)",percentile40,1.1,True,ema20_exit,0.04,-0.02
160,110,50,68.75,3106.56,-2901.11,205.45,1.0708,1.0708180265421279,-553.72,1.28,2026-07-09T15:04:25.387972,ETHUSDT,70,"(35, 65)",percentile40,1.1,True,ema20_exit,0.04,-0.02
99,36,63,36.36,3941.74,-3682.96,258.78,1.0703,1.0702649556550943,-915.92,2.61,2026-07-09T15:05:31.707630,SOLUSDT,60,"(30, 60)",sma20,1.1,True,fixed,0.04,-0.02
99,36,63,36.36,3941.74,-3682.96,258.78,1.0703,1.0702649556550943,-915.92,2.61,2026-07-09T15:06:19.472100,SOLUSDT,60,"(35, 60)",sma20,1.1,True,fixed,0.04,-0.02
99,36,63,36.36,3941.74,-3682.96,258.78,1.0703,1.0702649556550943,-915.92,2.61,2026-07-09T15:08:47.502382,SOLUSDT,65,"(30, 60)",sma20,1.1,True,fixed,0.04,-0.02
99,36,63,36.36,3941.74,-3682.96,258.78,1.0703,1.0702649556550943,-915.92,2.61,2026-07-09T15:09:37.524861,SOLUSDT,65,"(35, 60)",sma20,1.1,True,fixed,0.04,-0.02
99,36,63,36.36,3941.74,-3682.96,258.78,1.0703,1.0702649556550943,-915.92,2.61,2026-07-09T15:12:32.552338,SOLUSDT,70,"(30, 60)",sma20,1.1,True,fixed,0.04,-0.02
99,36,63,36.36,3941.74,-3682.96,258.78,1.0703,1.0702649556550943,-915.92,2.61,2026-07-09T15:13:36.952787,SOLUSDT,70,"(35, 60)",sma20,1.1,True,fixed,0.04,-0.02
82,30,52,36.59,3329.68,-3112.89,216.78,1.0696,1.0696397449730712,-603.98,2.64,2026-07-09T14:54:45.698430,ETHUSDT,60,"(30, 60)",percentile40,1.15,True,fixed,0.04,-0.02
82,30,52,36.59,3329.68,-3112.89,216.78,1.0696,1.0696397449730712,-603.98,2.64,2026-07-09T14:55:47.363283,ETHUSDT,60,"(35, 60)",percentile40,1.15,True,fixed,0.04,-0.02
82,30,52,36.59,3329.68,-3112.89,216.78,1.0696,1.0696397449730712,-603.98,2.64,2026-07-09T14:58:55.340337,ETHUSDT,65,"(30, 60)",percentile40,1.15,True,fixed,0.04,-0.02
82,30,52,36.59,3329.68,-3112.89,216.78,1.0696,1.0696397449730712,-603.98,2.64,2026-07-09T14:59:58.477941,ETHUSDT,65,"(35, 60)",percentile40,1.15,True,fixed,0.04,-0.02
82,30,52,36.59,3329.68,-3112.89,216.78,1.0696,1.0696397449730712,-603.98,2.64,2026-07-09T15:02:52.225874,ETHUSDT,70,"(30, 60)",percentile40,1.15,True,fixed,0.04,-0.02
82,30,52,36.59,3329.68,-3112.89,216.78,1.0696,1.0696397449730712,-603.98,2.64,2026-07-09T15:03:41.027682,ETHUSDT,70,"(35, 60)",percentile40,1.15,True,fixed,0.04,-0.02
79,56,23,70.89,1435.72,-1346.54,89.17,1.0662,1.0662248832602497,-357.34,1.13,2026-07-09T15:04:50.574282,SOLUSDT,60,"(30, 55)",sma20,1.1,True,ema20_exit,0.04,-0.02
79,56,23,70.89,1435.72,-1346.54,89.17,1.0662,1.0662248832602497,-357.34,1.13,2026-07-09T15:08:02.977002,SOLUSDT,65,"(30, 55)",sma20,1.1,True,ema20_exit,0.04,-0.02
79,56,23,70.89,1435.72,-1346.54,89.17,1.0662,1.0662248832602497,-357.34,1.13,2026-07-09T15:11:38.539358,SOLUSDT,70,"(30, 55)",sma20,1.1,True,ema20_exit,0.04,-0.02
102,37,65,36.27,4105.13,-3850.85,254.28,1.066,1.066031704597943,-728.22,2.49,2026-07-09T14:56:42.364127,ETHUSDT,60,"(35, 65)",percentile40,1.1,True,fixed,0.04,-0.02
102,37,65,36.27,4105.13,-3850.85,254.28,1.066,1.066031704597943,-728.22,2.49,2026-07-09T15:00:54.481468,ETHUSDT,65,"(35, 65)",percentile40,1.1,True,fixed,0.04,-0.02
102,37,65,36.27,4105.13,-3850.85,254.28,1.066,1.066031704597943,-728.22,2.49,2026-07-09T15:04:21.153871,ETHUSDT,70,"(35, 65)",percentile40,1.1,True,fixed,0.04,-0.02
152,107,45,70.39,2773.99,-2606.24,167.75,1.0644,1.0643629212136336,-706.81,1.1,2026-07-09T15:05:35.805042,SOLUSDT,60,"(30, 60)",sma20,1.1,True,ema20_exit,0.04,-0.02
152,107,45,70.39,2773.99,-2606.24,167.75,1.0644,1.0643629212136336,-706.81,1.1,2026-07-09T15:06:23.561933,SOLUSDT,60,"(35, 60)",sma20,1.1,True,ema20_exit,0.04,-0.02
152,107,45,70.39,2773.99,-2606.24,167.75,1.0644,1.0643629212136336,-706.81,1.1,2026-07-09T15:08:51.835907,SOLUSDT,65,"(30, 60)",sma20,1.1,True,ema20_exit,0.04,-0.02
152,107,45,70.39,2773.99,-2606.24,167.75,1.0644,1.0643629212136336,-706.81,1.1,2026-07-09T15:09:42.173828,SOLUSDT,65,"(35, 60)",sma20,1.1,True,ema20_exit,0.04,-0.02
152,107,45,70.39,2773.99,-2606.24,167.75,1.0644,1.0643629212136336,-706.81,1.1,2026-07-09T15:12:38.185140,SOLUSDT,70,"(30, 60)",sma20,1.1,True,ema20_exit,0.04,-0.02
152,107,45,70.39,2773.99,-2606.24,167.75,1.0644,1.0643629212136336,-706.81,1.1,2026-07-09T15:13:41.993533,SOLUSDT,70,"(35, 60)",sma20,1.1,True,ema20_exit,0.04,-0.02
77,28,49,36.36,3001.43,-2820.09,181.34,1.0643,1.06430242728112,-692.65,2.36,2026-07-09T15:16:27.240668,XRPUSDT,60,"(30, 60)",percentile40,1.1,True,fixed,0.04,-0.02
77,28,49,36.36,3001.43,-2820.09,181.34,1.0643,1.06430242728112,-692.65,2.36,2026-07-09T15:17:13.672859,XRPUSDT,60,"(35, 60)",percentile40,1.1,True,fixed,0.04,-0.02
77,28,49,36.36,3001.43,-2820.09,181.34,1.0643,1.06430242728112,-692.65,2.36,2026-07-09T15:19:28.592425,XRPUSDT,65,"(30, 60)",percentile40,1.1,True,fixed,0.04,-0.02
77,28,49,36.36,3001.43,-2820.09,181.34,1.0643,1.06430242728112,-692.65,2.36,2026-07-09T15:20:14.263110,XRPUSDT,65,"(35, 60)",percentile40,1.1,True,fixed,0.04,-0.02
77,28,49,36.36,3001.43,-2820.09,181.34,1.0643,1.06430242728112,-692.65,2.36,2026-07-09T15:22:37.978819,XRPUSDT,70,"(30, 60)",percentile40,1.1,True,fixed,0.04,-0.02
77,28,49,36.36,3001.43,-2820.09,181.34,1.0643,1.06430242728112,-692.65,2.36,2026-07-09T15:23:23.541993,XRPUSDT,70,"(35, 60)",percentile40,1.1,True,fixed,0.04,-0.02
123,44,79,35.77,4752.93,-4471.96,280.97,1.0628,1.0628282662897646,-765.19,2.28,2026-07-09T15:07:50.781224,SOLUSDT,60,"(35, 65)",percentile40,1.2,True,fixed,0.04,-0.02
123,44,79,35.77,4752.93,-4471.96,280.97,1.0628,1.0628282662897646,-765.19,2.28,2026-07-09T15:11:24.927973,SOLUSDT,65,"(35, 65)",percentile40,1.2,True,fixed,0.04,-0.02
123,44,79,35.77,4752.93,-4471.96,280.97,1.0628,1.0628282662897646,-765.19,2.28,2026-07-09T15:15:08.384320,SOLUSDT,70,"(35, 65)",percentile40,1.2,True,fixed,0.04,-0.02
96,34,62,35.42,3702.68,-3484.18,218.5,1.0627,1.062713482958703,-725.64,2.28,2026-07-09T15:18:07.443045,XRPUSDT,60,"(35, 65)",percentile40,1.15,True,fixed,0.04,-0.02
96,34,62,35.42,3702.68,-3484.18,218.5,1.0627,1.062713482958703,-725.64,2.28,2026-07-09T15:21:09.810863,XRPUSDT,65,"(35, 65)",percentile40,1.15,True,fixed,0.04,-0.02
96,34,62,35.42,3702.68,-3484.18,218.5,1.0627,1.062713482958703,-725.64,2.28,2026-07-09T15:24:17.618964,XRPUSDT,70,"(35, 65)",percentile40,1.15,True,fixed,0.04,-0.02
99,35,64,35.35,3848.08,-3622.57,225.52,1.0623,1.0622531360835574,-713.79,2.28,2026-07-09T15:17:44.252965,XRPUSDT,60,"(35, 65)",sma20,1.15,True,fixed,0.04,-0.02
99,35,64,35.35,3848.08,-3622.57,225.52,1.0623,1.0622531360835574,-713.79,2.28,2026-07-09T15:20:46.098677,XRPUSDT,65,"(35, 65)",sma20,1.15,True,fixed,0.04,-0.02
99,35,64,35.35,3848.08,-3622.57,225.52,1.0623,1.0622531360835574,-713.79,2.28,2026-07-09T15:23:54.344861,XRPUSDT,70,"(35, 65)",sma20,1.15,True,fixed,0.04,-0.02
77,28,49,36.36,3065.08,-2888.08,177.01,1.0613,1.0612888105791425,-476.41,2.3,2026-07-09T14:54:56.427610,ETHUSDT,60,"(30, 60)",percentile40,1.2,True,fixed,0.04,-0.02
77,28,49,36.36,3065.08,-2888.08,177.01,1.0613,1.0612888105791425,-476.41,2.3,2026-07-09T14:55:57.393202,ETHUSDT,60,"(35, 60)",percentile40,1.2,True,fixed,0.04,-0.02
77,28,49,36.36,3065.08,-2888.08,177.01,1.0613,1.0612888105791425,-476.41,2.3,2026-07-09T14:59:06.873446,ETHUSDT,65,"(30, 60)",percentile40,1.2,True,fixed,0.04,-0.02
77,28,49,36.36,3065.08,-2888.08,177.01,1.0613,1.0612888105791425,-476.41,2.3,2026-07-09T15:00:10.037270,ETHUSDT,65,"(35, 60)",percentile40,1.2,True,fixed,0.04,-0.02
77,28,49,36.36,3065.08,-2888.08,177.01,1.0613,1.0612888105791425,-476.41,2.3,2026-07-09T15:03:01.575332,ETHUSDT,70,"(30, 60)",percentile40,1.2,True,fixed,0.04,-0.02
77,28,49,36.36,3065.08,-2888.08,177.01,1.0613,1.0612888105791425,-476.41,2.3,2026-07-09T15:03:48.974332,ETHUSDT,70,"(35, 60)",percentile40,1.2,True,fixed,0.04,-0.02
103,36,67,34.95,3948.94,-3734.81,214.14,1.0573,1.0573355417828385,-653.9,2.08,2026-07-09T15:17:36.436541,XRPUSDT,60,"(35, 65)",sma20,1.1,True,fixed,0.04,-0.02
103,36,67,34.95,3948.94,-3734.81,214.14,1.0573,1.0573355417828385,-653.9,2.08,2026-07-09T15:20:38.395257,XRPUSDT,65,"(35, 65)",sma20,1.1,True,fixed,0.04,-0.02
103,36,67,34.95,3948.94,-3734.81,214.14,1.0573,1.0573355417828385,-653.9,2.08,2026-07-09T15:23:46.586189,XRPUSDT,70,"(35, 65)",sma20,1.1,True,fixed,0.04,-0.02
119,43,76,36.13,4603.05,-4362.83,240.22,1.0551,1.0550600553901852,-780.49,2.02,2026-07-09T15:07:16.135427,SOLUSDT,60,"(35, 65)",sma20,1.15,True,fixed,0.04,-0.02
119,43,76,36.13,4603.05,-4362.83,240.22,1.0551,1.0550600553901852,-780.49,2.02,2026-07-09T15:10:48.011926,SOLUSDT,65,"(35, 65)",sma20,1.15,True,fixed,0.04,-0.02
119,43,76,36.13,4603.05,-4362.83,240.22,1.0551,1.0550600553901852,-780.49,2.02,2026-07-09T15:14:36.198388,SOLUSDT,70,"(35, 65)",sma20,1.15,True,fixed,0.04,-0.02
86,31,55,36.05,3446.52,-3273.58,172.94,1.0528,1.0528276478118932,-586.24,2.01,2026-07-09T14:54:37.239613,ETHUSDT,60,"(30, 60)",percentile40,1.1,True,fixed,0.04,-0.02
86,31,55,36.05,3446.52,-3273.58,172.94,1.0528,1.0528276478118932,-586.24,2.01,2026-07-09T14:55:37.443556,ETHUSDT,60,"(35, 60)",percentile40,1.1,True,fixed,0.04,-0.02
86,31,55,36.05,3446.52,-3273.58,172.94,1.0528,1.0528276478118932,-586.24,2.01,2026-07-09T14:58:44.482786,ETHUSDT,65,"(30, 60)",percentile40,1.1,True,fixed,0.04,-0.02
86,31,55,36.05,3446.52,-3273.58,172.94,1.0528,1.0528276478118932,-586.24,2.01,2026-07-09T14:59:47.264845,ETHUSDT,65,"(35, 60)",percentile40,1.1,True,fixed,0.04,-0.02
86,31,55,36.05,3446.52,-3273.58,172.94,1.0528,1.0528276478118932,-586.24,2.01,2026-07-09T15:02:44.114091,ETHUSDT,70,"(30, 60)",percentile40,1.1,True,fixed,0.04,-0.02
86,31,55,36.05,3446.52,-3273.58,172.94,1.0528,1.0528276478118932,-586.24,2.01,2026-07-09T15:03:33.180077,ETHUSDT,70,"(35, 60)",percentile40,1.1,True,fixed,0.04,-0.02
127,45,82,35.43,4865.77,-4640.31,225.47,1.0486,1.0485889497677752,-936.08,1.78,2026-07-09T15:07:33.948280,SOLUSDT,60,"(35, 65)",percentile40,1.1,True,fixed,0.04,-0.02
127,45,82,35.43,4865.77,-4640.31,225.47,1.0486,1.0485889497677752,-936.08,1.78,2026-07-09T15:11:05.371038,SOLUSDT,65,"(35, 65)",percentile40,1.1,True,fixed,0.04,-0.02
127,45,82,35.43,4865.77,-4640.31,225.47,1.0486,1.0485889497677752,-936.08,1.78,2026-07-09T15:14:52.427339,SOLUSDT,70,"(35, 65)",percentile40,1.1,True,fixed,0.04,-0.02
45,16,29,35.56,1723.73,-1645.24,78.49,1.0477,1.0477056062084618,-570.61,1.74,2026-07-09T15:24:56.048382,BNBUSDT,60,"(30, 55)",percentile40,1.1,True,fixed,0.04,-0.02
45,16,29,35.56,1723.73,-1645.24,78.49,1.0477,1.0477056062084618,-570.61,1.74,2026-07-09T15:28:49.166046,BNBUSDT,65,"(30, 55)",percentile40,1.1,True,fixed,0.04,-0.02
45,16,29,35.56,1723.73,-1645.24,78.49,1.0477,1.0477056062084618,-570.61,1.74,2026-07-09T15:31:49.477057,BNBUSDT,70,"(30, 55)",percentile40,1.1,True,fixed,0.04,-0.02
45,16,29,35.56,1688.44,-1615.24,73.2,1.0453,1.0453169977791559,-529.36,1.63,2026-07-09T15:15:31.087457,XRPUSDT,60,"(30, 55)",sma20,1.2,True,fixed,0.04,-0.02
45,16,29,35.56,1688.44,-1615.24,73.2,1.0453,1.0453169977791559,-529.36,1.63,2026-07-09T15:18:36.875810,XRPUSDT,65,"(30, 55)",sma20,1.2,True,fixed,0.04,-0.02
45,16,29,35.56,1688.44,-1615.24,73.2,1.0453,1.0453169977791559,-529.36,1.63,2026-07-09T15:21:42.376389,XRPUSDT,70,"(30, 55)",sma20,1.2,True,fixed,0.04,-0.02
117,42,75,35.9,4491.46,-4312.17,179.3,1.0416,1.0415795478360212,-742.81,1.53,2026-07-09T15:07:25.635488,SOLUSDT,60,"(35, 65)",sma20,1.2,True,fixed,0.04,-0.02
117,42,75,35.9,4491.46,-4312.17,179.3,1.0416,1.0415795478360212,-742.81,1.53,2026-07-09T15:10:56.825215,SOLUSDT,65,"(35, 65)",sma20,1.2,True,fixed,0.04,-0.02
117,42,75,35.9,4491.46,-4312.17,179.3,1.0416,1.0415795478360212,-742.81,1.53,2026-07-09T15:14:44.452346,SOLUSDT,70,"(35, 65)",sma20,1.2,True,fixed,0.04,-0.02
199,134,65,67.34,3835.38,-3701.7,133.69,1.0361,1.0361146717922465,-570.15,0.67,2026-07-09T15:07:55.176352,SOLUSDT,60,"(35, 65)",percentile40,1.2,True,ema20_exit,0.04,-0.02
199,134,65,67.34,3835.38,-3701.7,133.69,1.0361,1.0361146717922465,-570.15,0.67,2026-07-09T15:11:29.992950,SOLUSDT,65,"(35, 65)",percentile40,1.2,True,ema20_exit,0.04,-0.02
199,134,65,67.34,3835.38,-3701.7,133.69,1.0361,1.0361146717922465,-570.15,0.67,2026-07-09T15:15:12.489631,SOLUSDT,70,"(35, 65)",percentile40,1.2,True,ema20_exit,0.04,-0.02
101,35,66,34.65,3806.66,-3699.75,106.91,1.0289,1.0288965530047451,-717.22,1.06,2026-07-09T15:17:59.817503,XRPUSDT,60,"(35, 65)",percentile40,1.1,True,fixed,0.04,-0.02
101,35,66,34.65,3806.66,-3699.75,106.91,1.0289,1.0288965530047451,-717.22,1.06,2026-07-09T15:21:01.767651,XRPUSDT,65,"(35, 65)",percentile40,1.1,True,fixed,0.04,-0.02
101,35,66,34.65,3806.66,-3699.75,106.91,1.0289,1.0288965530047451,-717.22,1.06,2026-07-09T15:24:09.911924,XRPUSDT,70,"(35, 65)",percentile40,1.1,True,fixed,0.04,-0.02
132,91,41,68.94,2409.83,-2353.54,56.29,1.0239,1.023916463947381,-679.35,0.43,2026-07-09T15:05:51.790843,SOLUSDT,60,"(30, 60)",sma20,1.2,True,ema20_exit,0.04,-0.02
132,91,41,68.94,2409.83,-2353.54,56.29,1.0239,1.023916463947381,-679.35,0.43,2026-07-09T15:06:39.610850,SOLUSDT,60,"(35, 60)",sma20,1.2,True,ema20_exit,0.04,-0.02
132,91,41,68.94,2409.83,-2353.54,56.29,1.0239,1.023916463947381,-679.35,0.43,2026-07-09T15:09:08.947974,SOLUSDT,65,"(30, 60)",sma20,1.2,True,ema20_exit,0.04,-0.02
132,91,41,68.94,2409.83,-2353.54,56.29,1.0239,1.023916463947381,-679.35,0.43,2026-07-09T15:09:59.017486,SOLUSDT,65,"(35, 60)",sma20,1.2,True,ema20_exit,0.04,-0.02
132,91,41,68.94,2409.83,-2353.54,56.29,1.0239,1.023916463947381,-679.35,0.43,2026-07-09T15:12:59.935243,SOLUSDT,70,"(30, 60)",sma20,1.2,True,ema20_exit,0.04,-0.02
132,91,41,68.94,2409.83,-2353.54,56.29,1.0239,1.023916463947381,-679.35,0.43,2026-07-09T15:14:00.570328,SOLUSDT,70,"(35, 60)",sma20,1.2,True,ema20_exit,0.04,-0.02
145,101,44,69.66,2567.4,-2511.63,55.77,1.0222,1.0222038888577671,-700.2,0.38,2026-07-09T15:05:43.754280,SOLUSDT,60,"(30, 60)",sma20,1.15,True,ema20_exit,0.04,-0.02
145,101,44,69.66,2567.4,-2511.63,55.77,1.0222,1.0222038888577671,-700.2,0.38,2026-07-09T15:06:31.425499,SOLUSDT,60,"(35, 60)",sma20,1.15,True,ema20_exit,0.04,-0.02
145,101,44,69.66,2567.4,-2511.63,55.77,1.0222,1.0222038888577671,-700.2,0.38,2026-07-09T15:09:00.265305,SOLUSDT,65,"(30, 60)",sma20,1.15,True,ema20_exit,0.04,-0.02
145,101,44,69.66,2567.4,-2511.63,55.77,1.0222,1.0222038888577671,-700.2,0.38,2026-07-09T15:09:50.512966,SOLUSDT,65,"(35, 60)",sma20,1.15,True,ema20_exit,0.04,-0.02
145,101,44,69.66,2567.4,-2511.63,55.77,1.0222,1.0222038888577671,-700.2,0.38,2026-07-09T15:12:49.332603,SOLUSDT,70,"(30, 60)",sma20,1.15,True,ema20_exit,0.04,-0.02
145,101,44,69.66,2567.4,-2511.63,55.77,1.0222,1.0222038888577671,-700.2,0.38,2026-07-09T15:13:52.062925,SOLUSDT,70,"(35, 60)",sma20,1.15,True,ema20_exit,0.04,-0.02
121,43,78,35.54,4594.67,-4513.16,81.52,1.0181,1.0180623939890934,-928.98,0.67,2026-07-09T15:07:07.712389,SOLUSDT,60,"(35, 65)",sma20,1.1,True,fixed,0.04,-0.02
121,43,78,35.54,4594.67,-4513.16,81.52,1.0181,1.0180623939890934,-928.98,0.67,2026-07-09T15:10:38.886675,SOLUSDT,65,"(35, 65)",sma20,1.1,True,fixed,0.04,-0.02
121,43,78,35.54,4594.67,-4513.16,81.52,1.0181,1.0180623939890934,-928.98,0.67,2026-07-09T15:14:28.127924,SOLUSDT,70,"(35, 65)",sma20,1.1,True,fixed,0.04,-0.02
46,16,30,34.78,1690.79,-1665.34,25.45,1.0153,1.0152817121512772,-579.46,0.55,2026-07-09T15:15:23.689205,XRPUSDT,60,"(30, 55)",sma20,1.15,True,fixed,0.04,-0.02
46,16,30,34.78,1690.79,-1665.34,25.45,1.0153,1.0152817121512772,-579.46,0.55,2026-07-09T15:18:29.618196,XRPUSDT,65,"(30, 55)",sma20,1.15,True,fixed,0.04,-0.02
46,16,30,34.78,1690.79,-1665.34,25.45,1.0153,1.0152817121512772,-579.46,0.55,2026-07-09T15:21:33.990078,XRPUSDT,70,"(30, 55)",sma20,1.15,True,fixed,0.04,-0.02
98,34,64,34.69,3702.86,-3652.65,50.21,1.0137,1.013745134152643,-1196.94,0.51,2026-07-09T15:06:11.721885,SOLUSDT,60,"(30, 60)",percentile40,1.2,True,fixed,0.04,-0.02
98,34,64,34.69,3702.86,-3652.65,50.21,1.0137,1.013745134152643,-1196.94,0.51,2026-07-09T15:06:59.828974,SOLUSDT,60,"(35, 60)",percentile40,1.2,True,fixed,0.04,-0.02
98,34,64,34.69,3702.86,-3652.65,50.21,1.0137,1.013745134152643,-1196.94,0.51,2026-07-09T15:09:29.311274,SOLUSDT,65,"(30, 60)",percentile40,1.2,True,fixed,0.04,-0.02
98,34,64,34.69,3702.86,-3652.65,50.21,1.0137,1.013745134152643,-1196.94,0.51,2026-07-09T15:10:28.334144,SOLUSDT,65,"(35, 60)",percentile40,1.2,True,fixed,0.04,-0.02
98,34,64,34.69,3702.86,-3652.65,50.21,1.0137,1.013745134152643,-1196.94,0.51,2026-07-09T15:13:27.766497,SOLUSDT,70,"(30, 60)",percentile40,1.2,True,fixed,0.04,-0.02
98,34,64,34.69,3702.86,-3652.65,50.21,1.0137,1.013745134152643,-1196.94,0.51,2026-07-09T15:14:20.275684,SOLUSDT,70,"(35, 60)",percentile40,1.2,True,fixed,0.04,-0.02
205,137,68,66.83,3895.98,-3857.57,38.41,1.01,1.0099576227743323,-569.19,0.19,2026-07-09T15:07:46.510356,SOLUSDT,60,"(35, 65)",percentile40,1.15,True,ema20_exit,0.04,-0.02
205,137,68,66.83,3895.98,-3857.57,38.41,1.01,1.0099576227743323,-569.19,0.19,2026-07-09T15:11:19.970713,SOLUSDT,65,"(35, 65)",percentile40,1.15,True,ema20_exit,0.04,-0.02
205,137,68,66.83,3895.98,-3857.57,38.41,1.01,1.0099576227743323,-569.19,0.19,2026-07-09T15:15:04.551944,SOLUSDT,70,"(35, 65)",percentile40,1.15,True,ema20_exit,0.04,-0.02
102,35,67,34.31,3833.02,-3805.03,27.98,1.0074,1.0073542328093221,-1217.37,0.27,2026-07-09T15:06:03.421748,SOLUSDT,60,"(30, 60)",percentile40,1.15,True,fixed,0.04,-0.02
102,35,67,34.31,3833.02,-3805.03,27.98,1.0074,1.0073542328093221,-1217.37,0.27,2026-07-09T15:06:51.910208,SOLUSDT,60,"(35, 60)",percentile40,1.15,True,fixed,0.04,-0.02
102,35,67,34.31,3833.02,-3805.03,27.98,1.0074,1.0073542328093221,-1217.37,0.27,2026-07-09T15:09:21.117301,SOLUSDT,65,"(30, 60)",percentile40,1.15,True,fixed,0.04,-0.02
102,35,67,34.31,3833.02,-3805.03,27.98,1.0074,1.0073542328093221,-1217.37,0.27,2026-07-09T15:10:17.010046,SOLUSDT,65,"(35, 60)",percentile40,1.15,True,fixed,0.04,-0.02
102,35,67,34.31,3833.02,-3805.03,27.98,1.0074,1.0073542328093221,-1217.37,0.27,2026-07-09T15:13:17.919947,SOLUSDT,70,"(30, 60)",percentile40,1.15,True,fixed,0.04,-0.02
102,35,67,34.31,3833.02,-3805.03,27.98,1.0074,1.0073542328093221,-1217.37,0.27,2026-07-09T15:14:12.429977,SOLUSDT,70,"(35, 60)",percentile40,1.15,True,fixed,0.04,-0.02
75,52,23,69.33,1328.82,-1323.26,5.56,1.0042,1.0042020556700584,-387.42,0.07,2026-07-09T15:04:58.103404,SOLUSDT,60,"(30, 55)",sma20,1.15,True,ema20_exit,0.04,-0.02
75,52,23,69.33,1328.82,-1323.26,5.56,1.0042,1.0042020556700584,-387.42,0.07,2026-07-09T15:08:10.754446,SOLUSDT,65,"(30, 55)",sma20,1.15,True,ema20_exit,0.04,-0.02
75,52,23,69.33,1328.82,-1323.26,5.56,1.0042,1.0042020556700584,-387.42,0.07,2026-07-09T15:11:48.018258,SOLUSDT,70,"(30, 55)",sma20,1.15,True,ema20_exit,0.04,-0.02
71,51,20,71.83,1104.91,-1109.36,-4.46,0.996,0.9959831954225321,-271.54,-0.06,2026-07-09T15:24:59.812774,BNBUSDT,60,"(30, 55)",percentile40,1.1,True,ema20_exit,0.04,-0.02
71,51,20,71.83,1104.91,-1109.36,-4.46,0.996,0.9959831954225321,-271.54,-0.06,2026-07-09T15:28:52.909008,BNBUSDT,65,"(30, 55)",percentile40,1.1,True,ema20_exit,0.04,-0.02
71,51,20,71.83,1104.91,-1109.36,-4.46,0.996,0.9959831954225321,-271.54,-0.06,2026-07-09T15:31:53.102998,BNBUSDT,70,"(30, 55)",percentile40,1.1,True,ema20_exit,0.04,-0.02
147,96,51,65.31,2931.01,-2944.68,-13.67,0.9954,0.9953570126221636,-645.57,-0.09,2026-07-09T15:17:48.368569,XRPUSDT,60,"(35, 65)",sma20,1.15,True,ema20_exit,0.04,-0.02
147,96,51,65.31,2931.01,-2944.68,-13.67,0.9954,0.9953570126221636,-645.57,-0.09,2026-07-09T15:20:50.157462,XRPUSDT,65,"(35, 65)",sma20,1.15,True,ema20_exit,0.04,-0.02
147,96,51,65.31,2931.01,-2944.68,-13.67,0.9954,0.9953570126221636,-645.57,-0.09,2026-07-09T15:23:58.399819,XRPUSDT,70,"(35, 65)",sma20,1.15,True,ema20_exit,0.04,-0.02
41,14,27,34.15,1522.82,-1532.72,-9.9,0.9935,0.99353797088828,-622.81,-0.24,2026-07-09T15:25:13.317279,BNBUSDT,60,"(30, 55)",percentile40,1.2,True,fixed,0.04,-0.02
41,14,27,34.15,1522.82,-1532.72,-9.9,0.9935,0.99353797088828,-622.81,-0.24,2026-07-09T15:29:03.772089,BNBUSDT,65,"(30, 55)",percentile40,1.2,True,fixed,0.04,-0.02
41,14,27,34.15,1522.82,-1532.72,-9.9,0.9935,0.99353797088828,-622.81,-0.24,2026-07-09T15:32:03.724377,BNBUSDT,70,"(30, 55)",percentile40,1.2,True,fixed,0.04,-0.02
48,39,9,81.25,517.55,-523.5,-5.95,0.9886,0.9886312841691848,-363.65,-0.12,2026-07-09T14:53:24.292445,ETHUSDT,60,"(30, 55)",sma20,1.1,True,ema20_exit,0.04,-0.02
48,39,9,81.25,517.55,-523.5,-5.95,0.9886,0.9886312841691848,-363.65,-0.12,2026-07-09T14:57:21.570741,ETHUSDT,65,"(30, 55)",sma20,1.1,True,ema20_exit,0.04,-0.02
48,39,9,81.25,517.55,-523.5,-5.95,0.9886,0.9886312841691848,-363.65,-0.12,2026-07-09T15:01:34.185835,ETHUSDT,70,"(30, 55)",sma20,1.1,True,ema20_exit,0.04,-0.02
47,38,9,80.85,517.38,-523.5,-6.11,0.9883,0.9883204902406502,-363.81,-0.13,2026-07-09T14:53:33.644561,ETHUSDT,60,"(30, 55)",sma20,1.15,True,ema20_exit,0.04,-0.02
47,38,9,80.85,517.38,-523.5,-6.11,0.9883,0.9883204902406502,-363.81,-0.13,2026-07-09T14:57:29.430449,ETHUSDT,65,"(30, 55)",sma20,1.15,True,ema20_exit,0.04,-0.02
47,38,9,80.85,517.38,-523.5,-6.11,0.9883,0.9883204902406502,-363.81,-0.13,2026-07-09T15:01:42.815258,ETHUSDT,70,"(30, 55)",sma20,1.15,True,ema20_exit,0.04,-0.02
47,16,31,34.04,1690.79,-1716.67,-25.88,0.9849,0.9849231208541585,-579.46,-0.55,2026-07-09T15:15:16.539418,XRPUSDT,60,"(30, 55)",sma20,1.1,True,fixed,0.04,-0.02
47,16,31,34.04,1690.79,-1716.67,-25.88,0.9849,0.9849231208541585,-579.46,-0.55,2026-07-09T15:18:22.503234,XRPUSDT,65,"(30, 55)",sma20,1.1,True,fixed,0.04,-0.02
47,16,31,34.04,1690.79,-1716.67,-25.88,0.9849,0.9849231208541585,-579.46,-0.55,2026-07-09T15:21:25.269216,XRPUSDT,70,"(30, 55)",sma20,1.1,True,fixed,0.04,-0.02
104,35,69,33.65,3837.27,-3903.16,-65.88,0.9831,0.9831211182849362,-1337.01,-0.63,2026-07-09T15:05:55.466774,SOLUSDT,60,"(30, 60)",percentile40,1.1,True,fixed,0.04,-0.02
104,35,69,33.65,3837.27,-3903.16,-65.88,0.9831,0.9831211182849362,-1337.01,-0.63,2026-07-09T15:06:43.485297,SOLUSDT,60,"(35, 60)",percentile40,1.1,True,fixed,0.04,-0.02
104,35,69,33.65,3837.27,-3903.16,-65.88,0.9831,0.9831211182849362,-1337.01,-0.63,2026-07-09T15:09:12.851835,SOLUSDT,65,"(30, 60)",percentile40,1.1,True,fixed,0.04,-0.02
104,35,69,33.65,3837.27,-3903.16,-65.88,0.9831,0.9831211182849362,-1337.01,-0.63,2026-07-09T15:10:04.166982,SOLUSDT,65,"(35, 60)",percentile40,1.1,True,fixed,0.04,-0.02
104,35,69,33.65,3837.27,-3903.16,-65.88,0.9831,0.9831211182849362,-1337.01,-0.63,2026-07-09T15:13:05.456597,SOLUSDT,70,"(30, 60)",percentile40,1.1,True,fixed,0.04,-0.02
104,35,69,33.65,3837.27,-3903.16,-65.88,0.9831,0.9831211182849362,-1337.01,-0.63,2026-07-09T15:14:04.629196,SOLUSDT,70,"(35, 60)",percentile40,1.1,True,fixed,0.04,-0.02
70,48,22,68.57,1256.72,-1283.6,-26.88,0.9791,0.9790589013439202,-380.65,-0.38,2026-07-09T15:05:05.610340,SOLUSDT,60,"(30, 55)",sma20,1.2,True,ema20_exit,0.04,-0.02
70,48,22,68.57,1256.72,-1283.6,-26.88,0.9791,0.9790589013439202,-380.65,-0.38,2026-07-09T15:08:19.187658,SOLUSDT,65,"(30, 55)",sma20,1.2,True,ema20_exit,0.04,-0.02
70,48,22,68.57,1256.72,-1283.6,-26.88,0.9791,0.9790589013439202,-380.65,-0.38,2026-07-09T15:11:59.037692,SOLUSDT,70,"(30, 55)",sma20,1.2,True,ema20_exit,0.04,-0.02
208,138,70,66.35,3919.42,-4007.75,-88.34,0.978,0.9779581764218694,-636.56,-0.42,2026-07-09T15:07:38.294877,SOLUSDT,60,"(35, 65)",percentile40,1.1,True,ema20_exit,0.04,-0.02
208,138,70,66.35,3919.42,-4007.75,-88.34,0.978,0.9779581764218694,-636.56,-0.42,2026-07-09T15:11:10.237336,SOLUSDT,65,"(35, 65)",percentile40,1.1,True,ema20_exit,0.04,-0.02
208,138,70,66.35,3919.42,-4007.75,-88.34,0.978,0.9779581764218694,-636.56,-0.42,2026-07-09T15:14:56.666398,SOLUSDT,70,"(35, 65)",percentile40,1.1,True,ema20_exit,0.04,-0.02
168,128,40,76.19,2178.96,-2238.32,-59.37,0.9735,0.973477254701408,-368.61,-0.35,2026-07-09T14:45:03.924827,BTCUSDT,60,"(35, 65)",percentile40,1.1,True,ema20_exit,0.04,-0.02
168,128,40,76.19,2178.96,-2238.32,-59.37,0.9735,0.973477254701408,-368.61,-0.35,2026-07-09T14:49:05.282865,BTCUSDT,65,"(35, 65)",percentile40,1.1,True,ema20_exit,0.04,-0.02
168,128,40,76.19,2178.96,-2238.32,-59.37,0.9735,0.973477254701408,-368.61,-0.35,2026-07-09T14:52:53.553700,BTCUSDT,70,"(35, 65)",percentile40,1.1,True,ema20_exit,0.04,-0.02
44,15,29,34.09,1602.62,-1648.61,-45.99,0.9721,0.9721048756856622,-641.74,-1.05,2026-07-09T15:15:38.561140,XRPUSDT,60,"(30, 55)",percentile40,1.1,True,fixed,0.04,-0.02
44,15,29,34.09,1602.62,-1648.61,-45.99,0.9721,0.9721048756856622,-641.74,-1.05,2026-07-09T15:18:44.036301,XRPUSDT,65,"(30, 55)",percentile40,1.1,True,fixed,0.04,-0.02
44,15,29,34.09,1602.62,-1648.61,-45.99,0.9721,0.9721048756856622,-641.74,-1.05,2026-07-09T15:21:50.724496,XRPUSDT,70,"(30, 55)",percentile40,1.1,True,fixed,0.04,-0.02
130,87,43,66.92,2425.17,-2521.68,-96.51,0.9617,0.9617271363461696,-674.25,-0.74,2026-07-09T14:54:41.643199,ETHUSDT,60,"(30, 60)",percentile40,1.1,True,ema20_exit,0.04,-0.02
130,87,43,66.92,2425.17,-2521.68,-96.51,0.9617,0.9617271363461696,-674.25,-0.74,2026-07-09T14:55:42.589763,ETHUSDT,60,"(35, 60)",percentile40,1.1,True,ema20_exit,0.04,-0.02
130,87,43,66.92,2425.17,-2521.68,-96.51,0.9617,0.9617271363461696,-674.25,-0.74,2026-07-09T14:58:49.511236,ETHUSDT,65,"(30, 60)",percentile40,1.1,True,ema20_exit,0.04,-0.02
130,87,43,66.92,2425.17,-2521.68,-96.51,0.9617,0.9617271363461696,-674.25,-0.74,2026-07-09T14:59:52.684426,ETHUSDT,65,"(35, 60)",percentile40,1.1,True,ema20_exit,0.04,-0.02
130,87,43,66.92,2425.17,-2521.68,-96.51,0.9617,0.9617271363461696,-674.25,-0.74,2026-07-09T15:02:48.346326,ETHUSDT,70,"(30, 60)",percentile40,1.1,True,ema20_exit,0.04,-0.02
130,87,43,66.92,2425.17,-2521.68,-96.51,0.9617,0.9617271363461696,-674.25,-0.74,2026-07-09T15:03:37.250072,ETHUSDT,70,"(35, 60)",percentile40,1.1,True,ema20_exit,0.04,-0.02
158,119,39,75.32,2081.14,-2178.1,-96.96,0.9555,0.9554835795331702,-380.67,-0.61,2026-07-09T14:45:25.404344,BTCUSDT,60,"(35, 65)",percentile40,1.2,True,ema20_exit,0.04,-0.02
158,119,39,75.32,2081.14,-2178.1,-96.96,0.9555,0.9554835795331702,-380.67,-0.61,2026-07-09T14:49:23.298884,BTCUSDT,65,"(35, 65)",percentile40,1.2,True,ema20_exit,0.04,-0.02
158,119,39,75.32,2081.14,-2178.1,-96.96,0.9555,0.9554835795331702,-380.67,-0.61,2026-07-09T14:53:15.468290,BTCUSDT,70,"(35, 65)",percentile40,1.2,True,ema20_exit,0.04,-0.02
42,14,28,33.33,1519.79,-1592.23,-72.44,0.9545,0.9545012913301322,-686.91,-1.72,2026-07-09T15:25:03.756010,BNBUSDT,60,"(30, 55)",percentile40,1.15,True,fixed,0.04,-0.02
42,14,28,33.33,1519.79,-1592.23,-72.44,0.9545,0.9545012913301322,-686.91,-1.72,2026-07-09T15:28:56.516620,BNBUSDT,65,"(30, 55)",percentile40,1.15,True,fixed,0.04,-0.02
42,14,28,33.33,1519.79,-1592.23,-72.44,0.9545,0.9545012913301322,-686.91,-1.72,2026-07-09T15:31:56.594985,BNBUSDT,70,"(30, 55)",percentile40,1.15,True,fixed,0.04,-0.02
77,26,51,33.77,2800.05,-2939.23,-139.19,0.9526,0.9526454658508163,-600.87,-1.81,2026-07-09T15:16:19.310445,XRPUSDT,60,"(30, 60)",sma20,1.2,True,fixed,0.04,-0.02
77,26,51,33.77,2800.05,-2939.23,-139.19,0.9526,0.9526454658508163,-600.87,-1.81,2026-07-09T15:17:06.093151,XRPUSDT,60,"(35, 60)",sma20,1.2,True,fixed,0.04,-0.02
77,26,51,33.77,2800.05,-2939.23,-139.19,0.9526,0.9526454658508163,-600.87,-1.81,2026-07-09T15:19:21.037606,XRPUSDT,65,"(30, 60)",sma20,1.2,True,fixed,0.04,-0.02
77,26,51,33.77,2800.05,-2939.23,-139.19,0.9526,0.9526454658508163,-600.87,-1.81,2026-07-09T15:20:06.696587,XRPUSDT,65,"(35, 60)",sma20,1.2,True,fixed,0.04,-0.02
77,26,51,33.77,2800.05,-2939.23,-139.19,0.9526,0.9526454658508163,-600.87,-1.81,2026-07-09T15:22:30.435629,XRPUSDT,70,"(30, 60)",sma20,1.2,True,fixed,0.04,-0.02
77,26,51,33.77,2800.05,-2939.23,-139.19,0.9526,0.9526454658508163,-600.87,-1.81,2026-07-09T15:23:16.073895,XRPUSDT,70,"(35, 60)",sma20,1.2,True,fixed,0.04,-0.02
144,93,51,64.58,2799.25,-2945.22,-145.97,0.9504,0.9504378754896744,-700.14,-1.01,2026-07-09T15:17:56.208096,XRPUSDT,60,"(35, 65)",sma20,1.2,True,ema20_exit,0.04,-0.02
144,93,51,64.58,2799.25,-2945.22,-145.97,0.9504,0.9504378754896744,-700.14,-1.01,2026-07-09T15:20:57.970165,XRPUSDT,65,"(35, 65)",sma20,1.2,True,ema20_exit,0.04,-0.02
144,93,51,64.58,2799.25,-2945.22,-145.97,0.9504,0.9504378754896744,-700.14,-1.01,2026-07-09T15:24:06.194572,XRPUSDT,70,"(35, 65)",sma20,1.2,True,ema20_exit,0.04,-0.02
77,26,51,33.77,2790.8,-2939.23,-148.43,0.9495,0.9495001552786154,-600.87,-1.93,2026-07-09T15:16:11.596110,XRPUSDT,60,"(30, 60)",sma20,1.15,True,fixed,0.04,-0.02
77,26,51,33.77,2790.8,-2939.23,-148.43,0.9495,0.9495001552786154,-600.87,-1.93,2026-07-09T15:16:58.179215,XRPUSDT,60,"(35, 60)",sma20,1.15,True,fixed,0.04,-0.02
77,26,51,33.77,2790.8,-2939.23,-148.43,0.9495,0.9495001552786154,-600.87,-1.93,2026-07-09T15:19:13.434897,XRPUSDT,65,"(30, 60)",sma20,1.15,True,fixed,0.04,-0.02
77,26,51,33.77,2790.8,-2939.23,-148.43,0.9495,0.9495001552786154,-600.87,-1.93,2026-07-09T15:19:59.104287,XRPUSDT,65,"(35, 60)",sma20,1.15,True,fixed,0.04,-0.02
77,26,51,33.77,2790.8,-2939.23,-148.43,0.9495,0.9495001552786154,-600.87,-1.93,2026-07-09T15:22:22.748398,XRPUSDT,70,"(30, 60)",sma20,1.15,True,fixed,0.04,-0.02
77,26,51,33.77,2790.8,-2939.23,-148.43,0.9495,0.9495001552786154,-600.87,-1.93,2026-07-09T15:23:08.362214,XRPUSDT,70,"(35, 60)",sma20,1.15,True,fixed,0.04,-0.02
159,99,60,62.26,3184.37,-3367.58,-183.21,0.9456,0.9455958345358546,-863.72,-1.15,2026-07-09T15:18:03.800727,XRPUSDT,60,"(35, 65)",percentile40,1.1,True,ema20_exit,0.04,-0.02
159,99,60,62.26,3184.37,-3367.58,-183.21,0.9456,0.9455958345358546,-863.72,-1.15,2026-07-09T15:21:06.038380,XRPUSDT,65,"(35, 65)",percentile40,1.1,True,ema20_exit,0.04,-0.02
159,99,60,62.26,3184.37,-3367.58,-183.21,0.9456,0.9455958345358546,-863.72,-1.15,2026-07-09T15:24:13.878499,XRPUSDT,70,"(35, 65)",percentile40,1.1,True,ema20_exit,0.04,-0.02
38,13,25,34.21,1368.27,-1455.24,-86.97,0.9402,0.9402374477269217,-387.94,-2.29,2026-07-09T14:42:05.264713,BTCUSDT,60,"(30, 55)",sma20,1.15,True,fixed,0.04,-0.02
38,13,25,34.21,1368.27,-1455.24,-86.97,0.9402,0.9402374477269217,-387.94,-2.29,2026-07-09T14:45:40.922880,BTCUSDT,65,"(30, 55)",sma20,1.15,True,fixed,0.04,-0.02
38,13,25,34.21,1368.27,-1455.24,-86.97,0.9402,0.9402374477269217,-387.94,-2.29,2026-07-09T14:49:35.334894,BTCUSDT,70,"(30, 55)",sma20,1.15,True,fixed,0.04,-0.02
154,99,55,64.29,2950.67,-3155.25,-204.58,0.9352,0.9351607925758308,-780.51,-1.33,2026-07-09T15:17:40.460684,XRPUSDT,60,"(35, 65)",sma20,1.1,True,ema20_exit,0.04,-0.02
154,99,55,64.29,2950.67,-3155.25,-204.58,0.9352,0.9351607925758308,-780.51,-1.33,2026-07-09T15:20:42.412595,XRPUSDT,65,"(35, 65)",sma20,1.1,True,ema20_exit,0.04,-0.02
154,99,55,64.29,2950.67,-3155.25,-204.58,0.9352,0.9351607925758308,-780.51,-1.33,2026-07-09T15:23:50.551604,XRPUSDT,70,"(35, 65)",sma20,1.1,True,ema20_exit,0.04,-0.02
64,47,17,73.44,866.85,-936.58,-69.73,0.9256,0.9255531113175599,-299.14,-1.09,2026-07-09T15:25:18.935638,BNBUSDT,60,"(30, 55)",percentile40,1.2,True,ema20_exit,0.04,-0.02
64,47,17,73.44,866.85,-936.58,-69.73,0.9256,0.9255531113175599,-299.14,-1.09,2026-07-09T15:29:07.493540,BNBUSDT,65,"(30, 55)",percentile40,1.2,True,ema20_exit,0.04,-0.02
64,47,17,73.44,866.85,-936.58,-69.73,0.9256,0.9255531113175599,-299.14,-1.09,2026-07-09T15:32:07.420765,BNBUSDT,70,"(30, 55)",percentile40,1.2,True,ema20_exit,0.04,-0.02
61,20,41,32.79,2182.63,-2359.31,-176.68,0.9251,0.9251134992665656,-832.78,-2.9,2026-07-09T15:05:16.718357,SOLUSDT,60,"(30, 55)",percentile40,1.15,True,fixed,0.04,-0.02
61,20,41,32.79,2182.63,-2359.31,-176.68,0.9251,0.9251134992665656,-832.78,-2.9,2026-07-09T15:08:31.192469,SOLUSDT,65,"(30, 55)",percentile40,1.15,True,fixed,0.04,-0.02
61,20,41,32.79,2182.63,-2359.31,-176.68,0.9251,0.9251134992665656,-832.78,-2.9,2026-07-09T15:12:13.489659,SOLUSDT,70,"(30, 55)",percentile40,1.15,True,fixed,0.04,-0.02
57,19,38,33.33,2013.02,-2181.6,-168.58,0.9227,0.9227244120258473,-583.07,-2.96,2026-07-09T14:43:18.471222,BTCUSDT,60,"(30, 60)",percentile40,1.15,True,fixed,0.04,-0.02
57,19,38,33.33,2013.02,-2181.6,-168.58,0.9227,0.9227244120258473,-583.07,-2.96,2026-07-09T14:44:09.297668,BTCUSDT,60,"(35, 60)",percentile40,1.15,True,fixed,0.04,-0.02
57,19,38,33.33,2013.02,-2181.6,-168.58,0.9227,0.9227244120258473,-583.07,-2.96,2026-07-09T14:47:10.217155,BTCUSDT,65,"(30, 60)",percentile40,1.15,True,fixed,0.04,-0.02
57,19,38,33.33,2013.02,-2181.6,-168.58,0.9227,0.9227244120258473,-583.07,-2.96,2026-07-09T14:48:05.285160,BTCUSDT,65,"(35, 60)",percentile40,1.15,True,fixed,0.04,-0.02
57,19,38,33.33,2013.02,-2181.6,-168.58,0.9227,0.9227244120258473,-583.07,-2.96,2026-07-09T14:50:48.846629,BTCUSDT,70,"(30, 60)",percentile40,1.15,True,fixed,0.04,-0.02
57,19,38,33.33,2013.02,-2181.6,-168.58,0.9227,0.9227244120258473,-583.07,-2.96,2026-07-09T14:51:54.890263,BTCUSDT,70,"(35, 60)",percentile40,1.15,True,fixed,0.04,-0.02
79,26,53,32.91,2787.43,-3041.48,-254.04,0.9165,0.9164732655340261,-652.06,-3.22,2026-07-09T15:16:03.302040,XRPUSDT,60,"(30, 60)",sma20,1.1,True,fixed,0.04,-0.02
79,26,53,32.91,2787.43,-3041.48,-254.04,0.9165,0.9164732655340261,-652.06,-3.22,2026-07-09T15:16:50.325727,XRPUSDT,60,"(35, 60)",sma20,1.1,True,fixed,0.04,-0.02
79,26,53,32.91,2787.43,-3041.48,-254.04,0.9165,0.9164732655340261,-652.06,-3.22,2026-07-09T15:19:05.855947,XRPUSDT,65,"(30, 60)",sma20,1.1,True,fixed,0.04,-0.02
79,26,53,32.91,2787.43,-3041.48,-254.04,0.9165,0.9164732655340261,-652.06,-3.22,2026-07-09T15:19:51.431128,XRPUSDT,65,"(35, 60)",sma20,1.1,True,fixed,0.04,-0.02
79,26,53,32.91,2787.43,-3041.48,-254.04,0.9165,0.9164732655340261,-652.06,-3.22,2026-07-09T15:22:15.050678,XRPUSDT,70,"(30, 60)",sma20,1.1,True,fixed,0.04,-0.02
79,26,53,32.91,2787.43,-3041.48,-254.04,0.9165,0.9164732655340261,-652.06,-3.22,2026-07-09T15:23:00.672597,XRPUSDT,70,"(35, 60)",sma20,1.1,True,fixed,0.04,-0.02
70,46,24,65.71,1273.29,-1389.99,-116.7,0.916,0.9160422248249627,-367.24,-1.67,2026-07-09T15:05:27.981042,SOLUSDT,60,"(30, 55)",percentile40,1.2,True,ema20_exit,0.04,-0.02
70,46,24,65.71,1273.29,-1389.99,-116.7,0.916,0.9160422248249627,-367.24,-1.67,2026-07-09T15:08:43.470738,SOLUSDT,65,"(30, 55)",percentile40,1.2,True,ema20_exit,0.04,-0.02
70,46,24,65.71,1273.29,-1389.99,-116.7,0.916,0.9160422248249627,-367.24,-1.67,2026-07-09T15:12:27.755473,SOLUSDT,70,"(30, 55)",percentile40,1.2,True,ema20_exit,0.04,-0.02
42,14,28,33.33,1468.54,-1619.88,-151.34,0.9066,0.9065733667917644,-384.15,-3.6,2026-07-09T14:41:57.831732,BTCUSDT,60,"(30, 55)",sma20,1.1,True,fixed,0.04,-0.02
42,14,28,33.33,1468.54,-1619.88,-151.34,0.9066,0.9065733667917644,-384.15,-3.6,2026-07-09T14:45:30.778998,BTCUSDT,65,"(30, 55)",sma20,1.1,True,fixed,0.04,-0.02
42,14,28,33.33,1468.54,-1619.88,-151.34,0.9066,0.9065733667917644,-384.15,-3.6,2026-07-09T14:49:27.089282,BTCUSDT,70,"(30, 55)",sma20,1.1,True,fixed,0.04,-0.02
165,122,43,73.94,2182.25,-2415.17,-232.92,0.9036,0.9035613661156772,-403.14,-1.41,2026-07-09T14:45:14.233117,BTCUSDT,60,"(35, 65)",percentile40,1.15,True,ema20_exit,0.04,-0.02
165,122,43,73.94,2182.25,-2415.17,-232.92,0.9036,0.9035613661156772,-403.14,-1.41,2026-07-09T14:49:14.480423,BTCUSDT,65,"(35, 65)",percentile40,1.15,True,ema20_exit,0.04,-0.02
165,122,43,73.94,2182.25,-2415.17,-232.92,0.9036,0.9035613661156772,-403.14,-1.41,2026-07-09T14:53:05.191046,BTCUSDT,70,"(35, 65)",percentile40,1.15,True,ema20_exit,0.04,-0.02
151,113,38,74.83,1885.52,-2088.02,-202.5,0.903,0.903016474381972,-487.18,-1.34,2026-07-09T14:44:53.575843,BTCUSDT,60,"(35, 65)",sma20,1.2,True,ema20_exit,0.04,-0.02
151,113,38,74.83,1885.52,-2088.02,-202.5,0.903,0.903016474381972,-487.18,-1.34,2026-07-09T14:48:56.422005,BTCUSDT,65,"(35, 65)",sma20,1.2,True,ema20_exit,0.04,-0.02
151,113,38,74.83,1885.52,-2088.02,-202.5,0.903,0.903016474381972,-487.18,-1.34,2026-07-09T14:52:42.035780,BTCUSDT,70,"(35, 65)",sma20,1.2,True,ema20_exit,0.04,-0.02
66,48,18,72.73,887.01,-988.88,-101.87,0.897,0.8969813979752481,-332.83,-1.54,2026-07-09T15:25:08.770332,BNBUSDT,60,"(30, 55)",percentile40,1.15,True,ema20_exit,0.04,-0.02
66,48,18,72.73,887.01,-988.88,-101.87,0.897,0.8969813979752481,-332.83,-1.54,2026-07-09T15:29:00.202419,BNBUSDT,65,"(30, 55)",percentile40,1.15,True,ema20_exit,0.04,-0.02
66,48,18,72.73,887.01,-988.88,-101.87,0.897,0.8969813979752481,-332.83,-1.54,2026-07-09T15:32:00.246329,BNBUSDT,70,"(30, 55)",percentile40,1.15,True,ema20_exit,0.04,-0.02
139,105,34,75.54,1719.03,-1928.23,-209.21,0.8915,0.891502892880371,-463.52,-1.51,2026-07-09T14:43:14.532055,BTCUSDT,60,"(30, 60)",percentile40,1.1,True,ema20_exit,0.04,-0.02
139,105,34,75.54,1719.03,-1928.23,-209.21,0.8915,0.891502892880371,-463.52,-1.51,2026-07-09T14:44:05.270940,BTCUSDT,60,"(35, 60)",percentile40,1.1,True,ema20_exit,0.04,-0.02
139,105,34,75.54,1719.03,-1928.23,-209.21,0.8915,0.891502892880371,-463.52,-1.51,2026-07-09T14:47:05.681027,BTCUSDT,65,"(30, 60)",percentile40,1.1,True,ema20_exit,0.04,-0.02
139,105,34,75.54,1719.03,-1928.23,-209.21,0.8915,0.891502892880371,-463.52,-1.51,2026-07-09T14:48:00.479879,BTCUSDT,65,"(35, 60)",percentile40,1.1,True,ema20_exit,0.04,-0.02
139,105,34,75.54,1719.03,-1928.23,-209.21,0.8915,0.891502892880371,-463.52,-1.51,2026-07-09T14:50:44.765116,BTCUSDT,70,"(30, 60)",percentile40,1.1,True,ema20_exit,0.04,-0.02
139,105,34,75.54,1719.03,-1928.23,-209.21,0.8915,0.891502892880371,-463.52,-1.51,2026-07-09T14:51:48.951037,BTCUSDT,70,"(35, 60)",percentile40,1.1,True,ema20_exit,0.04,-0.02
123,91,32,73.98,1600.86,-1814.82,-213.96,0.8821,0.8821051701224997,-431.93,-1.74,2026-07-09T14:43:31.715365,BTCUSDT,60,"(30, 60)",percentile40,1.2,True,ema20_exit,0.04,-0.02
123,91,32,73.98,1600.86,-1814.82,-213.96,0.8821,0.8821051701224997,-431.93,-1.74,2026-07-09T14:44:22.064666,BTCUSDT,60,"(35, 60)",percentile40,1.2,True,ema20_exit,0.04,-0.02
123,91,32,73.98,1600.86,-1814.82,-213.96,0.8821,0.8821051701224997,-431.93,-1.74,2026-07-09T14:47:23.948197,BTCUSDT,65,"(30, 60)",percentile40,1.2,True,ema20_exit,0.04,-0.02
123,91,32,73.98,1600.86,-1814.82,-213.96,0.8821,0.8821051701224997,-431.93,-1.74,2026-07-09T14:48:22.559103,BTCUSDT,65,"(35, 60)",percentile40,1.2,True,ema20_exit,0.04,-0.02
123,91,32,73.98,1600.86,-1814.82,-213.96,0.8821,0.8821051701224997,-431.93,-1.74,2026-07-09T14:51:03.016755,BTCUSDT,70,"(30, 60)",percentile40,1.2,True,ema20_exit,0.04,-0.02
123,91,32,73.98,1600.86,-1814.82,-213.96,0.8821,0.8821051701224997,-431.93,-1.74,2026-07-09T14:52:11.656616,BTCUSDT,70,"(35, 60)",percentile40,1.2,True,ema20_exit,0.04,-0.02
56,18,38,32.14,1897.27,-2169.62,-272.35,0.8745,0.874472349218535,-520.62,-4.86,2026-07-09T14:43:27.291464,BTCUSDT,60,"(30, 60)",percentile40,1.2,True,fixed,0.04,-0.02
56,18,38,32.14,1897.27,-2169.62,-272.35,0.8745,0.874472349218535,-520.62,-4.86,2026-07-09T14:44:17.426169,BTCUSDT,60,"(35, 60)",percentile40,1.2,True,fixed,0.04,-0.02
56,18,38,32.14,1897.27,-2169.62,-272.35,0.8745,0.874472349218535,-520.62,-4.86,2026-07-09T14:47:19.153160,BTCUSDT,65,"(30, 60)",percentile40,1.2,True,fixed,0.04,-0.02
56,18,38,32.14,1897.27,-2169.62,-272.35,0.8745,0.874472349218535,-520.62,-4.86,2026-07-09T14:48:15.918724,BTCUSDT,65,"(35, 60)",percentile40,1.2,True,fixed,0.04,-0.02
56,18,38,32.14,1897.27,-2169.62,-272.35,0.8745,0.874472349218535,-520.62,-4.86,2026-07-09T14:50:58.023889,BTCUSDT,70,"(30, 60)",percentile40,1.2,True,fixed,0.04,-0.02
56,18,38,32.14,1897.27,-2169.62,-272.35,0.8745,0.874472349218535,-520.62,-4.86,2026-07-09T14:52:05.860009,BTCUSDT,70,"(35, 60)",percentile40,1.2,True,fixed,0.04,-0.02
57,18,39,31.58,1892.48,-2189.76,-297.27,0.8642,0.8642429939473638,-685.91,-5.22,2026-07-09T14:43:02.170664,BTCUSDT,60,"(30, 60)",sma20,1.2,True,fixed,0.04,-0.02
57,18,39,31.58,1892.48,-2189.76,-297.27,0.8642,0.8642429939473638,-685.91,-5.22,2026-07-09T14:43:52.269651,BTCUSDT,60,"(35, 60)",sma20,1.2,True,fixed,0.04,-0.02
57,18,39,31.58,1892.48,-2189.76,-297.27,0.8642,0.8642429939473638,-685.91,-5.22,2026-07-09T14:46:52.632920,BTCUSDT,65,"(30, 60)",sma20,1.2,True,fixed,0.04,-0.02
57,18,39,31.58,1892.48,-2189.76,-297.27,0.8642,0.8642429939473638,-685.91,-5.22,2026-07-09T14:47:44.650255,BTCUSDT,65,"(35, 60)",sma20,1.2,True,fixed,0.04,-0.02
57,18,39,31.58,1892.48,-2189.76,-297.27,0.8642,0.8642429939473638,-685.91,-5.22,2026-07-09T14:50:31.649909,BTCUSDT,70,"(30, 60)",sma20,1.2,True,fixed,0.04,-0.02
57,18,39,31.58,1892.48,-2189.76,-297.27,0.8642,0.8642429939473638,-685.91,-5.22,2026-07-09T14:51:31.030843,BTCUSDT,70,"(35, 60)",sma20,1.2,True,fixed,0.04,-0.02
59,19,40,32.2,1999.72,-2330.36,-330.64,0.8581,0.8581167890453435,-649.46,-5.6,2026-07-09T14:43:10.290334,BTCUSDT,60,"(30, 60)",percentile40,1.1,True,fixed,0.04,-0.02
59,19,40,32.2,1999.72,-2330.36,-330.64,0.8581,0.8581167890453435,-649.46,-5.6,2026-07-09T14:44:01.012882,BTCUSDT,60,"(35, 60)",percentile40,1.1,True,fixed,0.04,-0.02
59,19,40,32.2,1999.72,-2330.36,-330.64,0.8581,0.8581167890453435,-649.46,-5.6,2026-07-09T14:47:00.993080,BTCUSDT,65,"(30, 60)",percentile40,1.1,True,fixed,0.04,-0.02
59,19,40,32.2,1999.72,-2330.36,-330.64,0.8581,0.8581167890453435,-649.46,-5.6,2026-07-09T14:47:54.770457,BTCUSDT,65,"(35, 60)",percentile40,1.1,True,fixed,0.04,-0.02
59,19,40,32.2,1999.72,-2330.36,-330.64,0.8581,0.8581167890453435,-649.46,-5.6,2026-07-09T14:50:40.281941,BTCUSDT,70,"(30, 60)",percentile40,1.1,True,fixed,0.04,-0.02
59,19,40,32.2,1999.72,-2330.36,-330.64,0.8581,0.8581167890453435,-649.46,-5.6,2026-07-09T14:51:42.776133,BTCUSDT,70,"(35, 60)",percentile40,1.1,True,fixed,0.04,-0.02
129,95,34,73.64,1645.15,-1921.89,-276.75,0.856,0.8560039277947203,-472.01,-2.15,2026-07-09T14:43:22.955589,BTCUSDT,60,"(30, 60)",percentile40,1.15,True,ema20_exit,0.04,-0.02
129,95,34,73.64,1645.15,-1921.89,-276.75,0.856,0.8560039277947203,-472.01,-2.15,2026-07-09T14:44:13.673569,BTCUSDT,60,"(35, 60)",percentile40,1.15,True,ema20_exit,0.04,-0.02
129,95,34,73.64,1645.15,-1921.89,-276.75,0.856,0.8560039277947203,-472.01,-2.15,2026-07-09T14:47:14.951340,BTCUSDT,65,"(30, 60)",percentile40,1.15,True,ema20_exit,0.04,-0.02
129,95,34,73.64,1645.15,-1921.89,-276.75,0.856,0.8560039277947203,-472.01,-2.15,2026-07-09T14:48:10.814548,BTCUSDT,65,"(35, 60)",percentile40,1.15,True,ema20_exit,0.04,-0.02
129,95,34,73.64,1645.15,-1921.89,-276.75,0.856,0.8560039277947203,-472.01,-2.15,2026-07-09T14:50:53.561422,BTCUSDT,70,"(30, 60)",percentile40,1.15,True,ema20_exit,0.04,-0.02
129,95,34,73.64,1645.15,-1921.89,-276.75,0.856,0.8560039277947203,-472.01,-2.15,2026-07-09T14:52:00.848347,BTCUSDT,70,"(35, 60)",percentile40,1.15,True,ema20_exit,0.04,-0.02
42,13,29,30.95,1393.23,-1630.49,-237.26,0.8545,0.8544865228477361,-516.68,-5.65,2026-07-09T14:42:21.098737,BTCUSDT,60,"(30, 55)",percentile40,1.1,True,fixed,0.04,-0.02
42,13,29,30.95,1393.23,-1630.49,-237.26,0.8545,0.8544865228477361,-516.68,-5.65,2026-07-09T14:46:01.020651,BTCUSDT,65,"(30, 55)",percentile40,1.1,True,fixed,0.04,-0.02
42,13,29,30.95,1393.23,-1630.49,-237.26,0.8545,0.8544865228477361,-516.68,-5.65,2026-07-09T14:49:51.083823,BTCUSDT,70,"(30, 55)",percentile40,1.1,True,fixed,0.04,-0.02
157,116,41,73.89,1939.52,-2270.6,-331.08,0.8542,0.8541867218977712,-596.1,-2.11,2026-07-09T14:44:43.253236,BTCUSDT,60,"(35, 65)",sma20,1.15,True,ema20_exit,0.04,-0.02
157,116,41,73.89,1939.52,-2270.6,-331.08,0.8542,0.8541867218977712,-596.1,-2.11,2026-07-09T14:48:46.327202,BTCUSDT,65,"(35, 65)",sma20,1.15,True,ema20_exit,0.04,-0.02
157,116,41,73.89,1939.52,-2270.6,-331.08,0.8542,0.8541867218977712,-596.1,-2.11,2026-07-09T14:52:32.773814,BTCUSDT,70,"(35, 65)",sma20,1.15,True,ema20_exit,0.04,-0.02
53,41,12,77.36,590.77,-699.56,-108.79,0.8445,0.8444924841371808,-493.58,-2.05,2026-07-09T14:53:50.000308,ETHUSDT,60,"(30, 55)",percentile40,1.1,True,ema20_exit,0.04,-0.02
53,41,12,77.36,590.77,-699.56,-108.79,0.8445,0.8444924841371808,-493.58,-2.05,2026-07-09T14:57:46.979567,ETHUSDT,65,"(30, 55)",percentile40,1.1,True,ema20_exit,0.04,-0.02
53,41,12,77.36,590.77,-699.56,-108.79,0.8445,0.8444924841371808,-493.58,-2.05,2026-07-09T15:01:59.963918,ETHUSDT,70,"(30, 55)",percentile40,1.1,True,ema20_exit,0.04,-0.02
52,40,12,76.92,590.61,-699.56,-108.95,0.8443,0.8442599095088856,-493.74,-2.1,2026-07-09T14:53:58.791748,ETHUSDT,60,"(30, 55)",percentile40,1.15,True,ema20_exit,0.04,-0.02
52,40,12,76.92,590.61,-699.56,-108.95,0.8443,0.8442599095088856,-493.74,-2.1,2026-07-09T14:57:56.861499,ETHUSDT,65,"(30, 55)",percentile40,1.15,True,ema20_exit,0.04,-0.02
52,40,12,76.92,590.61,-699.56,-108.95,0.8443,0.8442599095088856,-493.74,-2.1,2026-07-09T15:02:08.161175,ETHUSDT,70,"(30, 55)",percentile40,1.15,True,ema20_exit,0.04,-0.02
58,18,40,31.03,1892.48,-2257.45,-364.97,0.8383,0.8383268933999849,-684.99,-6.29,2026-07-09T14:42:53.624685,BTCUSDT,60,"(30, 60)",sma20,1.15,True,fixed,0.04,-0.02
58,18,40,31.03,1892.48,-2257.45,-364.97,0.8383,0.8383268933999849,-684.99,-6.29,2026-07-09T14:43:43.870335,BTCUSDT,60,"(35, 60)",sma20,1.15,True,fixed,0.04,-0.02
58,18,40,31.03,1892.48,-2257.45,-364.97,0.8383,0.8383268933999849,-684.99,-6.29,2026-07-09T14:46:43.423983,BTCUSDT,65,"(30, 60)",sma20,1.15,True,fixed,0.04,-0.02
58,18,40,31.03,1892.48,-2257.45,-364.97,0.8383,0.8383268933999849,-684.99,-6.29,2026-07-09T14:47:36.186524,BTCUSDT,65,"(35, 60)",sma20,1.15,True,fixed,0.04,-0.02
58,18,40,31.03,1892.48,-2257.45,-364.97,0.8383,0.8383268933999849,-684.99,-6.29,2026-07-09T14:50:23.120768,BTCUSDT,70,"(30, 60)",sma20,1.15,True,fixed,0.04,-0.02
58,18,40,31.03,1892.48,-2257.45,-364.97,0.8383,0.8383268933999849,-684.99,-6.29,2026-07-09T14:51:18.895030,BTCUSDT,70,"(35, 60)",sma20,1.15,True,fixed,0.04,-0.02
195,126,69,64.62,3328.21,-3982.74,-654.53,0.8357,0.8356582761197329,-1268.87,-3.36,2026-07-09T15:07:11.830012,SOLUSDT,60,"(35, 65)",sma20,1.1,True,ema20_exit,0.04,-0.02
195,126,69,64.62,3328.21,-3982.74,-654.53,0.8357,0.8356582761197329,-1268.87,-3.36,2026-07-09T15:10:43.656318,SOLUSDT,65,"(35, 65)",sma20,1.1,True,ema20_exit,0.04,-0.02
195,126,69,64.62,3328.21,-3982.74,-654.53,0.8357,0.8356582761197329,-1268.87,-3.36,2026-07-09T15:14:32.365521,SOLUSDT,70,"(35, 65)",sma20,1.1,True,ema20_exit,0.04,-0.02
192,123,69,64.06,3298.78,-3948.0,-649.22,0.8356,0.8355573988539804,-1212.36,-3.38,2026-07-09T15:07:21.390370,SOLUSDT,60,"(35, 65)",sma20,1.15,True,ema20_exit,0.04,-0.02
192,123,69,64.06,3298.78,-3948.0,-649.22,0.8356,0.8355573988539804,-1212.36,-3.38,2026-07-09T15:10:52.612047,SOLUSDT,65,"(35, 65)",sma20,1.15,True,ema20_exit,0.04,-0.02
192,123,69,64.06,3298.78,-3948.0,-649.22,0.8356,0.8355573988539804,-1212.36,-3.38,2026-07-09T15:14:40.627311,SOLUSDT,70,"(35, 65)",sma20,1.15,True,ema20_exit,0.04,-0.02
59,18,41,30.51,1963.45,-2357.62,-394.18,0.8328,0.8328077399714484,-831.09,-6.68,2026-07-09T15:05:24.226702,SOLUSDT,60,"(30, 55)",percentile40,1.2,True,fixed,0.04,-0.02
59,18,41,30.51,1963.45,-2357.62,-394.18,0.8328,0.8328077399714484,-831.09,-6.68,2026-07-09T15:08:39.038607,SOLUSDT,65,"(30, 55)",percentile40,1.2,True,fixed,0.04,-0.02
59,18,41,30.51,1963.45,-2357.62,-394.18,0.8328,0.8328077399714484,-831.09,-6.68,2026-07-09T15:12:22.994859,SOLUSDT,70,"(30, 55)",percentile40,1.2,True,fixed,0.04,-0.02
66,20,46,30.3,2186.58,-2634.97,-448.39,0.8298,0.8298304482930537,-1049.37,-6.79,2026-07-09T15:05:09.304557,SOLUSDT,60,"(30, 55)",percentile40,1.1,True,fixed,0.04,-0.02
66,20,46,30.3,2186.58,-2634.97,-448.39,0.8298,0.8298304482930537,-1049.37,-6.79,2026-07-09T15:08:23.009261,SOLUSDT,65,"(30, 55)",percentile40,1.1,True,fixed,0.04,-0.02
66,20,46,30.3,2186.58,-2634.97,-448.39,0.8298,0.8298304482930537,-1049.37,-6.79,2026-07-09T15:12:03.793109,SOLUSDT,70,"(30, 55)",percentile40,1.1,True,fixed,0.04,-0.02
188,120,68,63.83,3218.36,-3894.24,-675.89,0.8264,0.8264396590083163,-1189.11,-3.6,2026-07-09T15:07:30.023074,SOLUSDT,60,"(35, 65)",sma20,1.2,True,ema20_exit,0.04,-0.02
188,120,68,63.83,3218.36,-3894.24,-675.89,0.8264,0.8264396590083163,-1189.11,-3.6,2026-07-09T15:11:01.432618,SOLUSDT,65,"(35, 65)",sma20,1.2,True,ema20_exit,0.04,-0.02
188,120,68,63.83,3218.36,-3894.24,-675.89,0.8264,0.8264396590083163,-1189.11,-3.6,2026-07-09T15:14:48.715743,SOLUSDT,70,"(35, 65)",sma20,1.2,True,ema20_exit,0.04,-0.02
67,20,47,29.85,2116.2,-2567.32,-451.12,0.8243,0.8242842636351279,-617.77,-6.73,2026-07-09T14:44:47.948118,BTCUSDT,60,"(35, 65)",sma20,1.2,True,fixed,0.04,-0.02
67,20,47,29.85,2116.2,-2567.32,-451.12,0.8243,0.8242842636351279,-617.77,-6.73,2026-07-09T14:48:51.428259,BTCUSDT,65,"(35, 65)",sma20,1.2,True,fixed,0.04,-0.02
67,20,47,29.85,2116.2,-2567.32,-451.12,0.8243,0.8242842636351279,-617.77,-6.73,2026-07-09T14:52:36.676373,BTCUSDT,70,"(35, 65)",sma20,1.2,True,fixed,0.04,-0.02
159,117,42,73.58,1914.7,-2328.23,-413.53,0.8224,0.822384802347119,-597.86,-2.6,2026-07-09T14:44:32.829001,BTCUSDT,60,"(35, 65)",sma20,1.1,True,ema20_exit,0.04,-0.02
159,117,42,73.58,1914.7,-2328.23,-413.53,0.8224,0.822384802347119,-597.86,-2.6,2026-07-09T14:48:35.040449,BTCUSDT,65,"(35, 65)",sma20,1.1,True,ema20_exit,0.04,-0.02
159,117,42,73.58,1914.7,-2328.23,-413.53,0.8224,0.822384802347119,-597.86,-2.6,2026-07-09T14:52:23.136344,BTCUSDT,70,"(35, 65)",sma20,1.1,True,ema20_exit,0.04,-0.02
69,21,48,30.43,2222.94,-2715.23,-492.28,0.8187,0.8186951021675696,-679.49,-7.13,2026-07-09T14:45:08.468300,BTCUSDT,60,"(35, 65)",percentile40,1.15,True,fixed,0.04,-0.02
69,21,48,30.43,2222.94,-2715.23,-492.28,0.8187,0.8186951021675696,-679.49,-7.13,2026-07-09T14:49:09.233812,BTCUSDT,65,"(35, 65)",percentile40,1.15,True,fixed,0.04,-0.02
69,21,48,30.43,2222.94,-2715.23,-492.28,0.8187,0.8186951021675696,-679.49,-7.13,2026-07-09T14:52:58.391225,BTCUSDT,70,"(35, 65)",percentile40,1.15,True,fixed,0.04,-0.02
69,21,48,30.43,2223.11,-2749.71,-526.6,0.8085,0.8084882011236817,-713.81,-7.63,2026-07-09T14:44:58.223372,BTCUSDT,60,"(35, 65)",percentile40,1.1,True,fixed,0.04,-0.02
69,21,48,30.43,2223.11,-2749.71,-526.6,0.8085,0.8084882011236817,-713.81,-7.63,2026-07-09T14:49:00.310659,BTCUSDT,65,"(35, 65)",percentile40,1.1,True,fixed,0.04,-0.02
69,21,48,30.43,2223.11,-2749.71,-526.6,0.8085,0.8084882011236817,-713.81,-7.63,2026-07-09T14:52:47.072534,BTCUSDT,70,"(35, 65)",percentile40,1.1,True,fixed,0.04,-0.02
37,11,26,29.73,1178.63,-1462.98,-284.35,0.8056,0.8056358178022694,-450.87,-7.69,2026-07-09T14:42:37.297737,BTCUSDT,60,"(30, 55)",percentile40,1.2,True,fixed,0.04,-0.02
37,11,26,29.73,1178.63,-1462.98,-284.35,0.8056,0.8056358178022694,-450.87,-7.69,2026-07-09T14:46:25.253961,BTCUSDT,65,"(30, 55)",percentile40,1.2,True,fixed,0.04,-0.02
37,11,26,29.73,1178.63,-1462.98,-284.35,0.8056,0.8056358178022694,-450.87,-7.69,2026-07-09T14:50:06.367006,BTCUSDT,70,"(30, 55)",percentile40,1.2,True,fixed,0.04,-0.02
68,20,48,29.41,2117.67,-2646.26,-528.59,0.8003,0.800251154497465,-656.46,-7.77,2026-07-09T14:44:37.565110,BTCUSDT,60,"(35, 65)",sma20,1.15,True,fixed,0.04,-0.02
68,20,48,29.41,2117.67,-2646.26,-528.59,0.8003,0.800251154497465,-656.46,-7.77,2026-07-09T14:48:40.367393,BTCUSDT,65,"(35, 65)",sma20,1.15,True,fixed,0.04,-0.02
68,20,48,29.41,2117.67,-2646.26,-528.59,0.8003,0.800251154497465,-656.46,-7.77,2026-07-09T14:52:27.899763,BTCUSDT,70,"(35, 65)",sma20,1.15,True,fixed,0.04,-0.02
37,11,26,29.73,1178.63,-1474.76,-296.13,0.7992,0.7992037057241252,-459.69,-8.0,2026-07-09T14:42:29.378895,BTCUSDT,60,"(30, 55)",percentile40,1.15,True,fixed,0.04,-0.02
37,11,26,29.73,1178.63,-1474.76,-296.13,0.7992,0.7992037057241252,-459.69,-8.0,2026-07-09T14:46:13.969785,BTCUSDT,65,"(30, 55)",percentile40,1.15,True,fixed,0.04,-0.02
37,11,26,29.73,1178.63,-1474.76,-296.13,0.7992,0.7992037057241252,-459.69,-8.0,2026-07-09T14:49:58.860578,BTCUSDT,70,"(30, 55)",percentile40,1.15,True,fixed,0.04,-0.02
67,20,47,29.85,2107.26,-2639.27,-532.01,0.7984,0.798423745780888,-662.44,-7.94,2026-07-09T14:45:19.258207,BTCUSDT,60,"(35, 65)",percentile40,1.2,True,fixed,0.04,-0.02
67,20,47,29.85,2107.26,-2639.27,-532.01,0.7984,0.798423745780888,-662.44,-7.94,2026-07-09T14:49:18.749808,BTCUSDT,65,"(35, 65)",percentile40,1.2,True,fixed,0.04,-0.02
67,20,47,29.85,2107.26,-2639.27,-532.01,0.7984,0.798423745780888,-662.44,-7.94,2026-07-09T14:53:10.724743,BTCUSDT,70,"(35, 65)",percentile40,1.2,True,fixed,0.04,-0.02
46,35,11,76.09,500.95,-628.4,-127.45,0.7972,0.7971880667166984,-268.99,-2.77,2026-07-09T14:42:16.772267,BTCUSDT,60,"(30, 55)",sma20,1.2,True,ema20_exit,0.04,-0.02
46,35,11,76.09,500.95,-628.4,-127.45,0.7972,0.7971880667166984,-268.99,-2.77,2026-07-09T14:45:56.222871,BTCUSDT,65,"(30, 55)",sma20,1.2,True,ema20_exit,0.04,-0.02
46,35,11,76.09,500.95,-628.4,-127.45,0.7972,0.7971880667166984,-268.99,-2.77,2026-07-09T14:49:47.357741,BTCUSDT,70,"(30, 55)",sma20,1.2,True,ema20_exit,0.04,-0.02
69,20,49,28.99,2117.59,-2700.05,-582.46,0.7843,0.784276515564106,-683.81,-8.44,2026-07-09T14:44:26.537354,BTCUSDT,60,"(35, 65)",sma20,1.1,True,fixed,0.04,-0.02
69,20,49,28.99,2117.59,-2700.05,-582.46,0.7843,0.784276515564106,-683.81,-8.44,2026-07-09T14:48:28.243571,BTCUSDT,65,"(35, 65)",sma20,1.1,True,fixed,0.04,-0.02
69,20,49,28.99,2117.59,-2700.05,-582.46,0.7843,0.784276515564106,-683.81,-8.44,2026-07-09T14:52:16.569067,BTCUSDT,70,"(35, 65)",sma20,1.1,True,fixed,0.04,-0.02
58,17,41,29.31,1865.17,-2389.35,-524.18,0.7806,0.7806178537693987,-778.79,-9.04,2026-07-09T15:05:01.837848,SOLUSDT,60,"(30, 55)",sma20,1.2,True,fixed,0.04,-0.02
58,17,41,29.31,1865.17,-2389.35,-524.18,0.7806,0.7806178537693987,-778.79,-9.04,2026-07-09T15:08:15.127757,SOLUSDT,65,"(30, 55)",sma20,1.2,True,fixed,0.04,-0.02
58,17,41,29.31,1865.17,-2389.35,-524.18,0.7806,0.7806178537693987,-778.79,-9.04,2026-07-09T15:11:53.632959,SOLUSDT,70,"(30, 55)",sma20,1.2,True,fixed,0.04,-0.02
62,18,44,29.03,1965.12,-2540.71,-575.59,0.7735,0.7734524312288962,-859.81,-9.28,2026-07-09T15:04:54.318069,SOLUSDT,60,"(30, 55)",sma20,1.15,True,fixed,0.04,-0.02
62,18,44,29.03,1965.12,-2540.71,-575.59,0.7735,0.7734524312288962,-859.81,-9.28,2026-07-09T15:08:06.860580,SOLUSDT,65,"(30, 55)",sma20,1.15,True,fixed,0.04,-0.02
62,18,44,29.03,1965.12,-2540.71,-575.59,0.7735,0.7734524312288962,-859.81,-9.28,2026-07-09T15:11:42.610919,SOLUSDT,70,"(30, 55)",sma20,1.15,True,fixed,0.04,-0.02
62,18,44,29.03,1903.07,-2477.62,-574.55,0.7681,0.7681041693868529,-798.76,-9.27,2026-07-09T14:42:45.267815,BTCUSDT,60,"(30, 60)",sma20,1.1,True,fixed,0.04,-0.02
62,18,44,29.03,1903.07,-2477.62,-574.55,0.7681,0.7681041693868529,-798.76,-9.27,2026-07-09T14:43:35.447899,BTCUSDT,60,"(35, 60)",sma20,1.1,True,fixed,0.04,-0.02
62,18,44,29.03,1903.07,-2477.62,-574.55,0.7681,0.7681041693868529,-798.76,-9.27,2026-07-09T14:46:33.808091,BTCUSDT,65,"(30, 60)",sma20,1.1,True,fixed,0.04,-0.02
62,18,44,29.03,1903.07,-2477.62,-574.55,0.7681,0.7681041693868529,-798.76,-9.27,2026-07-09T14:47:27.762631,BTCUSDT,65,"(35, 60)",sma20,1.1,True,fixed,0.04,-0.02
62,18,44,29.03,1903.07,-2477.62,-574.55,0.7681,0.7681041693868529,-798.76,-9.27,2026-07-09T14:50:14.987879,BTCUSDT,70,"(30, 60)",sma20,1.1,True,fixed,0.04,-0.02
62,18,44,29.03,1903.07,-2477.62,-574.55,0.7681,0.7681041693868529,-798.76,-9.27,2026-07-09T14:51:07.672894,BTCUSDT,70,"(35, 60)",sma20,1.1,True,fixed,0.04,-0.02
52,39,13,75.0,548.97,-742.49,-193.52,0.7394,0.7393591603585995,-342.65,-3.72,2026-07-09T14:42:08.980937,BTCUSDT,60,"(30, 55)",sma20,1.15,True,ema20_exit,0.04,-0.02
52,39,13,75.0,548.97,-742.49,-193.52,0.7394,0.7393591603585995,-342.65,-3.72,2026-07-09T14:45:47.098978,BTCUSDT,65,"(30, 55)",sma20,1.15,True,ema20_exit,0.04,-0.02
52,39,13,75.0,548.97,-742.49,-193.52,0.7394,0.7393591603585995,-342.65,-3.72,2026-07-09T14:49:39.408994,BTCUSDT,70,"(30, 55)",sma20,1.15,True,ema20_exit,0.04,-0.02
64,18,46,28.12,1965.12,-2668.66,-703.55,0.7364,0.7363679020310082,-994.59,-10.99,2026-07-09T15:04:46.144074,SOLUSDT,60,"(30, 55)",sma20,1.1,True,fixed,0.04,-0.02
64,18,46,28.12,1965.12,-2668.66,-703.55,0.7364,0.7363679020310082,-994.59,-10.99,2026-07-09T15:07:58.995151,SOLUSDT,65,"(30, 55)",sma20,1.1,True,fixed,0.04,-0.02
64,18,46,28.12,1965.12,-2668.66,-703.55,0.7364,0.7363679020310082,-994.59,-10.99,2026-07-09T15:11:34.264948,SOLUSDT,70,"(30, 55)",sma20,1.1,True,fixed,0.04,-0.02
35,10,25,28.57,1081.91,-1473.21,-391.3,0.7344,0.734390776519282,-505.32,-11.18,2026-07-09T14:53:37.900118,ETHUSDT,60,"(30, 55)",sma20,1.2,True,fixed,0.04,-0.02
35,10,25,28.57,1081.91,-1473.21,-391.3,0.7344,0.734390776519282,-505.32,-11.18,2026-07-09T14:57:33.445023,ETHUSDT,65,"(30, 55)",sma20,1.2,True,fixed,0.04,-0.02
35,10,25,28.57,1081.91,-1473.21,-391.3,0.7344,0.734390776519282,-505.32,-11.18,2026-07-09T15:01:47.021404,ETHUSDT,70,"(30, 55)",sma20,1.2,True,fixed,0.04,-0.02
39,11,28,28.21,1186.66,-1656.03,-469.37,0.7166,0.7165672100178776,-661.23,-12.04,2026-07-09T14:53:20.136427,ETHUSDT,60,"(30, 55)",sma20,1.1,True,fixed,0.04,-0.02
39,11,28,28.21,1186.66,-1656.03,-469.37,0.7166,0.7165672100178776,-661.23,-12.04,2026-07-09T14:57:16.475646,ETHUSDT,65,"(30, 55)",sma20,1.1,True,fixed,0.04,-0.02
39,11,28,28.21,1186.66,-1656.03,-469.37,0.7166,0.7165672100178776,-661.23,-12.04,2026-07-09T15:01:29.471739,ETHUSDT,70,"(30, 55)",sma20,1.1,True,fixed,0.04,-0.02
39,11,28,28.21,1185.3,-1656.03,-470.73,0.7158,0.7157502569093798,-662.59,-12.07,2026-07-09T14:53:28.127996,ETHUSDT,60,"(30, 55)",sma20,1.15,True,fixed,0.04,-0.02
39,11,28,28.21,1185.3,-1656.03,-470.73,0.7158,0.7157502569093798,-662.59,-12.07,2026-07-09T14:57:25.298239,ETHUSDT,65,"(30, 55)",sma20,1.15,True,fixed,0.04,-0.02
39,11,28,28.21,1185.3,-1656.03,-470.73,0.7158,0.7157502569093798,-662.59,-12.07,2026-07-09T15:01:38.447552,ETHUSDT,70,"(30, 55)",sma20,1.15,True,fixed,0.04,-0.02
57,42,15,73.68,604.65,-850.57,-245.92,0.7109,0.710873734563369,-338.75,-4.31,2026-07-09T14:42:01.663431,BTCUSDT,60,"(30, 55)",sma20,1.1,True,ema20_exit,0.04,-0.02
57,42,15,73.68,604.65,-850.57,-245.92,0.7109,0.710873734563369,-338.75,-4.31,2026-07-09T14:45:36.067314,BTCUSDT,65,"(30, 55)",sma20,1.1,True,ema20_exit,0.04,-0.02
57,42,15,73.68,604.65,-850.57,-245.92,0.7109,0.710873734563369,-338.75,-4.31,2026-07-09T14:49:31.164592,BTCUSDT,70,"(30, 55)",sma20,1.1,True,ema20_exit,0.04,-0.02
125,91,34,72.8,1335.08,-1901.63,-566.56,0.7021,0.7020681754157888,-750.28,-4.53,2026-07-09T14:42:49.848231,BTCUSDT,60,"(30, 60)",sma20,1.1,True,ema20_exit,0.04,-0.02
125,91,34,72.8,1335.08,-1901.63,-566.56,0.7021,0.7020681754157888,-750.28,-4.53,2026-07-09T14:43:39.981668,BTCUSDT,60,"(35, 60)",sma20,1.1,True,ema20_exit,0.04,-0.02
125,91,34,72.8,1335.08,-1901.63,-566.56,0.7021,0.7020681754157888,-750.28,-4.53,2026-07-09T14:46:38.942752,BTCUSDT,65,"(30, 60)",sma20,1.1,True,ema20_exit,0.04,-0.02
125,91,34,72.8,1335.08,-1901.63,-566.56,0.7021,0.7020681754157888,-750.28,-4.53,2026-07-09T14:47:32.262048,BTCUSDT,65,"(35, 60)",sma20,1.1,True,ema20_exit,0.04,-0.02
125,91,34,72.8,1335.08,-1901.63,-566.56,0.7021,0.7020681754157888,-750.28,-4.53,2026-07-09T14:50:19.291524,BTCUSDT,70,"(30, 60)",sma20,1.1,True,ema20_exit,0.04,-0.02
125,91,34,72.8,1335.08,-1901.63,-566.56,0.7021,0.7020681754157888,-750.28,-4.53,2026-07-09T14:51:13.957725,BTCUSDT,70,"(35, 60)",sma20,1.1,True,ema20_exit,0.04,-0.02
113,80,33,70.8,1236.23,-1841.32,-605.09,0.6714,0.6713849140667781,-776.79,-5.35,2026-07-09T14:42:58.144453,BTCUSDT,60,"(30, 60)",sma20,1.15,True,ema20_exit,0.04,-0.02
113,80,33,70.8,1236.23,-1841.32,-605.09,0.6714,0.6713849140667781,-776.79,-5.35,2026-07-09T14:43:48.204310,BTCUSDT,60,"(35, 60)",sma20,1.15,True,ema20_exit,0.04,-0.02
113,80,33,70.8,1236.23,-1841.32,-605.09,0.6714,0.6713849140667781,-776.79,-5.35,2026-07-09T14:46:48.558619,BTCUSDT,65,"(30, 60)",sma20,1.15,True,ema20_exit,0.04,-0.02
113,80,33,70.8,1236.23,-1841.32,-605.09,0.6714,0.6713849140667781,-776.79,-5.35,2026-07-09T14:47:40.620241,BTCUSDT,65,"(35, 60)",sma20,1.15,True,ema20_exit,0.04,-0.02
113,80,33,70.8,1236.23,-1841.32,-605.09,0.6714,0.6713849140667781,-776.79,-5.35,2026-07-09T14:50:27.492298,BTCUSDT,70,"(30, 60)",sma20,1.15,True,ema20_exit,0.04,-0.02
113,80,33,70.8,1236.23,-1841.32,-605.09,0.6714,0.6713849140667781,-776.79,-5.35,2026-07-09T14:51:24.745724,BTCUSDT,70,"(35, 60)",sma20,1.15,True,ema20_exit,0.04,-0.02
104,74,30,71.15,1127.64,-1681.34,-553.7,0.6707,0.6706805090392491,-706.36,-5.32,2026-07-09T14:43:06.605599,BTCUSDT,60,"(30, 60)",sma20,1.2,True,ema20_exit,0.04,-0.02
104,74,30,71.15,1127.64,-1681.34,-553.7,0.6707,0.6706805090392491,-706.36,-5.32,2026-07-09T14:43:57.204698,BTCUSDT,60,"(35, 60)",sma20,1.2,True,ema20_exit,0.04,-0.02
104,74,30,71.15,1127.64,-1681.34,-553.7,0.6707,0.6706805090392491,-706.36,-5.32,2026-07-09T14:46:57.162997,BTCUSDT,65,"(30, 60)",sma20,1.2,True,ema20_exit,0.04,-0.02
104,74,30,71.15,1127.64,-1681.34,-553.7,0.6707,0.6706805090392491,-706.36,-5.32,2026-07-09T14:47:49.743363,BTCUSDT,65,"(35, 60)",sma20,1.2,True,ema20_exit,0.04,-0.02
104,74,30,71.15,1127.64,-1681.34,-553.7,0.6707,0.6706805090392491,-706.36,-5.32,2026-07-09T14:50:36.544482,BTCUSDT,70,"(30, 60)",sma20,1.2,True,ema20_exit,0.04,-0.02
104,74,30,71.15,1127.64,-1681.34,-553.7,0.6707,0.6706805090392491,-706.36,-5.32,2026-07-09T14:51:37.174866,BTCUSDT,70,"(35, 60)",sma20,1.2,True,ema20_exit,0.04,-0.02
40,10,30,25.0,1080.19,-1771.89,-691.7,0.6096,0.6096242388136455,-704.86,-17.29,2026-07-09T14:53:46.100755,ETHUSDT,60,"(30, 55)",percentile40,1.1,True,fixed,0.04,-0.02
40,10,30,25.0,1080.19,-1771.89,-691.7,0.6096,0.6096242388136455,-704.86,-17.29,2026-07-09T14:57:42.547866,ETHUSDT,65,"(30, 55)",percentile40,1.1,True,fixed,0.04,-0.02
40,10,30,25.0,1080.19,-1771.89,-691.7,0.6096,0.6096242388136455,-704.86,-17.29,2026-07-09T15:01:55.297506,ETHUSDT,70,"(30, 55)",percentile40,1.1,True,fixed,0.04,-0.02
35,8,27,22.86,859.99,-1616.68,-756.7,0.5319,0.5319447235655602,-763.82,-21.62,2026-07-09T14:54:02.834614,ETHUSDT,60,"(30, 55)",percentile40,1.2,True,fixed,0.04,-0.02
35,8,27,22.86,859.99,-1616.68,-756.7,0.5319,0.5319447235655602,-763.82,-21.62,2026-07-09T14:58:01.704850,ETHUSDT,65,"(30, 55)",percentile40,1.2,True,fixed,0.04,-0.02
35,8,27,22.86,859.99,-1616.68,-756.7,0.5319,0.5319447235655602,-763.82,-21.62,2026-07-09T15:02:12.007083,ETHUSDT,70,"(30, 55)",percentile40,1.2,True,fixed,0.04,-0.02
40,9,31,22.5,958.13,-1822.64,-864.52,0.5257,0.5256794722124897,-877.68,-21.61,2026-07-09T14:53:54.587701,ETHUSDT,60,"(30, 55)",percentile40,1.15,True,fixed,0.04,-0.02
40,9,31,22.5,958.13,-1822.64,-864.52,0.5257,0.5256794722124897,-877.68,-21.61,2026-07-09T14:57:51.158855,ETHUSDT,65,"(30, 55)",percentile40,1.15,True,fixed,0.04,-0.02
40,9,31,22.5,958.13,-1822.64,-864.52,0.5257,0.5256794722124897,-877.68,-21.61,2026-07-09T15:02:04.182950,ETHUSDT,70,"(30, 55)",percentile40,1.15,True,fixed,0.04,-0.02
