trades,wins,losses,win_rate,gross_profit,gross_loss,net_profit,profit_factor,profit_factor_score,max_drawdown,expectancy,time,symbol,min_score,take_profit_pct,stop_loss_pct,rsi_range,ema_filter,atr_filter,volume_filter
113,45,68,39.82,4865.21,-3808.72,1056.49,1.2774,1.2773883146859446,-796.26,9.35,2026-07-09T12:54:56.834930,BNBUSDT,60,0.04,-0.02,None,ema50_gt_ema200,False,True
113,45,68,39.82,4865.21,-3808.72,1056.49,1.2774,1.2773883146859446,-796.26,9.35,2026-07-09T12:55:09.964468,BNBUSDT,60,0.04,-0.02,None,ema20_gt_ema50_and_ema50_gt_ema200,False,True
113,45,68,39.82,4865.21,-3808.72,1056.49,1.2774,1.2773883146859446,-796.26,9.35,2026-07-09T12:58:38.955463,BNBUSDT,70,0.04,-0.02,None,ema50_gt_ema200,False,True
113,45,68,39.82,4865.21,-3808.72,1056.49,1.2774,1.2773883146859446,-796.26,9.35,2026-07-09T12:58:50.436730,BNBUSDT,70,0.04,-0.02,None,ema20_gt_ema50_and_ema50_gt_ema200,False,True
113,45,68,39.82,4865.21,-3808.72,1056.49,1.2774,1.2773883146859446,-796.26,9.35,2026-07-09T13:02:10.176274,BNBUSDT,80,0.04,-0.02,None,ema50_gt_ema200,False,True
113,45,68,39.82,4865.21,-3808.72,1056.49,1.2774,1.2773883146859446,-796.26,9.35,2026-07-09T13:02:24.192768,BNBUSDT,80,0.04,-0.02,None,ema20_gt_ema50_and_ema50_gt_ema200,False,True
117,34,83,29.06,6029.46,-4823.97,1205.49,1.2499,1.2498962472559938,-1188.91,10.3,2026-07-09T12:57:34.662401,BNBUSDT,60,0.05,-0.015,None,ema50_gt_ema200,True,True
117,34,83,29.06,6029.46,-4823.97,1205.49,1.2499,1.2498962472559938,-1188.91,10.3,2026-07-09T12:57:46.477615,BNBUSDT,60,0.05,-0.015,None,ema20_gt_ema50_and_ema50_gt_ema200,True,True
117,34,83,29.06,6029.46,-4823.97,1205.49,1.2499,1.2498962472559938,-1188.91,10.3,2026-07-09T13:01:04.526822,BNBUSDT,70,0.05,-0.015,None,ema50_gt_ema200,True,True
117,34,83,29.06,6029.46,-4823.97,1205.49,1.2499,1.2498962472559938,-1188.91,10.3,2026-07-09T13:01:16.261144,BNBUSDT,70,0.05,-0.015,None,ema20_gt_ema50_and_ema50_gt_ema200,True,True
117,34,83,29.06,6029.46,-4823.97,1205.49,1.2499,1.2498962472559938,-1188.91,10.3,2026-07-09T13:04:42.292193,BNBUSDT,80,0.05,-0.015,None,ema50_gt_ema200,True,True
117,34,83,29.06,6029.46,-4823.97,1205.49,1.2499,1.2498962472559938,-1188.91,10.3,2026-07-09T13:04:53.828935,BNBUSDT,80,0.05,-0.015,None,ema20_gt_ema50_and_ema50_gt_ema200,True,True
116,34,82,29.31,6030.06,-4824.78,1205.28,1.2498,1.249811058773903,-1298.34,10.39,2026-07-09T12:57:31.701187,BNBUSDT,60,0.05,-0.015,None,ema50_gt_ema200,True,False
116,34,82,29.31,6030.06,-4824.78,1205.28,1.2498,1.249811058773903,-1298.34,10.39,2026-07-09T12:57:43.440344,BNBUSDT,60,0.05,-0.015,None,ema20_gt_ema50_and_ema50_gt_ema200,True,False
116,34,82,29.31,6030.06,-4824.78,1205.28,1.2498,1.249811058773903,-1298.34,10.39,2026-07-09T13:01:01.499324,BNBUSDT,70,0.05,-0.015,None,ema50_gt_ema200,True,False
116,34,82,29.31,6030.06,-4824.78,1205.28,1.2498,1.249811058773903,-1298.34,10.39,2026-07-09T13:01:13.103648,BNBUSDT,70,0.05,-0.015,None,ema20_gt_ema50_and_ema50_gt_ema200,True,False
116,34,82,29.31,6030.06,-4824.78,1205.28,1.2498,1.249811058773903,-1298.34,10.39,2026-07-09T13:04:39.454738,BNBUSDT,80,0.05,-0.015,None,ema50_gt_ema200,True,False
116,34,82,29.31,6030.06,-4824.78,1205.28,1.2498,1.249811058773903,-1298.34,10.39,2026-07-09T13:04:50.977914,BNBUSDT,80,0.05,-0.015,None,ema20_gt_ema50_and_ema50_gt_ema200,True,False
98,34,64,34.69,4508.53,-3624.26,884.27,1.244,1.2439878910336504,-911.07,9.02,2026-07-09T12:56:18.246132,BNBUSDT,60,0.05,-0.02,None,ema50_gt_ema200,True,True
98,34,64,34.69,4508.53,-3624.26,884.27,1.244,1.2439878910336504,-911.07,9.02,2026-07-09T12:56:30.324371,BNBUSDT,60,0.05,-0.02,None,ema20_gt_ema50_and_ema50_gt_ema200,True,True
98,34,64,34.69,4508.53,-3624.26,884.27,1.244,1.2439878910336504,-911.07,9.02,2026-07-09T12:59:53.932241,BNBUSDT,70,0.05,-0.02,None,ema50_gt_ema200,True,True
98,34,64,34.69,4508.53,-3624.26,884.27,1.244,1.2439878910336504,-911.07,9.02,2026-07-09T13:00:06.106518,BNBUSDT,70,0.05,-0.02,None,ema20_gt_ema50_and_ema50_gt_ema200,True,True
98,34,64,34.69,4508.53,-3624.26,884.27,1.244,1.2439878910336504,-911.07,9.02,2026-07-09T13:03:32.625705,BNBUSDT,80,0.05,-0.02,None,ema50_gt_ema200,True,True
98,34,64,34.69,4508.53,-3624.26,884.27,1.244,1.2439878910336504,-911.07,9.02,2026-07-09T13:03:44.195884,BNBUSDT,80,0.05,-0.02,None,ema20_gt_ema50_and_ema50_gt_ema200,True,True
108,31,77,28.7,5524.04,-4440.89,1083.16,1.2439,1.243906282468189,-1017.21,10.03,2026-07-09T12:57:58.438633,BNBUSDT,60,0.05,-0.015,"(30, 70)",ema50_gt_ema200,True,True
108,31,77,28.7,5524.04,-4440.89,1083.16,1.2439,1.243906282468189,-1017.21,10.03,2026-07-09T12:58:10.063992,BNBUSDT,60,0.05,-0.015,"(30, 70)",ema20_gt_ema50_and_ema50_gt_ema200,True,True
108,31,77,28.7,5524.04,-4440.89,1083.16,1.2439,1.243906282468189,-1017.21,10.03,2026-07-09T12:58:21.645677,BNBUSDT,60,0.05,-0.015,"(35, 70)",ema50_gt_ema200,True,True
108,31,77,28.7,5524.04,-4440.89,1083.16,1.2439,1.243906282468189,-1017.21,10.03,2026-07-09T12:58:33.218568,BNBUSDT,60,0.05,-0.015,"(35, 70)",ema20_gt_ema50_and_ema50_gt_ema200,True,True
108,31,77,28.7,5524.04,-4440.89,1083.16,1.2439,1.243906282468189,-1017.21,10.03,2026-07-09T13:01:29.633762,BNBUSDT,70,0.05,-0.015,"(30, 70)",ema50_gt_ema200,True,True
108,31,77,28.7,5524.04,-4440.89,1083.16,1.2439,1.243906282468189,-1017.21,10.03,2026-07-09T13:01:41.372844,BNBUSDT,70,0.05,-0.015,"(30, 70)",ema20_gt_ema50_and_ema50_gt_ema200,True,True
108,31,77,28.7,5524.04,-4440.89,1083.16,1.2439,1.243906282468189,-1017.21,10.03,2026-07-09T13:01:52.799213,BNBUSDT,70,0.05,-0.015,"(35, 70)",ema50_gt_ema200,True,True
108,31,77,28.7,5524.04,-4440.89,1083.16,1.2439,1.243906282468189,-1017.21,10.03,2026-07-09T13:02:04.425129,BNBUSDT,70,0.05,-0.015,"(35, 70)",ema20_gt_ema50_and_ema50_gt_ema200,True,True
108,31,77,28.7,5524.04,-4440.89,1083.16,1.2439,1.243906282468189,-1017.21,10.03,2026-07-09T13:05:05.445797,BNBUSDT,80,0.05,-0.015,"(30, 70)",ema50_gt_ema200,True,True
108,31,77,28.7,5524.04,-4440.89,1083.16,1.2439,1.243906282468189,-1017.21,10.03,2026-07-09T13:05:17.045135,BNBUSDT,80,0.05,-0.015,"(30, 70)",ema20_gt_ema50_and_ema50_gt_ema200,True,True
108,31,77,28.7,5524.04,-4440.89,1083.16,1.2439,1.243906282468189,-1017.21,10.03,2026-07-09T13:05:28.536910,BNBUSDT,80,0.05,-0.015,"(35, 70)",ema50_gt_ema200,True,True
108,31,77,28.7,5524.04,-4440.89,1083.16,1.2439,1.243906282468189,-1017.21,10.03,2026-07-09T13:05:40.312910,BNBUSDT,80,0.05,-0.015,"(35, 70)",ema20_gt_ema50_and_ema50_gt_ema200,True,True
99,34,65,34.34,4502.15,-3704.24,797.91,1.2154,1.215405129526969,-1049.1,8.06,2026-07-09T12:56:14.853193,BNBUSDT,60,0.05,-0.02,None,ema50_gt_ema200,True,False
99,34,65,34.34,4502.15,-3704.24,797.91,1.2154,1.215405129526969,-1049.1,8.06,2026-07-09T12:56:27.313754,BNBUSDT,60,0.05,-0.02,None,ema20_gt_ema50_and_ema50_gt_ema200,True,False
99,34,65,34.34,4502.15,-3704.24,797.91,1.2154,1.215405129526969,-1049.1,8.06,2026-07-09T12:59:51.084991,BNBUSDT,70,0.05,-0.02,None,ema50_gt_ema200,True,False
99,34,65,34.34,4502.15,-3704.24,797.91,1.2154,1.215405129526969,-1049.1,8.06,2026-07-09T13:00:03.141747,BNBUSDT,70,0.05,-0.02,None,ema20_gt_ema50_and_ema50_gt_ema200,True,False
99,34,65,34.34,4502.15,-3704.24,797.91,1.2154,1.215405129526969,-1049.1,8.06,2026-07-09T13:03:29.755473,BNBUSDT,80,0.05,-0.02,None,ema50_gt_ema200,True,False
99,34,65,34.34,4502.15,-3704.24,797.91,1.2154,1.215405129526969,-1049.1,8.06,2026-07-09T13:03:41.317492,BNBUSDT,80,0.05,-0.02,None,ema20_gt_ema50_and_ema50_gt_ema200,True,False
99,34,65,34.34,4477.11,-3731.06,746.04,1.2,1.199954806428283,-1227.66,7.54,2026-07-09T12:56:36.336801,BNBUSDT,60,0.05,-0.02,"(30, 70)",ema50_gt_ema200,False,True
99,34,65,34.34,4477.11,-3731.06,746.04,1.2,1.199954806428283,-1227.66,7.54,2026-07-09T12:56:50.013258,BNBUSDT,60,0.05,-0.02,"(30, 70)",ema20_gt_ema50_and_ema50_gt_ema200,False,True
99,34,65,34.34,4477.11,-3731.06,746.04,1.2,1.199954806428283,-1227.66,7.54,2026-07-09T12:57:05.261030,BNBUSDT,60,0.05,-0.02,"(35, 70)",ema50_gt_ema200,False,True
99,34,65,34.34,4477.11,-3731.06,746.04,1.2,1.199954806428283,-1227.66,7.54,2026-07-09T12:57:17.020082,BNBUSDT,60,0.05,-0.02,"(35, 70)",ema20_gt_ema50_and_ema50_gt_ema200,False,True
99,34,65,34.34,4477.11,-3731.06,746.04,1.2,1.199954806428283,-1227.66,7.54,2026-07-09T13:00:11.977096,BNBUSDT,70,0.05,-0.02,"(30, 70)",ema50_gt_ema200,False,True
99,34,65,34.34,4477.11,-3731.06,746.04,1.2,1.199954806428283,-1227.66,7.54,2026-07-09T13:00:23.592627,BNBUSDT,70,0.05,-0.02,"(30, 70)",ema20_gt_ema50_and_ema50_gt_ema200,False,True
99,34,65,34.34,4477.11,-3731.06,746.04,1.2,1.199954806428283,-1227.66,7.54,2026-07-09T13:00:35.205821,BNBUSDT,70,0.05,-0.02,"(35, 70)",ema50_gt_ema200,False,True
99,34,65,34.34,4477.11,-3731.06,746.04,1.2,1.199954806428283,-1227.66,7.54,2026-07-09T13:00:46.730537,BNBUSDT,70,0.05,-0.02,"(35, 70)",ema20_gt_ema50_and_ema50_gt_ema200,False,True
99,34,65,34.34,4477.11,-3731.06,746.04,1.2,1.199954806428283,-1227.66,7.54,2026-07-09T13:03:50.131165,BNBUSDT,80,0.05,-0.02,"(30, 70)",ema50_gt_ema200,False,True
99,34,65,34.34,4477.11,-3731.06,746.04,1.2,1.199954806428283,-1227.66,7.54,2026-07-09T13:04:01.990588,BNBUSDT,80,0.05,-0.02,"(30, 70)",ema20_gt_ema50_and_ema50_gt_ema200,False,True
99,34,65,34.34,4477.11,-3731.06,746.04,1.2,1.199954806428283,-1227.66,7.54,2026-07-09T13:04:13.586751,BNBUSDT,80,0.05,-0.02,"(35, 70)",ema50_gt_ema200,False,True
99,34,65,34.34,4477.11,-3731.06,746.04,1.2,1.199954806428283,-1227.66,7.54,2026-07-09T13:04:25.119878,BNBUSDT,80,0.05,-0.02,"(35, 70)",ema20_gt_ema50_and_ema50_gt_ema200,False,True
133,37,96,27.82,6759.07,-5635.7,1123.37,1.1993,1.1993302483696304,-727.03,8.45,2026-07-09T12:20:32.625972,ETHUSDT,60,0.05,-0.015,None,ema50_gt_ema200,True,True
133,37,96,27.82,6759.07,-5635.7,1123.37,1.1993,1.1993302483696304,-727.03,8.45,2026-07-09T12:20:46.007981,ETHUSDT,60,0.05,-0.015,None,ema20_gt_ema50_and_ema50_gt_ema200,True,True
133,37,96,27.82,6759.07,-5635.7,1123.37,1.1993,1.1993302483696304,-727.03,8.45,2026-07-09T12:24:38.661529,ETHUSDT,70,0.05,-0.015,None,ema50_gt_ema200,True,True
133,37,96,27.82,6759.07,-5635.7,1123.37,1.1993,1.1993302483696304,-727.03,8.45,2026-07-09T12:24:51.912874,ETHUSDT,70,0.05,-0.015,None,ema20_gt_ema50_and_ema50_gt_ema200,True,True
133,37,96,27.82,6759.07,-5635.7,1123.37,1.1993,1.1993302483696304,-727.03,8.45,2026-07-09T12:28:58.987873,ETHUSDT,80,0.05,-0.015,None,ema50_gt_ema200,True,True
133,37,96,27.82,6759.07,-5635.7,1123.37,1.1993,1.1993302483696304,-727.03,8.45,2026-07-09T12:29:13.055922,ETHUSDT,80,0.05,-0.015,None,ema20_gt_ema50_and_ema50_gt_ema200,True,True
116,44,72,37.93,4788.56,-4058.18,730.38,1.18,1.1799774790575366,-1012.72,6.3,2026-07-09T12:54:53.287904,BNBUSDT,60,0.04,-0.02,None,ema50_gt_ema200,False,False
116,44,72,37.93,4788.56,-4058.18,730.38,1.18,1.1799774790575366,-1012.72,6.3,2026-07-09T12:55:06.461924,BNBUSDT,60,0.04,-0.02,None,ema20_gt_ema50_and_ema50_gt_ema200,False,False
116,44,72,37.93,4788.56,-4058.18,730.38,1.18,1.1799774790575366,-1012.72,6.3,2026-07-09T12:58:36.129466,BNBUSDT,70,0.04,-0.02,None,ema50_gt_ema200,False,False
116,44,72,37.93,4788.56,-4058.18,730.38,1.18,1.1799774790575366,-1012.72,6.3,2026-07-09T12:58:47.577477,BNBUSDT,70,0.04,-0.02,None,ema20_gt_ema50_and_ema50_gt_ema200,False,False
116,44,72,37.93,4788.56,-4058.18,730.38,1.18,1.1799774790575366,-1012.72,6.3,2026-07-09T13:02:07.218878,BNBUSDT,80,0.04,-0.02,None,ema50_gt_ema200,False,False
116,44,72,37.93,4788.56,-4058.18,730.38,1.18,1.1799774790575366,-1012.72,6.3,2026-07-09T13:02:20.409104,BNBUSDT,80,0.04,-0.02,None,ema20_gt_ema50_and_ema50_gt_ema200,False,False
104,35,69,33.65,4647.13,-3941.38,705.76,1.1791,1.179064097364174,-1172.17,6.79,2026-07-09T12:56:11.912715,BNBUSDT,60,0.05,-0.02,None,ema50_gt_ema200,False,True
104,35,69,33.65,4647.13,-3941.38,705.76,1.1791,1.179064097364174,-1172.17,6.79,2026-07-09T12:56:24.268938,BNBUSDT,60,0.05,-0.02,None,ema20_gt_ema50_and_ema50_gt_ema200,False,True
104,35,69,33.65,4647.13,-3941.38,705.76,1.1791,1.179064097364174,-1172.17,6.79,2026-07-09T12:59:48.238570,BNBUSDT,70,0.05,-0.02,None,ema50_gt_ema200,False,True
104,35,69,33.65,4647.13,-3941.38,705.76,1.1791,1.179064097364174,-1172.17,6.79,2026-07-09T13:00:00.019295,BNBUSDT,70,0.05,-0.02,None,ema20_gt_ema50_and_ema50_gt_ema200,False,True
104,35,69,33.65,4647.13,-3941.38,705.76,1.1791,1.179064097364174,-1172.17,6.79,2026-07-09T13:03:26.868763,BNBUSDT,80,0.05,-0.02,None,ema50_gt_ema200,False,True
104,35,69,33.65,4647.13,-3941.38,705.76,1.1791,1.179064097364174,-1172.17,6.79,2026-07-09T13:03:38.456704,BNBUSDT,80,0.05,-0.02,None,ema20_gt_ema50_and_ema50_gt_ema200,False,True
114,32,82,28.07,5691.63,-4849.06,842.57,1.1738,1.1737600751783113,-1228.31,7.39,2026-07-09T12:57:55.314092,BNBUSDT,60,0.05,-0.015,"(30, 70)",ema50_gt_ema200,True,False
114,32,82,28.07,5691.63,-4849.06,842.57,1.1738,1.1737600751783113,-1228.31,7.39,2026-07-09T12:58:07.084609,BNBUSDT,60,0.05,-0.015,"(30, 70)",ema20_gt_ema50_and_ema50_gt_ema200,True,False
114,32,82,28.07,5691.63,-4849.06,842.57,1.1738,1.1737600751783113,-1228.31,7.39,2026-07-09T12:58:18.757969,BNBUSDT,60,0.05,-0.015,"(35, 70)",ema50_gt_ema200,True,False
114,32,82,28.07,5691.63,-4849.06,842.57,1.1738,1.1737600751783113,-1228.31,7.39,2026-07-09T12:58:30.348584,BNBUSDT,60,0.05,-0.015,"(35, 70)",ema20_gt_ema50_and_ema50_gt_ema200,True,False
114,32,82,28.07,5691.63,-4849.06,842.57,1.1738,1.1737600751783113,-1228.31,7.39,2026-07-09T13:01:26.728000,BNBUSDT,70,0.05,-0.015,"(30, 70)",ema50_gt_ema200,True,False
114,32,82,28.07,5691.63,-4849.06,842.57,1.1738,1.1737600751783113,-1228.31,7.39,2026-07-09T13:01:38.462569,BNBUSDT,70,0.05,-0.015,"(30, 70)",ema20_gt_ema50_and_ema50_gt_ema200,True,False
114,32,82,28.07,5691.63,-4849.06,842.57,1.1738,1.1737600751783113,-1228.31,7.39,2026-07-09T13:01:49.928048,BNBUSDT,70,0.05,-0.015,"(35, 70)",ema50_gt_ema200,True,False
114,32,82,28.07,5691.63,-4849.06,842.57,1.1738,1.1737600751783113,-1228.31,7.39,2026-07-09T13:02:01.442836,BNBUSDT,70,0.05,-0.015,"(35, 70)",ema20_gt_ema50_and_ema50_gt_ema200,True,False
114,32,82,28.07,5691.63,-4849.06,842.57,1.1738,1.1737600751783113,-1228.31,7.39,2026-07-09T13:05:02.449257,BNBUSDT,80,0.05,-0.015,"(30, 70)",ema50_gt_ema200,True,False
114,32,82,28.07,5691.63,-4849.06,842.57,1.1738,1.1737600751783113,-1228.31,7.39,2026-07-09T13:05:14.168226,BNBUSDT,80,0.05,-0.015,"(30, 70)",ema20_gt_ema50_and_ema50_gt_ema200,True,False
114,32,82,28.07,5691.63,-4849.06,842.57,1.1738,1.1737600751783113,-1228.31,7.39,2026-07-09T13:05:25.662958,BNBUSDT,80,0.05,-0.015,"(35, 70)",ema50_gt_ema200,True,False
114,32,82,28.07,5691.63,-4849.06,842.57,1.1738,1.1737600751783113,-1228.31,7.39,2026-07-09T13:05:37.350400,BNBUSDT,80,0.05,-0.015,"(35, 70)",ema20_gt_ema50_and_ema50_gt_ema200,True,False
106,40,66,37.74,4337.76,-3719.89,617.87,1.1661,1.1661003191681,-870.85,5.83,2026-07-09T12:55:03.568370,BNBUSDT,60,0.04,-0.02,None,ema50_gt_ema200,True,True
106,40,66,37.74,4337.76,-3719.89,617.87,1.1661,1.1661003191681,-870.85,5.83,2026-07-09T12:55:15.999678,BNBUSDT,60,0.04,-0.02,None,ema20_gt_ema50_and_ema50_gt_ema200,True,True
106,40,66,37.74,4337.76,-3719.89,617.87,1.1661,1.1661003191681,-870.85,5.83,2026-07-09T12:58:44.668730,BNBUSDT,70,0.04,-0.02,None,ema50_gt_ema200,True,True
106,40,66,37.74,4337.76,-3719.89,617.87,1.1661,1.1661003191681,-870.85,5.83,2026-07-09T12:58:56.207039,BNBUSDT,70,0.04,-0.02,None,ema20_gt_ema50_and_ema50_gt_ema200,True,True
106,40,66,37.74,4337.76,-3719.89,617.87,1.1661,1.1661003191681,-870.85,5.83,2026-07-09T13:02:16.401449,BNBUSDT,80,0.04,-0.02,None,ema50_gt_ema200,True,True
106,40,66,37.74,4337.76,-3719.89,617.87,1.1661,1.1661003191681,-870.85,5.83,2026-07-09T13:02:30.489612,BNBUSDT,80,0.04,-0.02,None,ema20_gt_ema50_and_ema50_gt_ema200,True,True
92,31,61,33.7,4117.6,-3544.96,572.64,1.1615,1.161537648899881,-974.34,6.22,2026-07-09T12:56:42.829991,BNBUSDT,60,0.05,-0.02,"(30, 70)",ema50_gt_ema200,True,True
92,31,61,33.7,4117.6,-3544.96,572.64,1.1615,1.161537648899881,-974.34,6.22,2026-07-09T12:56:57.290367,BNBUSDT,60,0.05,-0.02,"(30, 70)",ema20_gt_ema50_and_ema50_gt_ema200,True,True
92,31,61,33.7,4117.6,-3544.96,572.64,1.1615,1.161537648899881,-974.34,6.22,2026-07-09T12:57:11.126010,BNBUSDT,60,0.05,-0.02,"(35, 70)",ema50_gt_ema200,True,True
92,31,61,33.7,4117.6,-3544.96,572.64,1.1615,1.161537648899881,-974.34,6.22,2026-07-09T12:57:22.994957,BNBUSDT,60,0.05,-0.02,"(35, 70)",ema20_gt_ema50_and_ema50_gt_ema200,True,True
92,31,61,33.7,4117.6,-3544.96,572.64,1.1615,1.161537648899881,-974.34,6.22,2026-07-09T13:00:17.774321,BNBUSDT,70,0.05,-0.02,"(30, 70)",ema50_gt_ema200,True,True
92,31,61,33.7,4117.6,-3544.96,572.64,1.1615,1.161537648899881,-974.34,6.22,2026-07-09T13:00:29.428292,BNBUSDT,70,0.05,-0.02,"(30, 70)",ema20_gt_ema50_and_ema50_gt_ema200,True,True
92,31,61,33.7,4117.6,-3544.96,572.64,1.1615,1.161537648899881,-974.34,6.22,2026-07-09T13:00:41.013648,BNBUSDT,70,0.05,-0.02,"(35, 70)",ema50_gt_ema200,True,True
92,31,61,33.7,4117.6,-3544.96,572.64,1.1615,1.161537648899881,-974.34,6.22,2026-07-09T13:00:52.851996,BNBUSDT,70,0.05,-0.02,"(35, 70)",ema20_gt_ema50_and_ema50_gt_ema200,True,True
92,31,61,33.7,4117.6,-3544.96,572.64,1.1615,1.161537648899881,-974.34,6.22,2026-07-09T13:03:55.864599,BNBUSDT,80,0.05,-0.02,"(30, 70)",ema50_gt_ema200,True,True
92,31,61,33.7,4117.6,-3544.96,572.64,1.1615,1.161537648899881,-974.34,6.22,2026-07-09T13:04:07.798802,BNBUSDT,80,0.05,-0.02,"(30, 70)",ema20_gt_ema50_and_ema50_gt_ema200,True,True
92,31,61,33.7,4117.6,-3544.96,572.64,1.1615,1.161537648899881,-974.34,6.22,2026-07-09T13:04:19.335866,BNBUSDT,80,0.05,-0.02,"(35, 70)",ema50_gt_ema200,True,True
92,31,61,33.7,4117.6,-3544.96,572.64,1.1615,1.161537648899881,-974.34,6.22,2026-07-09T13:04:30.887271,BNBUSDT,80,0.05,-0.02,"(35, 70)",ema20_gt_ema50_and_ema50_gt_ema200,True,True
106,35,71,33.02,4674.27,-4030.16,644.11,1.1598,1.1598219576176056,-1090.66,6.08,2026-07-09T12:56:08.798804,BNBUSDT,60,0.05,-0.02,None,ema50_gt_ema200,False,False
106,35,71,33.02,4674.27,-4030.16,644.11,1.1598,1.1598219576176056,-1090.66,6.08,2026-07-09T12:56:21.320713,BNBUSDT,60,0.05,-0.02,None,ema20_gt_ema50_and_ema50_gt_ema200,False,False
106,35,71,33.02,4674.27,-4030.16,644.11,1.1598,1.1598219576176056,-1090.66,6.08,2026-07-09T12:59:45.384031,BNBUSDT,70,0.05,-0.02,None,ema50_gt_ema200,False,False
106,35,71,33.02,4674.27,-4030.16,644.11,1.1598,1.1598219576176056,-1090.66,6.08,2026-07-09T12:59:56.820408,BNBUSDT,70,0.05,-0.02,None,ema20_gt_ema50_and_ema50_gt_ema200,False,False
106,35,71,33.02,4674.27,-4030.16,644.11,1.1598,1.1598219576176056,-1090.66,6.08,2026-07-09T13:03:23.955208,BNBUSDT,80,0.05,-0.02,None,ema50_gt_ema200,False,False
106,35,71,33.02,4674.27,-4030.16,644.11,1.1598,1.1598219576176056,-1090.66,6.08,2026-07-09T13:03:35.520960,BNBUSDT,80,0.05,-0.02,None,ema20_gt_ema50_and_ema50_gt_ema200,False,False
127,48,79,37.8,5310.95,-4588.85,722.09,1.1574,1.1573584794398093,-813.69,5.69,2026-07-09T12:18:36.775384,ETHUSDT,60,0.04,-0.02,"(35, 70)",ema50_gt_ema200,True,True
127,48,79,37.8,5310.95,-4588.85,722.09,1.1574,1.1573584794398093,-813.69,5.69,2026-07-09T12:18:52.739738,ETHUSDT,60,0.04,-0.02,"(35, 70)",ema20_gt_ema50_and_ema50_gt_ema200,True,True
127,48,79,37.8,5310.95,-4588.85,722.09,1.1574,1.1573584794398093,-813.69,5.69,2026-07-09T12:22:44.202286,ETHUSDT,70,0.04,-0.02,"(35, 70)",ema50_gt_ema200,True,True
127,48,79,37.8,5310.95,-4588.85,722.09,1.1574,1.1573584794398093,-813.69,5.69,2026-07-09T12:22:57.690812,ETHUSDT,70,0.04,-0.02,"(35, 70)",ema20_gt_ema50_and_ema50_gt_ema200,True,True
127,48,79,37.8,5310.95,-4588.85,722.09,1.1574,1.1573584794398093,-813.69,5.69,2026-07-09T12:27:16.369743,ETHUSDT,80,0.04,-0.02,"(35, 70)",ema50_gt_ema200,True,True
127,48,79,37.8,5310.95,-4588.85,722.09,1.1574,1.1573584794398093,-813.69,5.69,2026-07-09T12:27:29.268090,ETHUSDT,80,0.04,-0.02,"(35, 70)",ema20_gt_ema50_and_ema50_gt_ema200,True,True
128,48,80,37.5,5310.95,-4638.47,672.48,1.145,1.1449788078654104,-863.3,5.25,2026-07-09T12:18:01.678778,ETHUSDT,60,0.04,-0.02,"(30, 70)",ema50_gt_ema200,True,True
128,48,80,37.5,5310.95,-4638.47,672.48,1.145,1.1449788078654104,-863.3,5.25,2026-07-09T12:18:18.102368,ETHUSDT,60,0.04,-0.02,"(30, 70)",ema20_gt_ema50_and_ema50_gt_ema200,True,True
128,48,80,37.5,5310.95,-4638.47,672.48,1.145,1.1449788078654104,-863.3,5.25,2026-07-09T12:22:19.251880,ETHUSDT,70,0.04,-0.02,"(30, 70)",ema50_gt_ema200,True,True
128,48,80,37.5,5310.95,-4638.47,672.48,1.145,1.1449788078654104,-863.3,5.25,2026-07-09T12:22:31.977714,ETHUSDT,70,0.04,-0.02,"(30, 70)",ema20_gt_ema50_and_ema50_gt_ema200,True,True
128,48,80,37.5,5310.95,-4638.47,672.48,1.145,1.1449788078654104,-863.3,5.25,2026-07-09T12:26:49.192277,ETHUSDT,80,0.04,-0.02,"(30, 70)",ema50_gt_ema200,True,True
128,48,80,37.5,5310.95,-4638.47,672.48,1.145,1.1449788078654104,-863.3,5.25,2026-07-09T12:27:03.273365,ETHUSDT,80,0.04,-0.02,"(30, 70)",ema20_gt_ema50_and_ema50_gt_ema200,True,True
137,51,86,37.23,5608.63,-4976.5,632.12,1.127,1.1270214595662273,-869.76,4.61,2026-07-09T12:18:32.642042,ETHUSDT,60,0.04,-0.02,"(35, 70)",ema50_gt_ema200,True,False
137,51,86,37.23,5608.63,-4976.5,632.12,1.127,1.1270214595662273,-869.76,4.61,2026-07-09T12:18:48.726657,ETHUSDT,60,0.04,-0.02,"(35, 70)",ema20_gt_ema50_and_ema50_gt_ema200,True,False
137,51,86,37.23,5608.63,-4976.5,632.12,1.127,1.1270214595662273,-869.76,4.61,2026-07-09T12:22:41.169279,ETHUSDT,70,0.04,-0.02,"(35, 70)",ema50_gt_ema200,True,False
137,51,86,37.23,5608.63,-4976.5,632.12,1.127,1.1270214595662273,-869.76,4.61,2026-07-09T12:22:54.123166,ETHUSDT,70,0.04,-0.02,"(35, 70)",ema20_gt_ema50_and_ema50_gt_ema200,True,False
137,51,86,37.23,5608.63,-4976.5,632.12,1.127,1.1270214595662273,-869.76,4.61,2026-07-09T12:27:12.847242,ETHUSDT,80,0.04,-0.02,"(35, 70)",ema50_gt_ema200,True,False
137,51,86,37.23,5608.63,-4976.5,632.12,1.127,1.1270214595662273,-869.76,4.61,2026-07-09T12:27:25.826996,ETHUSDT,80,0.04,-0.02,"(35, 70)",ema20_gt_ema50_and_ema50_gt_ema200,True,False
97,32,65,32.99,4240.62,-3775.47,465.15,1.1232,1.123203912075145,-1094.74,4.8,2026-07-09T12:56:39.481768,BNBUSDT,60,0.05,-0.02,"(30, 70)",ema50_gt_ema200,True,False
97,32,65,32.99,4240.62,-3775.47,465.15,1.1232,1.123203912075145,-1094.74,4.8,2026-07-09T12:56:53.252786,BNBUSDT,60,0.05,-0.02,"(30, 70)",ema20_gt_ema50_and_ema50_gt_ema200,True,False
97,32,65,32.99,4240.62,-3775.47,465.15,1.1232,1.123203912075145,-1094.74,4.8,2026-07-09T12:57:08.188908,BNBUSDT,60,0.05,-0.02,"(35, 70)",ema50_gt_ema200,True,False
97,32,65,32.99,4240.62,-3775.47,465.15,1.1232,1.123203912075145,-1094.74,4.8,2026-07-09T12:57:19.964870,BNBUSDT,60,0.05,-0.02,"(35, 70)",ema20_gt_ema50_and_ema50_gt_ema200,True,False
97,32,65,32.99,4240.62,-3775.47,465.15,1.1232,1.123203912075145,-1094.74,4.8,2026-07-09T13:00:14.889655,BNBUSDT,70,0.05,-0.02,"(30, 70)",ema50_gt_ema200,True,False
97,32,65,32.99,4240.62,-3775.47,465.15,1.1232,1.123203912075145,-1094.74,4.8,2026-07-09T13:00:26.544752,BNBUSDT,70,0.05,-0.02,"(30, 70)",ema20_gt_ema50_and_ema50_gt_ema200,True,False
97,32,65,32.99,4240.62,-3775.47,465.15,1.1232,1.123203912075145,-1094.74,4.8,2026-07-09T13:00:38.130225,BNBUSDT,70,0.05,-0.02,"(35, 70)",ema50_gt_ema200,True,False
97,32,65,32.99,4240.62,-3775.47,465.15,1.1232,1.123203912075145,-1094.74,4.8,2026-07-09T13:00:49.875359,BNBUSDT,70,0.05,-0.02,"(35, 70)",ema20_gt_ema50_and_ema50_gt_ema200,True,False
97,32,65,32.99,4240.62,-3775.47,465.15,1.1232,1.123203912075145,-1094.74,4.8,2026-07-09T13:03:52.985728,BNBUSDT,80,0.05,-0.02,"(30, 70)",ema50_gt_ema200,True,False
97,32,65,32.99,4240.62,-3775.47,465.15,1.1232,1.123203912075145,-1094.74,4.8,2026-07-09T13:04:04.877713,BNBUSDT,80,0.05,-0.02,"(30, 70)",ema20_gt_ema50_and_ema50_gt_ema200,True,False
97,32,65,32.99,4240.62,-3775.47,465.15,1.1232,1.123203912075145,-1094.74,4.8,2026-07-09T13:04:16.452963,BNBUSDT,80,0.05,-0.02,"(35, 70)",ema50_gt_ema200,True,False
97,32,65,32.99,4240.62,-3775.47,465.15,1.1232,1.123203912075145,-1094.74,4.8,2026-07-09T13:04:28.007182,BNBUSDT,80,0.05,-0.02,"(35, 70)",ema20_gt_ema50_and_ema50_gt_ema200,True,False
130,42,88,32.31,5793.85,-5187.05,606.8,1.117,1.1169840808558207,-627.44,4.67,2026-07-09T12:18:59.166564,ETHUSDT,60,0.05,-0.02,None,ema50_gt_ema200,False,True
130,42,88,32.31,5793.85,-5187.05,606.8,1.117,1.1169840808558207,-627.44,4.67,2026-07-09T12:19:11.871951,ETHUSDT,60,0.05,-0.02,None,ema20_gt_ema50_and_ema50_gt_ema200,False,True
130,42,88,32.31,5793.85,-5187.05,606.8,1.117,1.1169840808558207,-627.44,4.67,2026-07-09T12:23:05.481160,ETHUSDT,70,0.05,-0.02,None,ema50_gt_ema200,False,True
130,42,88,32.31,5793.85,-5187.05,606.8,1.117,1.1169840808558207,-627.44,4.67,2026-07-09T12:23:19.591900,ETHUSDT,70,0.05,-0.02,None,ema20_gt_ema50_and_ema50_gt_ema200,False,True
130,42,88,32.31,5793.85,-5187.05,606.8,1.117,1.1169840808558207,-627.44,4.67,2026-07-09T12:27:35.397175,ETHUSDT,80,0.05,-0.02,None,ema50_gt_ema200,False,True
130,42,88,32.31,5793.85,-5187.05,606.8,1.117,1.1169840808558207,-627.44,4.67,2026-07-09T12:27:47.431995,ETHUSDT,80,0.05,-0.02,None,ema20_gt_ema50_and_ema50_gt_ema200,False,True
138,51,87,36.96,5608.63,-5026.12,582.51,1.1159,1.1158960736799182,-919.37,4.22,2026-07-09T12:17:58.312082,ETHUSDT,60,0.04,-0.02,"(30, 70)",ema50_gt_ema200,True,False
138,51,87,36.96,5608.63,-5026.12,582.51,1.1159,1.1158960736799182,-919.37,4.22,2026-07-09T12:18:13.517814,ETHUSDT,60,0.04,-0.02,"(30, 70)",ema20_gt_ema50_and_ema50_gt_ema200,True,False
138,51,87,36.96,5608.63,-5026.12,582.51,1.1159,1.1158960736799182,-919.37,4.22,2026-07-09T12:22:16.127607,ETHUSDT,70,0.04,-0.02,"(30, 70)",ema50_gt_ema200,True,False
138,51,87,36.96,5608.63,-5026.12,582.51,1.1159,1.1158960736799182,-919.37,4.22,2026-07-09T12:22:28.876649,ETHUSDT,70,0.04,-0.02,"(30, 70)",ema20_gt_ema50_and_ema50_gt_ema200,True,False
138,51,87,36.96,5608.63,-5026.12,582.51,1.1159,1.1158960736799182,-919.37,4.22,2026-07-09T12:26:45.860318,ETHUSDT,80,0.04,-0.02,"(30, 70)",ema50_gt_ema200,True,False
138,51,87,36.96,5608.63,-5026.12,582.51,1.1159,1.1158960736799182,-919.37,4.22,2026-07-09T12:26:59.951579,ETHUSDT,80,0.04,-0.02,"(30, 70)",ema20_gt_ema50_and_ema50_gt_ema200,True,False
139,52,87,37.41,5763.81,-5165.35,598.46,1.1159,1.1158609196353375,-707.51,4.31,2026-07-09T12:17:37.470189,ETHUSDT,60,0.04,-0.02,None,ema50_gt_ema200,True,True
139,52,87,37.41,5763.81,-5165.35,598.46,1.1159,1.1158609196353375,-707.51,4.31,2026-07-09T12:17:49.758264,ETHUSDT,60,0.04,-0.02,None,ema20_gt_ema50_and_ema50_gt_ema200,True,True
139,52,87,37.41,5763.81,-5165.35,598.46,1.1159,1.1158609196353375,-707.51,4.31,2026-07-09T12:21:52.363189,ETHUSDT,70,0.04,-0.02,None,ema50_gt_ema200,True,True
139,52,87,37.41,5763.81,-5165.35,598.46,1.1159,1.1158609196353375,-707.51,4.31,2026-07-09T12:22:05.910761,ETHUSDT,70,0.04,-0.02,None,ema20_gt_ema50_and_ema50_gt_ema200,True,True
139,52,87,37.41,5763.81,-5165.35,598.46,1.1159,1.1158609196353375,-707.51,4.31,2026-07-09T12:26:18.900144,ETHUSDT,80,0.04,-0.02,None,ema50_gt_ema200,True,True
139,52,87,37.41,5763.81,-5165.35,598.46,1.1159,1.1158609196353375,-707.51,4.31,2026-07-09T12:26:32.042535,ETHUSDT,80,0.04,-0.02,None,ema20_gt_ema50_and_ema50_gt_ema200,True,True
115,37,78,32.17,5043.01,-4556.41,486.6,1.1068,1.1067947843355717,-669.48,4.23,2026-07-09T12:19:05.529942,ETHUSDT,60,0.05,-0.02,None,ema50_gt_ema200,True,True
115,37,78,32.17,5043.01,-4556.41,486.6,1.1068,1.1067947843355717,-669.48,4.23,2026-07-09T12:19:19.684199,ETHUSDT,60,0.05,-0.02,None,ema20_gt_ema50_and_ema50_gt_ema200,True,True
115,37,78,32.17,5043.01,-4556.41,486.6,1.1068,1.1067947843355717,-669.48,4.23,2026-07-09T12:23:12.388064,ETHUSDT,70,0.05,-0.02,None,ema50_gt_ema200,True,True
115,37,78,32.17,5043.01,-4556.41,486.6,1.1068,1.1067947843355717,-669.48,4.23,2026-07-09T12:23:26.791521,ETHUSDT,70,0.05,-0.02,None,ema20_gt_ema50_and_ema50_gt_ema200,True,True
115,37,78,32.17,5043.01,-4556.41,486.6,1.1068,1.1067947843355717,-669.48,4.23,2026-07-09T12:27:41.393043,ETHUSDT,80,0.05,-0.02,None,ema50_gt_ema200,True,True
115,37,78,32.17,5043.01,-4556.41,486.6,1.1068,1.1067947843355717,-669.48,4.23,2026-07-09T12:27:54.936540,ETHUSDT,80,0.05,-0.02,None,ema20_gt_ema50_and_ema50_gt_ema200,True,True
113,36,77,31.86,4886.87,-4416.61,470.26,1.1065,1.1064763520653327,-689.83,4.16,2026-07-09T12:20:07.477299,ETHUSDT,60,0.05,-0.02,"(35, 70)",ema50_gt_ema200,True,True
113,36,77,31.86,4886.87,-4416.61,470.26,1.1065,1.1064763520653327,-689.83,4.16,2026-07-09T12:20:20.036118,ETHUSDT,60,0.05,-0.02,"(35, 70)",ema20_gt_ema50_and_ema50_gt_ema200,True,True
113,36,77,31.86,4886.87,-4416.61,470.26,1.1065,1.1064763520653327,-689.83,4.16,2026-07-09T12:24:10.355193,ETHUSDT,70,0.05,-0.02,"(35, 70)",ema50_gt_ema200,True,True
113,36,77,31.86,4886.87,-4416.61,470.26,1.1065,1.1064763520653327,-689.83,4.16,2026-07-09T12:24:24.770211,ETHUSDT,70,0.05,-0.02,"(35, 70)",ema20_gt_ema50_and_ema50_gt_ema200,True,True
113,36,77,31.86,4886.87,-4416.61,470.26,1.1065,1.1064763520653327,-689.83,4.16,2026-07-09T12:28:32.300441,ETHUSDT,80,0.05,-0.02,"(35, 70)",ema50_gt_ema200,True,True
113,36,77,31.86,4886.87,-4416.61,470.26,1.1065,1.1064763520653327,-689.83,4.16,2026-07-09T12:28:44.932565,ETHUSDT,80,0.05,-0.02,"(35, 70)",ema20_gt_ema50_and_ema50_gt_ema200,True,True
109,40,69,36.7,4326.89,-3915.9,410.98,1.105,1.1049515555127898,-1009.94,3.77,2026-07-09T12:55:28.131195,BNBUSDT,60,0.04,-0.02,"(30, 70)",ema50_gt_ema200,True,True
109,40,69,36.7,4326.89,-3915.9,410.98,1.105,1.1049515555127898,-1009.94,3.77,2026-07-09T12:55:40.116029,BNBUSDT,60,0.04,-0.02,"(30, 70)",ema20_gt_ema50_and_ema50_gt_ema200,True,True
109,40,69,36.7,4326.89,-3915.9,410.98,1.105,1.1049515555127898,-1009.94,3.77,2026-07-09T12:55:53.215571,BNBUSDT,60,0.04,-0.02,"(35, 70)",ema50_gt_ema200,True,True
109,40,69,36.7,4326.89,-3915.9,410.98,1.105,1.1049515555127898,-1009.94,3.77,2026-07-09T12:56:05.734878,BNBUSDT,60,0.04,-0.02,"(35, 70)",ema20_gt_ema50_and_ema50_gt_ema200,True,True
109,40,69,36.7,4326.89,-3915.9,410.98,1.105,1.1049515555127898,-1009.94,3.77,2026-07-09T12:59:07.832382,BNBUSDT,70,0.04,-0.02,"(30, 70)",ema50_gt_ema200,True,True
109,40,69,36.7,4326.89,-3915.9,410.98,1.105,1.1049515555127898,-1009.94,3.77,2026-07-09T12:59:19.350936,BNBUSDT,70,0.04,-0.02,"(30, 70)",ema20_gt_ema50_and_ema50_gt_ema200,True,True
109,40,69,36.7,4326.89,-3915.9,410.98,1.105,1.1049515555127898,-1009.94,3.77,2026-07-09T12:59:30.945965,BNBUSDT,70,0.04,-0.02,"(35, 70)",ema50_gt_ema200,True,True
109,40,69,36.7,4326.89,-3915.9,410.98,1.105,1.1049515555127898,-1009.94,3.77,2026-07-09T12:59:42.550957,BNBUSDT,70,0.04,-0.02,"(35, 70)",ema20_gt_ema50_and_ema50_gt_ema200,True,True
109,40,69,36.7,4326.89,-3915.9,410.98,1.105,1.1049515555127898,-1009.94,3.77,2026-07-09T13:02:43.291548,BNBUSDT,80,0.04,-0.02,"(30, 70)",ema50_gt_ema200,True,True
109,40,69,36.7,4326.89,-3915.9,410.98,1.105,1.1049515555127898,-1009.94,3.77,2026-07-09T13:02:56.837713,BNBUSDT,80,0.04,-0.02,"(30, 70)",ema20_gt_ema50_and_ema50_gt_ema200,True,True
109,40,69,36.7,4326.89,-3915.9,410.98,1.105,1.1049515555127898,-1009.94,3.77,2026-07-09T13:03:09.515226,BNBUSDT,80,0.04,-0.02,"(35, 70)",ema50_gt_ema200,True,True
109,40,69,36.7,4326.89,-3915.9,410.98,1.105,1.1049515555127898,-1009.94,3.77,2026-07-09T13:03:21.077351,BNBUSDT,80,0.04,-0.02,"(35, 70)",ema20_gt_ema50_and_ema50_gt_ema200,True,True
114,36,78,31.58,4886.87,-4466.23,420.65,1.0942,1.0941845049413204,-739.45,3.69,2026-07-09T12:19:34.704003,ETHUSDT,60,0.05,-0.02,"(30, 70)",ema50_gt_ema200,True,True
114,36,78,31.58,4886.87,-4466.23,420.65,1.0942,1.0941845049413204,-739.45,3.69,2026-07-09T12:19:51.616155,ETHUSDT,60,0.05,-0.02,"(30, 70)",ema20_gt_ema50_and_ema50_gt_ema200,True,True
114,36,78,31.58,4886.87,-4466.23,420.65,1.0942,1.0941845049413204,-739.45,3.69,2026-07-09T12:23:41.054448,ETHUSDT,70,0.05,-0.02,"(30, 70)",ema50_gt_ema200,True,True
114,36,78,31.58,4886.87,-4466.23,420.65,1.0942,1.0941845049413204,-739.45,3.69,2026-07-09T12:23:55.915804,ETHUSDT,70,0.05,-0.02,"(30, 70)",ema20_gt_ema50_and_ema50_gt_ema200,True,True
114,36,78,31.58,4886.87,-4466.23,420.65,1.0942,1.0941845049413204,-739.45,3.69,2026-07-09T12:28:07.188422,ETHUSDT,80,0.05,-0.02,"(30, 70)",ema50_gt_ema200,True,True
114,36,78,31.58,4886.87,-4466.23,420.65,1.0942,1.0941845049413204,-739.45,3.69,2026-07-09T12:28:19.679124,ETHUSDT,80,0.05,-0.02,"(30, 70)",ema20_gt_ema50_and_ema50_gt_ema200,True,True
112,41,71,36.61,4430.16,-4049.39,380.77,1.094,1.0940309705389477,-1020.14,3.4,2026-07-09T12:55:00.100649,BNBUSDT,60,0.04,-0.02,None,ema50_gt_ema200,True,False
112,41,71,36.61,4430.16,-4049.39,380.77,1.094,1.0940309705389477,-1020.14,3.4,2026-07-09T12:55:12.973883,BNBUSDT,60,0.04,-0.02,None,ema20_gt_ema50_and_ema50_gt_ema200,True,False
112,41,71,36.61,4430.16,-4049.39,380.77,1.094,1.0940309705389477,-1020.14,3.4,2026-07-09T12:58:41.815663,BNBUSDT,70,0.04,-0.02,None,ema50_gt_ema200,True,False
112,41,71,36.61,4430.16,-4049.39,380.77,1.094,1.0940309705389477,-1020.14,3.4,2026-07-09T12:58:53.315309,BNBUSDT,70,0.04,-0.02,None,ema20_gt_ema50_and_ema50_gt_ema200,True,False
112,41,71,36.61,4430.16,-4049.39,380.77,1.094,1.0940309705389477,-1020.14,3.4,2026-07-09T13:02:13.077256,BNBUSDT,80,0.04,-0.02,None,ema50_gt_ema200,True,False
112,41,71,36.61,4430.16,-4049.39,380.77,1.094,1.0940309705389477,-1020.14,3.4,2026-07-09T13:02:27.421617,BNBUSDT,80,0.04,-0.02,None,ema20_gt_ema50_and_ema50_gt_ema200,True,False
131,41,90,31.3,5635.73,-5152.94,482.79,1.0937,1.0936924600414581,-615.09,3.69,2026-07-09T12:19:26.527482,ETHUSDT,60,0.05,-0.02,"(30, 70)",ema50_gt_ema200,False,True
131,41,90,31.3,5635.73,-5152.94,482.79,1.0937,1.0936924600414581,-615.09,3.69,2026-07-09T12:19:44.144548,ETHUSDT,60,0.05,-0.02,"(30, 70)",ema20_gt_ema50_and_ema50_gt_ema200,False,True
131,41,90,31.3,5635.73,-5152.94,482.79,1.0937,1.0936924600414581,-615.09,3.69,2026-07-09T12:19:59.446879,ETHUSDT,60,0.05,-0.02,"(35, 70)",ema50_gt_ema200,False,True
131,41,90,31.3,5635.73,-5152.94,482.79,1.0937,1.0936924600414581,-615.09,3.69,2026-07-09T12:20:14.050744,ETHUSDT,60,0.05,-0.02,"(35, 70)",ema20_gt_ema50_and_ema50_gt_ema200,False,True
131,41,90,31.3,5635.73,-5152.94,482.79,1.0937,1.0936924600414581,-615.09,3.69,2026-07-09T12:23:33.997568,ETHUSDT,70,0.05,-0.02,"(30, 70)",ema50_gt_ema200,False,True
131,41,90,31.3,5635.73,-5152.94,482.79,1.0937,1.0936924600414581,-615.09,3.69,2026-07-09T12:23:48.180932,ETHUSDT,70,0.05,-0.02,"(30, 70)",ema20_gt_ema50_and_ema50_gt_ema200,False,True
131,41,90,31.3,5635.73,-5152.94,482.79,1.0937,1.0936924600414581,-615.09,3.69,2026-07-09T12:24:02.850981,ETHUSDT,70,0.05,-0.02,"(35, 70)",ema50_gt_ema200,False,True
131,41,90,31.3,5635.73,-5152.94,482.79,1.0937,1.0936924600414581,-615.09,3.69,2026-07-09T12:24:17.212069,ETHUSDT,70,0.05,-0.02,"(35, 70)",ema20_gt_ema50_and_ema50_gt_ema200,False,True
131,41,90,31.3,5635.73,-5152.94,482.79,1.0937,1.0936924600414581,-615.09,3.69,2026-07-09T12:28:01.175806,ETHUSDT,80,0.05,-0.02,"(30, 70)",ema50_gt_ema200,False,True
131,41,90,31.3,5635.73,-5152.94,482.79,1.0937,1.0936924600414581,-615.09,3.69,2026-07-09T12:28:13.614728,ETHUSDT,80,0.05,-0.02,"(30, 70)",ema20_gt_ema50_and_ema50_gt_ema200,False,True
131,41,90,31.3,5635.73,-5152.94,482.79,1.0937,1.0936924600414581,-615.09,3.69,2026-07-09T12:28:25.901416,ETHUSDT,80,0.05,-0.02,"(35, 70)",ema50_gt_ema200,False,True
131,41,90,31.3,5635.73,-5152.94,482.79,1.0937,1.0936924600414581,-615.09,3.69,2026-07-09T12:28:38.469138,ETHUSDT,80,0.05,-0.02,"(35, 70)",ema20_gt_ema50_and_ema50_gt_ema200,False,True
136,36,100,26.47,6399.61,-5867.46,532.15,1.0907,1.0906951482271865,-1738.46,3.91,2026-07-09T12:57:28.792488,BNBUSDT,60,0.05,-0.015,None,ema50_gt_ema200,False,True
136,36,100,26.47,6399.61,-5867.46,532.15,1.0907,1.0906951482271865,-1738.46,3.91,2026-07-09T12:57:40.547113,BNBUSDT,60,0.05,-0.015,None,ema20_gt_ema50_and_ema50_gt_ema200,False,True
136,36,100,26.47,6399.61,-5867.46,532.15,1.0907,1.0906951482271865,-1738.46,3.91,2026-07-09T13:00:58.615518,BNBUSDT,70,0.05,-0.015,None,ema50_gt_ema200,False,True
136,36,100,26.47,6399.61,-5867.46,532.15,1.0907,1.0906951482271865,-1738.46,3.91,2026-07-09T13:01:10.262359,BNBUSDT,70,0.05,-0.015,None,ema20_gt_ema50_and_ema50_gt_ema200,False,True
136,36,100,26.47,6399.61,-5867.46,532.15,1.0907,1.0906951482271865,-1738.46,3.91,2026-07-09T13:04:36.604898,BNBUSDT,80,0.05,-0.015,None,ema50_gt_ema200,False,True
136,36,100,26.47,6399.61,-5867.46,532.15,1.0907,1.0906951482271865,-1738.46,3.91,2026-07-09T13:04:48.002947,BNBUSDT,80,0.05,-0.015,None,ema20_gt_ema50_and_ema50_gt_ema200,False,True
133,35,98,26.32,6367.19,-5839.16,528.02,1.0904,1.090427859193542,-1036.22,3.97,2026-07-09T12:21:00.171702,ETHUSDT,60,0.05,-0.015,"(30, 70)",ema50_gt_ema200,True,True
133,35,98,26.32,6367.19,-5839.16,528.02,1.0904,1.090427859193542,-1036.22,3.97,2026-07-09T12:21:13.837536,ETHUSDT,60,0.05,-0.015,"(30, 70)",ema20_gt_ema50_and_ema50_gt_ema200,True,True
133,35,98,26.32,6367.19,-5839.16,528.02,1.0904,1.090427859193542,-1036.22,3.97,2026-07-09T12:25:07.635624,ETHUSDT,70,0.05,-0.015,"(30, 70)",ema50_gt_ema200,True,True
133,35,98,26.32,6367.19,-5839.16,528.02,1.0904,1.090427859193542,-1036.22,3.97,2026-07-09T12:25:28.010912,ETHUSDT,70,0.05,-0.015,"(30, 70)",ema20_gt_ema50_and_ema50_gt_ema200,True,True
133,35,98,26.32,6367.19,-5839.16,528.02,1.0904,1.090427859193542,-1036.22,3.97,2026-07-09T12:29:24.682339,ETHUSDT,80,0.05,-0.015,"(30, 70)",ema50_gt_ema200,True,True
133,35,98,26.32,6367.19,-5839.16,528.02,1.0904,1.090427859193542,-1036.22,3.97,2026-07-09T12:29:36.243357,ETHUSDT,80,0.05,-0.015,"(30, 70)",ema20_gt_ema50_and_ema50_gt_ema200,True,True
133,35,98,26.32,6367.19,-5872.72,494.46,1.0842,1.0841967530938672,-1069.78,3.72,2026-07-09T12:21:26.518932,ETHUSDT,60,0.05,-0.015,"(35, 70)",ema50_gt_ema200,True,True
133,35,98,26.32,6367.19,-5872.72,494.46,1.0842,1.0841967530938672,-1069.78,3.72,2026-07-09T12:21:39.514330,ETHUSDT,60,0.05,-0.015,"(35, 70)",ema20_gt_ema50_and_ema50_gt_ema200,True,True
133,35,98,26.32,6367.19,-5872.72,494.46,1.0842,1.0841967530938672,-1069.78,3.72,2026-07-09T12:25:40.344924,ETHUSDT,70,0.05,-0.015,"(35, 70)",ema50_gt_ema200,True,True
133,35,98,26.32,6367.19,-5872.72,494.46,1.0842,1.0841967530938672,-1069.78,3.72,2026-07-09T12:25:58.533718,ETHUSDT,70,0.05,-0.015,"(35, 70)",ema20_gt_ema50_and_ema50_gt_ema200,True,True
133,35,98,26.32,6367.19,-5872.72,494.46,1.0842,1.0841967530938672,-1069.78,3.72,2026-07-09T12:29:47.783822,ETHUSDT,80,0.05,-0.015,"(35, 70)",ema50_gt_ema200,True,True
133,35,98,26.32,6367.19,-5872.72,494.46,1.0842,1.0841967530938672,-1069.78,3.72,2026-07-09T12:29:59.169242,ETHUSDT,80,0.05,-0.015,"(35, 70)",ema20_gt_ema50_and_ema50_gt_ema200,True,True
147,38,109,25.85,6951.23,-6414.69,536.54,1.0836,1.0836425090178927,-925.37,3.65,2026-07-09T12:20:29.446963,ETHUSDT,60,0.05,-0.015,None,ema50_gt_ema200,True,False
147,38,109,25.85,6951.23,-6414.69,536.54,1.0836,1.0836425090178927,-925.37,3.65,2026-07-09T12:20:42.288968,ETHUSDT,60,0.05,-0.015,None,ema20_gt_ema50_and_ema50_gt_ema200,True,False
147,38,109,25.85,6951.23,-6414.69,536.54,1.0836,1.0836425090178927,-925.37,3.65,2026-07-09T12:24:35.480969,ETHUSDT,70,0.05,-0.015,None,ema50_gt_ema200,True,False
147,38,109,25.85,6951.23,-6414.69,536.54,1.0836,1.0836425090178927,-925.37,3.65,2026-07-09T12:24:48.300872,ETHUSDT,70,0.05,-0.015,None,ema20_gt_ema50_and_ema50_gt_ema200,True,False
147,38,109,25.85,6951.23,-6414.69,536.54,1.0836,1.0836425090178927,-925.37,3.65,2026-07-09T12:28:55.753120,ETHUSDT,80,0.05,-0.015,None,ema50_gt_ema200,True,False
147,38,109,25.85,6951.23,-6414.69,536.54,1.0836,1.0836425090178927,-925.37,3.65,2026-07-09T12:29:09.690642,ETHUSDT,80,0.05,-0.015,None,ema20_gt_ema50_and_ema50_gt_ema200,True,False
147,53,94,36.05,5849.8,-5413.02,436.78,1.0807,1.0806907273640391,-675.88,2.97,2026-07-09T12:17:55.530498,ETHUSDT,60,0.04,-0.02,"(30, 70)",ema50_gt_ema200,False,True
147,53,94,36.05,5849.8,-5413.02,436.78,1.0807,1.0806907273640391,-675.88,2.97,2026-07-09T12:18:09.558320,ETHUSDT,60,0.04,-0.02,"(30, 70)",ema20_gt_ema50_and_ema50_gt_ema200,False,True
147,53,94,36.05,5849.8,-5413.02,436.78,1.0807,1.0806907273640391,-675.88,2.97,2026-07-09T12:18:27.236412,ETHUSDT,60,0.04,-0.02,"(35, 70)",ema50_gt_ema200,False,True
147,53,94,36.05,5849.8,-5413.02,436.78,1.0807,1.0806907273640391,-675.88,2.97,2026-07-09T12:18:44.328598,ETHUSDT,60,0.04,-0.02,"(35, 70)",ema20_gt_ema50_and_ema50_gt_ema200,False,True
147,53,94,36.05,5849.8,-5413.02,436.78,1.0807,1.0806907273640391,-675.88,2.97,2026-07-09T12:22:13.120771,ETHUSDT,70,0.04,-0.02,"(30, 70)",ema50_gt_ema200,False,True
147,53,94,36.05,5849.8,-5413.02,436.78,1.0807,1.0806907273640391,-675.88,2.97,2026-07-09T12:22:25.812261,ETHUSDT,70,0.04,-0.02,"(30, 70)",ema20_gt_ema50_and_ema50_gt_ema200,False,True
147,53,94,36.05,5849.8,-5413.02,436.78,1.0807,1.0806907273640391,-675.88,2.97,2026-07-09T12:22:38.021779,ETHUSDT,70,0.04,-0.02,"(35, 70)",ema50_gt_ema200,False,True
147,53,94,36.05,5849.8,-5413.02,436.78,1.0807,1.0806907273640391,-675.88,2.97,2026-07-09T12:22:50.815011,ETHUSDT,70,0.04,-0.02,"(35, 70)",ema20_gt_ema50_and_ema50_gt_ema200,False,True
147,53,94,36.05,5849.8,-5413.02,436.78,1.0807,1.0806907273640391,-675.88,2.97,2026-07-09T12:26:42.201963,ETHUSDT,80,0.04,-0.02,"(30, 70)",ema50_gt_ema200,False,True
147,53,94,36.05,5849.8,-5413.02,436.78,1.0807,1.0806907273640391,-675.88,2.97,2026-07-09T12:26:56.018402,ETHUSDT,80,0.04,-0.02,"(30, 70)",ema20_gt_ema50_and_ema50_gt_ema200,False,True
147,53,94,36.05,5849.8,-5413.02,436.78,1.0807,1.0806907273640391,-675.88,2.97,2026-07-09T12:27:09.744453,ETHUSDT,80,0.04,-0.02,"(35, 70)",ema50_gt_ema200,False,True
147,53,94,36.05,5849.8,-5413.02,436.78,1.0807,1.0806907273640391,-675.88,2.97,2026-07-09T12:27:22.617745,ETHUSDT,80,0.04,-0.02,"(35, 70)",ema20_gt_ema50_and_ema50_gt_ema200,False,True
113,41,72,36.28,4442.4,-4123.22,319.18,1.0774,1.0774101257455222,-1152.76,2.82,2026-07-09T12:55:25.146693,BNBUSDT,60,0.04,-0.02,"(30, 70)",ema50_gt_ema200,True,False
113,41,72,36.28,4442.4,-4123.22,319.18,1.0774,1.0774101257455222,-1152.76,2.82,2026-07-09T12:55:37.116007,BNBUSDT,60,0.04,-0.02,"(30, 70)",ema20_gt_ema50_and_ema50_gt_ema200,True,False
113,41,72,36.28,4442.4,-4123.22,319.18,1.0774,1.0774101257455222,-1152.76,2.82,2026-07-09T12:55:49.903558,BNBUSDT,60,0.04,-0.02,"(35, 70)",ema50_gt_ema200,True,False
113,41,72,36.28,4442.4,-4123.22,319.18,1.0774,1.0774101257455222,-1152.76,2.82,2026-07-09T12:56:02.646305,BNBUSDT,60,0.04,-0.02,"(35, 70)",ema20_gt_ema50_and_ema50_gt_ema200,True,False
113,41,72,36.28,4442.4,-4123.22,319.18,1.0774,1.0774101257455222,-1152.76,2.82,2026-07-09T12:59:04.907635,BNBUSDT,70,0.04,-0.02,"(30, 70)",ema50_gt_ema200,True,False
113,41,72,36.28,4442.4,-4123.22,319.18,1.0774,1.0774101257455222,-1152.76,2.82,2026-07-09T12:59:16.488008,BNBUSDT,70,0.04,-0.02,"(30, 70)",ema20_gt_ema50_and_ema50_gt_ema200,True,False
113,41,72,36.28,4442.4,-4123.22,319.18,1.0774,1.0774101257455222,-1152.76,2.82,2026-07-09T12:59:28.027455,BNBUSDT,70,0.04,-0.02,"(35, 70)",ema50_gt_ema200,True,False
113,41,72,36.28,4442.4,-4123.22,319.18,1.0774,1.0774101257455222,-1152.76,2.82,2026-07-09T12:59:39.668857,BNBUSDT,70,0.04,-0.02,"(35, 70)",ema20_gt_ema50_and_ema50_gt_ema200,True,False
113,41,72,36.28,4442.4,-4123.22,319.18,1.0774,1.0774101257455222,-1152.76,2.82,2026-07-09T13:02:39.995873,BNBUSDT,80,0.04,-0.02,"(30, 70)",ema50_gt_ema200,True,False
113,41,72,36.28,4442.4,-4123.22,319.18,1.0774,1.0774101257455222,-1152.76,2.82,2026-07-09T13:02:53.412192,BNBUSDT,80,0.04,-0.02,"(30, 70)",ema20_gt_ema50_and_ema50_gt_ema200,True,False
113,41,72,36.28,4442.4,-4123.22,319.18,1.0774,1.0774101257455222,-1152.76,2.82,2026-07-09T13:03:06.563086,BNBUSDT,80,0.04,-0.02,"(35, 70)",ema50_gt_ema200,True,False
113,41,72,36.28,4442.4,-4123.22,319.18,1.0774,1.0774101257455222,-1152.76,2.82,2026-07-09T13:03:18.180004,BNBUSDT,80,0.04,-0.02,"(35, 70)",ema20_gt_ema50_and_ema50_gt_ema200,True,False
157,58,99,36.94,6356.61,-5903.56,453.05,1.0767,1.0767418133743636,-540.4,2.89,2026-07-09T12:17:31.539289,ETHUSDT,60,0.04,-0.02,None,ema50_gt_ema200,False,True
157,58,99,36.94,6356.61,-5903.56,453.05,1.0767,1.0767418133743636,-540.4,2.89,2026-07-09T12:17:43.399854,ETHUSDT,60,0.04,-0.02,None,ema20_gt_ema50_and_ema50_gt_ema200,False,True
157,58,99,36.94,6356.61,-5903.56,453.05,1.0767,1.0767418133743636,-540.4,2.89,2026-07-09T12:21:45.881522,ETHUSDT,70,0.04,-0.02,None,ema50_gt_ema200,False,True
157,58,99,36.94,6356.61,-5903.56,453.05,1.0767,1.0767418133743636,-540.4,2.89,2026-07-09T12:21:58.663711,ETHUSDT,70,0.04,-0.02,None,ema20_gt_ema50_and_ema50_gt_ema200,False,True
157,58,99,36.94,6356.61,-5903.56,453.05,1.0767,1.0767418133743636,-540.4,2.89,2026-07-09T12:26:10.100455,ETHUSDT,80,0.04,-0.02,None,ema50_gt_ema200,False,True
157,58,99,36.94,6356.61,-5903.56,453.05,1.0767,1.0767418133743636,-540.4,2.89,2026-07-09T12:26:25.128799,ETHUSDT,80,0.04,-0.02,None,ema20_gt_ema50_and_ema50_gt_ema200,False,True
166,60,106,36.14,6580.57,-6134.18,446.39,1.0728,1.0727708997976484,-624.28,2.69,2026-07-09T12:17:28.152417,ETHUSDT,60,0.04,-0.02,None,ema50_gt_ema200,False,False
166,60,106,36.14,6580.57,-6134.18,446.39,1.0728,1.0727708997976484,-624.28,2.69,2026-07-09T12:17:40.468636,ETHUSDT,60,0.04,-0.02,None,ema20_gt_ema50_and_ema50_gt_ema200,False,False
166,60,106,36.14,6580.57,-6134.18,446.39,1.0728,1.0727708997976484,-624.28,2.69,2026-07-09T12:21:42.817389,ETHUSDT,70,0.04,-0.02,None,ema50_gt_ema200,False,False
166,60,106,36.14,6580.57,-6134.18,446.39,1.0728,1.0727708997976484,-624.28,2.69,2026-07-09T12:21:55.463039,ETHUSDT,70,0.04,-0.02,None,ema20_gt_ema50_and_ema50_gt_ema200,False,False
166,60,106,36.14,6580.57,-6134.18,446.39,1.0728,1.0727708997976484,-624.28,2.69,2026-07-09T12:26:03.113381,ETHUSDT,80,0.04,-0.02,None,ema50_gt_ema200,False,False
166,60,106,36.14,6580.57,-6134.18,446.39,1.0728,1.0727708997976484,-624.28,2.69,2026-07-09T12:26:22.054614,ETHUSDT,80,0.04,-0.02,None,ema20_gt_ema50_and_ema50_gt_ema200,False,False
141,37,104,26.24,6597.44,-6160.26,437.18,1.071,1.0709676142700812,-1661.63,3.1,2026-07-09T12:57:25.907468,BNBUSDT,60,0.05,-0.015,None,ema50_gt_ema200,False,False
141,37,104,26.24,6597.44,-6160.26,437.18,1.071,1.0709676142700812,-1661.63,3.1,2026-07-09T12:57:37.639200,BNBUSDT,60,0.05,-0.015,None,ema20_gt_ema50_and_ema50_gt_ema200,False,False
141,37,104,26.24,6597.44,-6160.26,437.18,1.071,1.0709676142700812,-1661.63,3.1,2026-07-09T13:00:55.784701,BNBUSDT,70,0.05,-0.015,None,ema50_gt_ema200,False,False
141,37,104,26.24,6597.44,-6160.26,437.18,1.071,1.0709676142700812,-1661.63,3.1,2026-07-09T13:01:07.370116,BNBUSDT,70,0.05,-0.015,None,ema20_gt_ema50_and_ema50_gt_ema200,False,False
141,37,104,26.24,6597.44,-6160.26,437.18,1.071,1.0709676142700812,-1661.63,3.1,2026-07-09T13:04:33.743731,BNBUSDT,80,0.05,-0.015,None,ema50_gt_ema200,False,False
141,37,104,26.24,6597.44,-6160.26,437.18,1.071,1.0709676142700812,-1661.63,3.1,2026-07-09T13:04:45.128659,BNBUSDT,80,0.05,-0.015,None,ema20_gt_ema50_and_ema50_gt_ema200,False,False
108,34,74,31.48,4512.27,-4217.04,295.23,1.07,1.0700089074346024,-1224.13,2.73,2026-07-09T12:56:33.295469,BNBUSDT,60,0.05,-0.02,"(30, 70)",ema50_gt_ema200,False,False
108,34,74,31.48,4512.27,-4217.04,295.23,1.07,1.0700089074346024,-1224.13,2.73,2026-07-09T12:56:46.412347,BNBUSDT,60,0.05,-0.02,"(30, 70)",ema20_gt_ema50_and_ema50_gt_ema200,False,False
108,34,74,31.48,4512.27,-4217.04,295.23,1.07,1.0700089074346024,-1224.13,2.73,2026-07-09T12:57:02.174568,BNBUSDT,60,0.05,-0.02,"(35, 70)",ema50_gt_ema200,False,False
108,34,74,31.48,4512.27,-4217.04,295.23,1.07,1.0700089074346024,-1224.13,2.73,2026-07-09T12:57:14.083708,BNBUSDT,60,0.05,-0.02,"(35, 70)",ema20_gt_ema50_and_ema50_gt_ema200,False,False
108,34,74,31.48,4512.27,-4217.04,295.23,1.07,1.0700089074346024,-1224.13,2.73,2026-07-09T13:00:09.141659,BNBUSDT,70,0.05,-0.02,"(30, 70)",ema50_gt_ema200,False,False
108,34,74,31.48,4512.27,-4217.04,295.23,1.07,1.0700089074346024,-1224.13,2.73,2026-07-09T13:00:20.755355,BNBUSDT,70,0.05,-0.02,"(30, 70)",ema20_gt_ema50_and_ema50_gt_ema200,False,False
108,34,74,31.48,4512.27,-4217.04,295.23,1.07,1.0700089074346024,-1224.13,2.73,2026-07-09T13:00:32.296161,BNBUSDT,70,0.05,-0.02,"(35, 70)",ema50_gt_ema200,False,False
108,34,74,31.48,4512.27,-4217.04,295.23,1.07,1.0700089074346024,-1224.13,2.73,2026-07-09T13:00:43.875941,BNBUSDT,70,0.05,-0.02,"(35, 70)",ema20_gt_ema50_and_ema50_gt_ema200,False,False
108,34,74,31.48,4512.27,-4217.04,295.23,1.07,1.0700089074346024,-1224.13,2.73,2026-07-09T13:03:47.269599,BNBUSDT,80,0.05,-0.02,"(30, 70)",ema50_gt_ema200,False,False
108,34,74,31.48,4512.27,-4217.04,295.23,1.07,1.0700089074346024,-1224.13,2.73,2026-07-09T13:03:58.994327,BNBUSDT,80,0.05,-0.02,"(30, 70)",ema20_gt_ema50_and_ema50_gt_ema200,False,False
108,34,74,31.48,4512.27,-4217.04,295.23,1.07,1.0700089074346024,-1224.13,2.73,2026-07-09T13:04:10.699615,BNBUSDT,80,0.05,-0.02,"(35, 70)",ema50_gt_ema200,False,False
108,34,74,31.48,4512.27,-4217.04,295.23,1.07,1.0700089074346024,-1224.13,2.73,2026-07-09T13:04:22.203242,BNBUSDT,80,0.05,-0.02,"(35, 70)",ema20_gt_ema50_and_ema50_gt_ema200,False,False
135,42,93,31.11,5825.05,-5461.87,363.17,1.0665,1.0664924102521947,-706.73,2.69,2026-07-09T12:18:56.065554,ETHUSDT,60,0.05,-0.02,None,ema50_gt_ema200,False,False
135,42,93,31.11,5825.05,-5461.87,363.17,1.0665,1.0664924102521947,-706.73,2.69,2026-07-09T12:19:08.496163,ETHUSDT,60,0.05,-0.02,None,ema20_gt_ema50_and_ema50_gt_ema200,False,False
135,42,93,31.11,5825.05,-5461.87,363.17,1.0665,1.0664924102521947,-706.73,2.69,2026-07-09T12:23:02.172259,ETHUSDT,70,0.05,-0.02,None,ema50_gt_ema200,False,False
135,42,93,31.11,5825.05,-5461.87,363.17,1.0665,1.0664924102521947,-706.73,2.69,2026-07-09T12:23:16.221266,ETHUSDT,70,0.05,-0.02,None,ema20_gt_ema50_and_ema50_gt_ema200,False,False
135,42,93,31.11,5825.05,-5461.87,363.17,1.0665,1.0664924102521947,-706.73,2.69,2026-07-09T12:27:32.239733,ETHUSDT,80,0.05,-0.02,None,ema50_gt_ema200,False,False
135,42,93,31.11,5825.05,-5461.87,363.17,1.0665,1.0664924102521947,-706.73,2.69,2026-07-09T12:27:44.344407,ETHUSDT,80,0.05,-0.02,None,ema20_gt_ema50_and_ema50_gt_ema200,False,False
148,53,95,35.81,5881.6,-5548.8,332.8,1.06,1.0599769705290136,-753.6,2.25,2026-07-09T12:17:34.581582,ETHUSDT,60,0.04,-0.02,None,ema50_gt_ema200,True,False
148,53,95,35.81,5881.6,-5548.8,332.8,1.06,1.0599769705290136,-753.6,2.25,2026-07-09T12:17:46.643989,ETHUSDT,60,0.04,-0.02,None,ema20_gt_ema50_and_ema50_gt_ema200,True,False
148,53,95,35.81,5881.6,-5548.8,332.8,1.06,1.0599769705290136,-753.6,2.25,2026-07-09T12:21:49.058941,ETHUSDT,70,0.04,-0.02,None,ema50_gt_ema200,True,False
148,53,95,35.81,5881.6,-5548.8,332.8,1.06,1.0599769705290136,-753.6,2.25,2026-07-09T12:22:02.044787,ETHUSDT,70,0.04,-0.02,None,ema20_gt_ema50_and_ema50_gt_ema200,True,False
148,53,95,35.81,5881.6,-5548.8,332.8,1.06,1.0599769705290136,-753.6,2.25,2026-07-09T12:26:15.112626,ETHUSDT,80,0.04,-0.02,None,ema50_gt_ema200,True,False
148,53,95,35.81,5881.6,-5548.8,332.8,1.06,1.0599769705290136,-753.6,2.25,2026-07-09T12:26:28.841425,ETHUSDT,80,0.04,-0.02,None,ema20_gt_ema50_and_ema50_gt_ema200,True,False
153,39,114,25.49,7174.1,-6772.76,401.34,1.0593,1.0592586478776749,-1215.67,2.62,2026-07-09T12:20:26.249763,ETHUSDT,60,0.05,-0.015,None,ema50_gt_ema200,False,True
153,39,114,25.49,7174.1,-6772.76,401.34,1.0593,1.0592586478776749,-1215.67,2.62,2026-07-09T12:20:38.874185,ETHUSDT,60,0.05,-0.015,None,ema20_gt_ema50_and_ema50_gt_ema200,False,True
153,39,114,25.49,7174.1,-6772.76,401.34,1.0593,1.0592586478776749,-1215.67,2.62,2026-07-09T12:24:31.629358,ETHUSDT,70,0.05,-0.015,None,ema50_gt_ema200,False,True
153,39,114,25.49,7174.1,-6772.76,401.34,1.0593,1.0592586478776749,-1215.67,2.62,2026-07-09T12:24:44.930898,ETHUSDT,70,0.05,-0.015,None,ema20_gt_ema50_and_ema50_gt_ema200,False,True
153,39,114,25.49,7174.1,-6772.76,401.34,1.0593,1.0592586478776749,-1215.67,2.62,2026-07-09T12:28:52.656863,ETHUSDT,80,0.05,-0.015,None,ema50_gt_ema200,False,True
153,39,114,25.49,7174.1,-6772.76,401.34,1.0593,1.0592586478776749,-1215.67,2.62,2026-07-09T12:29:05.737627,ETHUSDT,80,0.05,-0.015,None,ema20_gt_ema50_and_ema50_gt_ema200,False,True
160,57,103,35.62,6211.11,-5871.9,339.2,1.0578,1.0577671596017781,-881.5,2.12,2026-07-09T12:17:52.703800,ETHUSDT,60,0.04,-0.02,"(30, 70)",ema50_gt_ema200,False,False
160,57,103,35.62,6211.11,-5871.9,339.2,1.0578,1.0577671596017781,-881.5,2.12,2026-07-09T12:18:05.454004,ETHUSDT,60,0.04,-0.02,"(30, 70)",ema20_gt_ema50_and_ema50_gt_ema200,False,False
160,57,103,35.62,6211.11,-5871.9,339.2,1.0578,1.0577671596017781,-881.5,2.12,2026-07-09T12:18:22.655107,ETHUSDT,60,0.04,-0.02,"(35, 70)",ema50_gt_ema200,False,False
160,57,103,35.62,6211.11,-5871.9,339.2,1.0578,1.0577671596017781,-881.5,2.12,2026-07-09T12:18:40.650690,ETHUSDT,60,0.04,-0.02,"(35, 70)",ema20_gt_ema50_and_ema50_gt_ema200,False,False
160,57,103,35.62,6211.11,-5871.9,339.2,1.0578,1.0577671596017781,-881.5,2.12,2026-07-09T12:22:09.762684,ETHUSDT,70,0.04,-0.02,"(30, 70)",ema50_gt_ema200,False,False
160,57,103,35.62,6211.11,-5871.9,339.2,1.0578,1.0577671596017781,-881.5,2.12,2026-07-09T12:22:22.526051,ETHUSDT,70,0.04,-0.02,"(30, 70)",ema20_gt_ema50_and_ema50_gt_ema200,False,False
160,57,103,35.62,6211.11,-5871.9,339.2,1.0578,1.0577671596017781,-881.5,2.12,2026-07-09T12:22:34.891959,ETHUSDT,70,0.04,-0.02,"(35, 70)",ema50_gt_ema200,False,False
160,57,103,35.62,6211.11,-5871.9,339.2,1.0578,1.0577671596017781,-881.5,2.12,2026-07-09T12:22:47.467976,ETHUSDT,70,0.04,-0.02,"(35, 70)",ema20_gt_ema50_and_ema50_gt_ema200,False,False
160,57,103,35.62,6211.11,-5871.9,339.2,1.0578,1.0577671596017781,-881.5,2.12,2026-07-09T12:26:36.653678,ETHUSDT,80,0.04,-0.02,"(30, 70)",ema50_gt_ema200,False,False
160,57,103,35.62,6211.11,-5871.9,339.2,1.0578,1.0577671596017781,-881.5,2.12,2026-07-09T12:26:52.499622,ETHUSDT,80,0.04,-0.02,"(30, 70)",ema20_gt_ema50_and_ema50_gt_ema200,False,False
160,57,103,35.62,6211.11,-5871.9,339.2,1.0578,1.0577671596017781,-881.5,2.12,2026-07-09T12:27:06.566759,ETHUSDT,80,0.04,-0.02,"(35, 70)",ema50_gt_ema200,False,False
160,57,103,35.62,6211.11,-5871.9,339.2,1.0578,1.0577671596017781,-881.5,2.12,2026-07-09T12:27:19.465945,ETHUSDT,80,0.04,-0.02,"(35, 70)",ema20_gt_ema50_and_ema50_gt_ema200,False,False
123,38,85,30.89,5192.99,-4914.61,278.38,1.0566,1.0566427471006956,-729.57,2.26,2026-07-09T12:19:02.321906,ETHUSDT,60,0.05,-0.02,None,ema50_gt_ema200,True,False
123,38,85,30.89,5192.99,-4914.61,278.38,1.0566,1.0566427471006956,-729.57,2.26,2026-07-09T12:19:15.487502,ETHUSDT,60,0.05,-0.02,None,ema20_gt_ema50_and_ema50_gt_ema200,True,False
123,38,85,30.89,5192.99,-4914.61,278.38,1.0566,1.0566427471006956,-729.57,2.26,2026-07-09T12:23:08.783771,ETHUSDT,70,0.05,-0.02,None,ema50_gt_ema200,True,False
123,38,85,30.89,5192.99,-4914.61,278.38,1.0566,1.0566427471006956,-729.57,2.26,2026-07-09T12:23:23.233401,ETHUSDT,70,0.05,-0.02,None,ema20_gt_ema50_and_ema50_gt_ema200,True,False
123,38,85,30.89,5192.99,-4914.61,278.38,1.0566,1.0566427471006956,-729.57,2.26,2026-07-09T12:27:38.407639,ETHUSDT,80,0.05,-0.02,None,ema50_gt_ema200,True,False
123,38,85,30.89,5192.99,-4914.61,278.38,1.0566,1.0566427471006956,-729.57,2.26,2026-07-09T12:27:50.993006,ETHUSDT,80,0.05,-0.02,None,ema20_gt_ema50_and_ema50_gt_ema200,True,False
140,36,104,25.71,6374.74,-6126.35,248.39,1.0405,1.0405450322174907,-1573.45,1.77,2026-07-09T12:57:49.414035,BNBUSDT,60,0.05,-0.015,"(30, 70)",ema50_gt_ema200,False,False
140,36,104,25.71,6374.74,-6126.35,248.39,1.0405,1.0405450322174907,-1573.45,1.77,2026-07-09T12:58:01.303758,BNBUSDT,60,0.05,-0.015,"(30, 70)",ema20_gt_ema50_and_ema50_gt_ema200,False,False
140,36,104,25.71,6374.74,-6126.35,248.39,1.0405,1.0405450322174907,-1573.45,1.77,2026-07-09T12:58:12.959260,BNBUSDT,60,0.05,-0.015,"(35, 70)",ema50_gt_ema200,False,False
140,36,104,25.71,6374.74,-6126.35,248.39,1.0405,1.0405450322174907,-1573.45,1.77,2026-07-09T12:58:24.541931,BNBUSDT,60,0.05,-0.015,"(35, 70)",ema20_gt_ema50_and_ema50_gt_ema200,False,False
140,36,104,25.71,6374.74,-6126.35,248.39,1.0405,1.0405450322174907,-1573.45,1.77,2026-07-09T13:01:19.753148,BNBUSDT,70,0.05,-0.015,"(30, 70)",ema50_gt_ema200,False,False
140,36,104,25.71,6374.74,-6126.35,248.39,1.0405,1.0405450322174907,-1573.45,1.77,2026-07-09T13:01:32.503387,BNBUSDT,70,0.05,-0.015,"(30, 70)",ema20_gt_ema50_and_ema50_gt_ema200,False,False
140,36,104,25.71,6374.74,-6126.35,248.39,1.0405,1.0405450322174907,-1573.45,1.77,2026-07-09T13:01:44.235540,BNBUSDT,70,0.05,-0.015,"(35, 70)",ema50_gt_ema200,False,False
140,36,104,25.71,6374.74,-6126.35,248.39,1.0405,1.0405450322174907,-1573.45,1.77,2026-07-09T13:01:55.684779,BNBUSDT,70,0.05,-0.015,"(35, 70)",ema20_gt_ema50_and_ema50_gt_ema200,False,False
140,36,104,25.71,6374.74,-6126.35,248.39,1.0405,1.0405450322174907,-1573.45,1.77,2026-07-09T13:04:56.694503,BNBUSDT,80,0.05,-0.015,"(30, 70)",ema50_gt_ema200,False,False
140,36,104,25.71,6374.74,-6126.35,248.39,1.0405,1.0405450322174907,-1573.45,1.77,2026-07-09T13:05:08.357650,BNBUSDT,80,0.05,-0.015,"(30, 70)",ema20_gt_ema50_and_ema50_gt_ema200,False,False
140,36,104,25.71,6374.74,-6126.35,248.39,1.0405,1.0405450322174907,-1573.45,1.77,2026-07-09T13:05:19.900307,BNBUSDT,80,0.05,-0.015,"(35, 70)",ema50_gt_ema200,False,False
140,36,104,25.71,6374.74,-6126.35,248.39,1.0405,1.0405450322174907,-1573.45,1.77,2026-07-09T13:05:31.477307,BNBUSDT,80,0.05,-0.015,"(35, 70)",ema20_gt_ema50_and_ema50_gt_ema200,False,False
123,43,80,34.96,4722.22,-4578.87,143.35,1.0313,1.031305960869116,-1224.21,1.17,2026-07-09T12:55:18.976152,BNBUSDT,60,0.04,-0.02,"(30, 70)",ema50_gt_ema200,False,False
123,43,80,34.96,4722.22,-4578.87,143.35,1.0313,1.031305960869116,-1224.21,1.17,2026-07-09T12:55:31.112670,BNBUSDT,60,0.04,-0.02,"(30, 70)",ema20_gt_ema50_and_ema50_gt_ema200,False,False
123,43,80,34.96,4722.22,-4578.87,143.35,1.0313,1.031305960869116,-1224.21,1.17,2026-07-09T12:55:43.094335,BNBUSDT,60,0.04,-0.02,"(35, 70)",ema50_gt_ema200,False,False
123,43,80,34.96,4722.22,-4578.87,143.35,1.0313,1.031305960869116,-1224.21,1.17,2026-07-09T12:55:56.686398,BNBUSDT,60,0.04,-0.02,"(35, 70)",ema20_gt_ema50_and_ema50_gt_ema200,False,False
123,43,80,34.96,4722.22,-4578.87,143.35,1.0313,1.031305960869116,-1224.21,1.17,2026-07-09T12:58:59.051192,BNBUSDT,70,0.04,-0.02,"(30, 70)",ema50_gt_ema200,False,False
123,43,80,34.96,4722.22,-4578.87,143.35,1.0313,1.031305960869116,-1224.21,1.17,2026-07-09T12:59:10.732608,BNBUSDT,70,0.04,-0.02,"(30, 70)",ema20_gt_ema50_and_ema50_gt_ema200,False,False
123,43,80,34.96,4722.22,-4578.87,143.35,1.0313,1.031305960869116,-1224.21,1.17,2026-07-09T12:59:22.321135,BNBUSDT,70,0.04,-0.02,"(35, 70)",ema50_gt_ema200,False,False
123,43,80,34.96,4722.22,-4578.87,143.35,1.0313,1.031305960869116,-1224.21,1.17,2026-07-09T12:59:33.831458,BNBUSDT,70,0.04,-0.02,"(35, 70)",ema20_gt_ema50_and_ema50_gt_ema200,False,False
123,43,80,34.96,4722.22,-4578.87,143.35,1.0313,1.031305960869116,-1224.21,1.17,2026-07-09T13:02:33.491437,BNBUSDT,80,0.04,-0.02,"(30, 70)",ema50_gt_ema200,False,False
123,43,80,34.96,4722.22,-4578.87,143.35,1.0313,1.031305960869116,-1224.21,1.17,2026-07-09T13:02:46.525976,BNBUSDT,80,0.04,-0.02,"(30, 70)",ema20_gt_ema50_and_ema50_gt_ema200,False,False
123,43,80,34.96,4722.22,-4578.87,143.35,1.0313,1.031305960869116,-1224.21,1.17,2026-07-09T13:03:00.458388,BNBUSDT,80,0.04,-0.02,"(35, 70)",ema50_gt_ema200,False,False
123,43,80,34.96,4722.22,-4578.87,143.35,1.0313,1.031305960869116,-1224.21,1.17,2026-07-09T13:03:12.389737,BNBUSDT,80,0.04,-0.02,"(35, 70)",ema20_gt_ema50_and_ema50_gt_ema200,False,False
120,42,78,35.0,4566.55,-4438.1,128.45,1.0289,1.0289427693131883,-1162.55,1.07,2026-07-09T12:55:21.996281,BNBUSDT,60,0.04,-0.02,"(30, 70)",ema50_gt_ema200,False,True
120,42,78,35.0,4566.55,-4438.1,128.45,1.0289,1.0289427693131883,-1162.55,1.07,2026-07-09T12:55:34.112431,BNBUSDT,60,0.04,-0.02,"(30, 70)",ema20_gt_ema50_and_ema50_gt_ema200,False,True
120,42,78,35.0,4566.55,-4438.1,128.45,1.0289,1.0289427693131883,-1162.55,1.07,2026-07-09T12:55:46.559484,BNBUSDT,60,0.04,-0.02,"(35, 70)",ema50_gt_ema200,False,True
120,42,78,35.0,4566.55,-4438.1,128.45,1.0289,1.0289427693131883,-1162.55,1.07,2026-07-09T12:55:59.648161,BNBUSDT,60,0.04,-0.02,"(35, 70)",ema20_gt_ema50_and_ema50_gt_ema200,False,True
120,42,78,35.0,4566.55,-4438.1,128.45,1.0289,1.0289427693131883,-1162.55,1.07,2026-07-09T12:59:01.966348,BNBUSDT,70,0.04,-0.02,"(30, 70)",ema50_gt_ema200,False,True
120,42,78,35.0,4566.55,-4438.1,128.45,1.0289,1.0289427693131883,-1162.55,1.07,2026-07-09T12:59:13.621226,BNBUSDT,70,0.04,-0.02,"(30, 70)",ema20_gt_ema50_and_ema50_gt_ema200,False,True
120,42,78,35.0,4566.55,-4438.1,128.45,1.0289,1.0289427693131883,-1162.55,1.07,2026-07-09T12:59:25.175899,BNBUSDT,70,0.04,-0.02,"(35, 70)",ema50_gt_ema200,False,True
120,42,78,35.0,4566.55,-4438.1,128.45,1.0289,1.0289427693131883,-1162.55,1.07,2026-07-09T12:59:36.748694,BNBUSDT,70,0.04,-0.02,"(35, 70)",ema20_gt_ema50_and_ema50_gt_ema200,False,True
120,42,78,35.0,4566.55,-4438.1,128.45,1.0289,1.0289427693131883,-1162.55,1.07,2026-07-09T13:02:36.808879,BNBUSDT,80,0.04,-0.02,"(30, 70)",ema50_gt_ema200,False,True
120,42,78,35.0,4566.55,-4438.1,128.45,1.0289,1.0289427693131883,-1162.55,1.07,2026-07-09T13:02:49.746864,BNBUSDT,80,0.04,-0.02,"(30, 70)",ema20_gt_ema50_and_ema50_gt_ema200,False,True
120,42,78,35.0,4566.55,-4438.1,128.45,1.0289,1.0289427693131883,-1162.55,1.07,2026-07-09T13:03:03.673115,BNBUSDT,80,0.04,-0.02,"(35, 70)",ema50_gt_ema200,False,True
120,42,78,35.0,4566.55,-4438.1,128.45,1.0289,1.0289427693131883,-1162.55,1.07,2026-07-09T13:03:15.277142,BNBUSDT,80,0.04,-0.02,"(35, 70)",ema20_gt_ema50_and_ema50_gt_ema200,False,True
119,36,83,30.25,4903.76,-4782.86,120.9,1.0253,1.0252786434558656,-889.73,1.02,2026-07-09T12:20:03.889600,ETHUSDT,60,0.05,-0.02,"(35, 70)",ema50_gt_ema200,True,False
119,36,83,30.25,4903.76,-4782.86,120.9,1.0253,1.0252786434558656,-889.73,1.02,2026-07-09T12:20:17.027137,ETHUSDT,60,0.05,-0.02,"(35, 70)",ema20_gt_ema50_and_ema50_gt_ema200,True,False
119,36,83,30.25,4903.76,-4782.86,120.9,1.0253,1.0252786434558656,-889.73,1.02,2026-07-09T12:24:06.573651,ETHUSDT,70,0.05,-0.02,"(35, 70)",ema50_gt_ema200,True,False
119,36,83,30.25,4903.76,-4782.86,120.9,1.0253,1.0252786434558656,-889.73,1.02,2026-07-09T12:24:20.654178,ETHUSDT,70,0.05,-0.02,"(35, 70)",ema20_gt_ema50_and_ema50_gt_ema200,True,False
119,36,83,30.25,4903.76,-4782.86,120.9,1.0253,1.0252786434558656,-889.73,1.02,2026-07-09T12:28:29.181416,ETHUSDT,80,0.05,-0.02,"(35, 70)",ema50_gt_ema200,True,False
119,36,83,30.25,4903.76,-4782.86,120.9,1.0253,1.0252786434558656,-889.73,1.02,2026-07-09T12:28:41.681852,ETHUSDT,80,0.05,-0.02,"(35, 70)",ema20_gt_ema50_and_ema50_gt_ema200,True,False
133,46,87,34.59,4975.03,-4866.42,108.61,1.0223,1.022317978724965,-809.51,0.82,2026-07-09T12:43:11.664700,XRPUSDT,60,0.04,-0.02,"(30, 70)",ema50_gt_ema200,True,True
133,46,87,34.59,4975.03,-4866.42,108.61,1.0223,1.022317978724965,-809.51,0.82,2026-07-09T12:43:25.354517,XRPUSDT,60,0.04,-0.02,"(30, 70)",ema20_gt_ema50_and_ema50_gt_ema200,True,True
133,46,87,34.59,4975.03,-4866.42,108.61,1.0223,1.022317978724965,-809.51,0.82,2026-07-09T12:43:38.781484,XRPUSDT,60,0.04,-0.02,"(35, 70)",ema50_gt_ema200,True,True
133,46,87,34.59,4975.03,-4866.42,108.61,1.0223,1.022317978724965,-809.51,0.82,2026-07-09T12:43:51.612597,XRPUSDT,60,0.04,-0.02,"(35, 70)",ema20_gt_ema50_and_ema50_gt_ema200,True,True
133,46,87,34.59,4975.03,-4866.42,108.61,1.0223,1.022317978724965,-809.51,0.82,2026-07-09T12:47:06.052655,XRPUSDT,70,0.04,-0.02,"(30, 70)",ema50_gt_ema200,True,True
133,46,87,34.59,4975.03,-4866.42,108.61,1.0223,1.022317978724965,-809.51,0.82,2026-07-09T12:47:21.350570,XRPUSDT,70,0.04,-0.02,"(30, 70)",ema20_gt_ema50_and_ema50_gt_ema200,True,True
133,46,87,34.59,4975.03,-4866.42,108.61,1.0223,1.022317978724965,-809.51,0.82,2026-07-09T12:47:37.416408,XRPUSDT,70,0.04,-0.02,"(35, 70)",ema50_gt_ema200,True,True
133,46,87,34.59,4975.03,-4866.42,108.61,1.0223,1.022317978724965,-809.51,0.82,2026-07-09T12:47:53.552591,XRPUSDT,70,0.04,-0.02,"(35, 70)",ema20_gt_ema50_and_ema50_gt_ema200,True,True
133,46,87,34.59,4975.03,-4866.42,108.61,1.0223,1.022317978724965,-809.51,0.82,2026-07-09T12:51:20.248093,XRPUSDT,80,0.04,-0.02,"(30, 70)",ema50_gt_ema200,True,True
133,46,87,34.59,4975.03,-4866.42,108.61,1.0223,1.022317978724965,-809.51,0.82,2026-07-09T12:51:32.031248,XRPUSDT,80,0.04,-0.02,"(30, 70)",ema20_gt_ema50_and_ema50_gt_ema200,True,True
133,46,87,34.59,4975.03,-4866.42,108.61,1.0223,1.022317978724965,-809.51,0.82,2026-07-09T12:51:45.672674,XRPUSDT,80,0.04,-0.02,"(35, 70)",ema50_gt_ema200,True,True
133,46,87,34.59,4975.03,-4866.42,108.61,1.0223,1.022317978724965,-809.51,0.82,2026-07-09T12:51:58.254580,XRPUSDT,80,0.04,-0.02,"(35, 70)",ema20_gt_ema50_and_ema50_gt_ema200,True,True
138,34,104,24.64,6066.26,-5937.18,129.08,1.0217,1.0217406272650678,-972.35,0.94,2026-07-09T12:45:20.640505,XRPUSDT,60,0.05,-0.015,None,ema50_gt_ema200,True,True
138,34,104,24.64,6066.26,-5937.18,129.08,1.0217,1.0217406272650678,-972.35,0.94,2026-07-09T12:45:35.133607,XRPUSDT,60,0.05,-0.015,None,ema20_gt_ema50_and_ema50_gt_ema200,True,True
138,34,104,24.64,6066.26,-5937.18,129.08,1.0217,1.0217406272650678,-972.35,0.94,2026-07-09T12:49:29.977293,XRPUSDT,70,0.05,-0.015,None,ema50_gt_ema200,True,True
138,34,104,24.64,6066.26,-5937.18,129.08,1.0217,1.0217406272650678,-972.35,0.94,2026-07-09T12:49:46.189569,XRPUSDT,70,0.05,-0.015,None,ema20_gt_ema50_and_ema50_gt_ema200,True,True
138,34,104,24.64,6066.26,-5937.18,129.08,1.0217,1.0217406272650678,-972.35,0.94,2026-07-09T12:53:33.723286,XRPUSDT,80,0.05,-0.015,None,ema50_gt_ema200,True,True
138,34,104,24.64,6066.26,-5937.18,129.08,1.0217,1.0217406272650678,-972.35,0.94,2026-07-09T12:53:46.498093,XRPUSDT,80,0.05,-0.015,None,ema20_gt_ema50_and_ema50_gt_ema200,True,True
165,41,124,24.85,7543.6,-7411.81,131.79,1.0178,1.0177812950467666,-1404.34,0.8,2026-07-09T12:20:23.062992,ETHUSDT,60,0.05,-0.015,None,ema50_gt_ema200,False,False
165,41,124,24.85,7543.6,-7411.81,131.79,1.0178,1.0177812950467666,-1404.34,0.8,2026-07-09T12:20:35.740915,ETHUSDT,60,0.05,-0.015,None,ema20_gt_ema50_and_ema50_gt_ema200,False,False
165,41,124,24.85,7543.6,-7411.81,131.79,1.0178,1.0177812950467666,-1404.34,0.8,2026-07-09T12:24:28.174952,ETHUSDT,70,0.05,-0.015,None,ema50_gt_ema200,False,False
165,41,124,24.85,7543.6,-7411.81,131.79,1.0178,1.0177812950467666,-1404.34,0.8,2026-07-09T12:24:41.868423,ETHUSDT,70,0.05,-0.015,None,ema20_gt_ema50_and_ema50_gt_ema200,False,False
165,41,124,24.85,7543.6,-7411.81,131.79,1.0178,1.0177812950467666,-1404.34,0.8,2026-07-09T12:28:48.902256,ETHUSDT,80,0.05,-0.015,None,ema50_gt_ema200,False,False
165,41,124,24.85,7543.6,-7411.81,131.79,1.0178,1.0177812950467666,-1404.34,0.8,2026-07-09T12:29:02.522174,ETHUSDT,80,0.05,-0.015,None,ema20_gt_ema50_and_ema50_gt_ema200,False,False
120,36,84,30.0,4903.76,-4832.47,71.29,1.0148,1.0147520479568772,-939.35,0.59,2026-07-09T12:19:29.808007,ETHUSDT,60,0.05,-0.02,"(30, 70)",ema50_gt_ema200,True,False
120,36,84,30.0,4903.76,-4832.47,71.29,1.0148,1.0147520479568772,-939.35,0.59,2026-07-09T12:19:47.670990,ETHUSDT,60,0.05,-0.02,"(30, 70)",ema20_gt_ema50_and_ema50_gt_ema200,True,False
120,36,84,30.0,4903.76,-4832.47,71.29,1.0148,1.0147520479568772,-939.35,0.59,2026-07-09T12:23:37.320941,ETHUSDT,70,0.05,-0.02,"(30, 70)",ema50_gt_ema200,True,False
120,36,84,30.0,4903.76,-4832.47,71.29,1.0148,1.0147520479568772,-939.35,0.59,2026-07-09T12:23:52.257332,ETHUSDT,70,0.05,-0.02,"(30, 70)",ema20_gt_ema50_and_ema50_gt_ema200,True,False
120,36,84,30.0,4903.76,-4832.47,71.29,1.0148,1.0147520479568772,-939.35,0.59,2026-07-09T12:28:04.220017,ETHUSDT,80,0.05,-0.02,"(30, 70)",ema50_gt_ema200,True,False
120,36,84,30.0,4903.76,-4832.47,71.29,1.0148,1.0147520479568772,-939.35,0.59,2026-07-09T12:28:16.638725,ETHUSDT,80,0.05,-0.02,"(30, 70)",ema20_gt_ema50_and_ema50_gt_ema200,True,False
132,33,99,25.0,5810.12,-5782.91,27.21,1.0047,1.0047048804148775,-1662.03,0.21,2026-07-09T12:57:52.414475,BNBUSDT,60,0.05,-0.015,"(30, 70)",ema50_gt_ema200,False,True
132,33,99,25.0,5810.12,-5782.91,27.21,1.0047,1.0047048804148775,-1662.03,0.21,2026-07-09T12:58:04.198277,BNBUSDT,60,0.05,-0.015,"(30, 70)",ema20_gt_ema50_and_ema50_gt_ema200,False,True
132,33,99,25.0,5810.12,-5782.91,27.21,1.0047,1.0047048804148775,-1662.03,0.21,2026-07-09T12:58:15.886165,BNBUSDT,60,0.05,-0.015,"(35, 70)",ema50_gt_ema200,False,True
132,33,99,25.0,5810.12,-5782.91,27.21,1.0047,1.0047048804148775,-1662.03,0.21,2026-07-09T12:58:27.449695,BNBUSDT,60,0.05,-0.015,"(35, 70)",ema20_gt_ema50_and_ema50_gt_ema200,False,True
132,33,99,25.0,5810.12,-5782.91,27.21,1.0047,1.0047048804148775,-1662.03,0.21,2026-07-09T13:01:23.452624,BNBUSDT,70,0.05,-0.015,"(30, 70)",ema50_gt_ema200,False,True
132,33,99,25.0,5810.12,-5782.91,27.21,1.0047,1.0047048804148775,-1662.03,0.21,2026-07-09T13:01:35.570167,BNBUSDT,70,0.05,-0.015,"(30, 70)",ema20_gt_ema50_and_ema50_gt_ema200,False,True
132,33,99,25.0,5810.12,-5782.91,27.21,1.0047,1.0047048804148775,-1662.03,0.21,2026-07-09T13:01:47.092174,BNBUSDT,70,0.05,-0.015,"(35, 70)",ema50_gt_ema200,False,True
132,33,99,25.0,5810.12,-5782.91,27.21,1.0047,1.0047048804148775,-1662.03,0.21,2026-07-09T13:01:58.553051,BNBUSDT,70,0.05,-0.015,"(35, 70)",ema20_gt_ema50_and_ema50_gt_ema200,False,True
132,33,99,25.0,5810.12,-5782.91,27.21,1.0047,1.0047048804148775,-1662.03,0.21,2026-07-09T13:04:59.568130,BNBUSDT,80,0.05,-0.015,"(30, 70)",ema50_gt_ema200,False,True
132,33,99,25.0,5810.12,-5782.91,27.21,1.0047,1.0047048804148775,-1662.03,0.21,2026-07-09T13:05:11.264119,BNBUSDT,80,0.05,-0.015,"(30, 70)",ema20_gt_ema50_and_ema50_gt_ema200,False,True
132,33,99,25.0,5810.12,-5782.91,27.21,1.0047,1.0047048804148775,-1662.03,0.21,2026-07-09T13:05:22.775323,BNBUSDT,80,0.05,-0.015,"(35, 70)",ema50_gt_ema200,False,True
132,33,99,25.0,5810.12,-5782.91,27.21,1.0047,1.0047048804148775,-1662.03,0.21,2026-07-09T13:05:34.392462,BNBUSDT,80,0.05,-0.015,"(35, 70)",ema20_gt_ema50_and_ema50_gt_ema200,False,True
155,54,101,34.84,5834.49,-5812.42,22.07,1.0038,1.003796969488586,-1007.73,0.14,2026-07-09T12:30:14.501395,SOLUSDT,60,0.04,-0.02,None,ema50_gt_ema200,True,True
155,54,101,34.84,5834.49,-5812.42,22.07,1.0038,1.003796969488586,-1007.73,0.14,2026-07-09T12:30:25.939471,SOLUSDT,60,0.04,-0.02,None,ema20_gt_ema50_and_ema50_gt_ema200,True,True
155,54,101,34.84,5834.49,-5812.42,22.07,1.0038,1.003796969488586,-1007.73,0.14,2026-07-09T12:34:24.967864,SOLUSDT,70,0.04,-0.02,None,ema50_gt_ema200,True,True
155,54,101,34.84,5834.49,-5812.42,22.07,1.0038,1.003796969488586,-1007.73,0.14,2026-07-09T12:34:37.746883,SOLUSDT,70,0.04,-0.02,None,ema20_gt_ema50_and_ema50_gt_ema200,True,True
155,54,101,34.84,5834.49,-5812.42,22.07,1.0038,1.003796969488586,-1007.73,0.14,2026-07-09T12:38:41.798709,SOLUSDT,80,0.04,-0.02,None,ema50_gt_ema200,True,True
155,54,101,34.84,5834.49,-5812.42,22.07,1.0038,1.003796969488586,-1007.73,0.14,2026-07-09T12:38:55.065932,SOLUSDT,80,0.04,-0.02,None,ema20_gt_ema50_and_ema50_gt_ema200,True,True
152,37,115,24.34,6834.57,-6827.87,6.7,1.001,1.0009817261355647,-1387.6,0.04,2026-07-09T12:20:53.573467,ETHUSDT,60,0.05,-0.015,"(30, 70)",ema50_gt_ema200,False,True
152,37,115,24.34,6834.57,-6827.87,6.7,1.001,1.0009817261355647,-1387.6,0.04,2026-07-09T12:21:07.086949,ETHUSDT,60,0.05,-0.015,"(30, 70)",ema20_gt_ema50_and_ema50_gt_ema200,False,True
152,37,115,24.34,6834.57,-6827.87,6.7,1.001,1.0009817261355647,-1387.6,0.04,2026-07-09T12:21:20.063538,ETHUSDT,60,0.05,-0.015,"(35, 70)",ema50_gt_ema200,False,True
152,37,115,24.34,6834.57,-6827.87,6.7,1.001,1.0009817261355647,-1387.6,0.04,2026-07-09T12:21:33.023878,ETHUSDT,60,0.05,-0.015,"(35, 70)",ema20_gt_ema50_and_ema50_gt_ema200,False,True
152,37,115,24.34,6834.57,-6827.87,6.7,1.001,1.0009817261355647,-1387.6,0.04,2026-07-09T12:24:59.667730,ETHUSDT,70,0.05,-0.015,"(30, 70)",ema50_gt_ema200,False,True
152,37,115,24.34,6834.57,-6827.87,6.7,1.001,1.0009817261355647,-1387.6,0.04,2026-07-09T12:25:19.678389,ETHUSDT,70,0.05,-0.015,"(30, 70)",ema20_gt_ema50_and_ema50_gt_ema200,False,True
152,37,115,24.34,6834.57,-6827.87,6.7,1.001,1.0009817261355647,-1387.6,0.04,2026-07-09T12:25:34.157551,ETHUSDT,70,0.05,-0.015,"(35, 70)",ema50_gt_ema200,False,True
152,37,115,24.34,6834.57,-6827.87,6.7,1.001,1.0009817261355647,-1387.6,0.04,2026-07-09T12:25:49.183490,ETHUSDT,70,0.05,-0.015,"(35, 70)",ema20_gt_ema50_and_ema50_gt_ema200,False,True
152,37,115,24.34,6834.57,-6827.87,6.7,1.001,1.0009817261355647,-1387.6,0.04,2026-07-09T12:29:18.760467,ETHUSDT,80,0.05,-0.015,"(30, 70)",ema50_gt_ema200,False,True
152,37,115,24.34,6834.57,-6827.87,6.7,1.001,1.0009817261355647,-1387.6,0.04,2026-07-09T12:29:30.406774,ETHUSDT,80,0.05,-0.015,"(30, 70)",ema20_gt_ema50_and_ema50_gt_ema200,False,True
152,37,115,24.34,6834.57,-6827.87,6.7,1.001,1.0009817261355647,-1387.6,0.04,2026-07-09T12:29:42.082291,ETHUSDT,80,0.05,-0.015,"(35, 70)",ema50_gt_ema200,False,True
152,37,115,24.34,6834.57,-6827.87,6.7,1.001,1.0009817261355647,-1387.6,0.04,2026-07-09T12:29:53.475797,ETHUSDT,80,0.05,-0.015,"(35, 70)",ema20_gt_ema50_and_ema50_gt_ema200,False,True
129,39,90,30.23,5229.7,-5264.01,-34.31,0.9935,0.9934817349540168,-1143.76,-0.27,2026-07-09T12:31:30.133743,SOLUSDT,60,0.05,-0.02,None,ema50_gt_ema200,True,True
129,39,90,30.23,5229.7,-5264.01,-34.31,0.9935,0.9934817349540168,-1143.76,-0.27,2026-07-09T12:31:43.475008,SOLUSDT,60,0.05,-0.02,None,ema20_gt_ema50_and_ema50_gt_ema200,True,True
129,39,90,30.23,5229.7,-5264.01,-34.31,0.9935,0.9934817349540168,-1143.76,-0.27,2026-07-09T12:35:51.943195,SOLUSDT,70,0.05,-0.02,None,ema50_gt_ema200,True,True
129,39,90,30.23,5229.7,-5264.01,-34.31,0.9935,0.9934817349540168,-1143.76,-0.27,2026-07-09T12:36:07.430369,SOLUSDT,70,0.05,-0.02,None,ema20_gt_ema50_and_ema50_gt_ema200,True,True
129,39,90,30.23,5229.7,-5264.01,-34.31,0.9935,0.9934817349540168,-1143.76,-0.27,2026-07-09T12:40:03.606300,SOLUSDT,80,0.05,-0.02,None,ema50_gt_ema200,True,True
129,39,90,30.23,5229.7,-5264.01,-34.31,0.9935,0.9934817349540168,-1143.76,-0.27,2026-07-09T12:40:17.215962,SOLUSDT,80,0.05,-0.02,None,ema20_gt_ema50_and_ema50_gt_ema200,True,True
152,37,115,24.34,6547.2,-6650.91,-103.71,0.9844,0.9844069789353528,-1153.49,-0.68,2026-07-09T12:45:17.546394,XRPUSDT,60,0.05,-0.015,None,ema50_gt_ema200,True,False
152,37,115,24.34,6547.2,-6650.91,-103.71,0.9844,0.9844069789353528,-1153.49,-0.68,2026-07-09T12:45:31.805558,XRPUSDT,60,0.05,-0.015,None,ema20_gt_ema50_and_ema50_gt_ema200,True,False
152,37,115,24.34,6547.2,-6650.91,-103.71,0.9844,0.9844069789353528,-1153.49,-0.68,2026-07-09T12:49:26.418215,XRPUSDT,70,0.05,-0.015,None,ema50_gt_ema200,True,False
152,37,115,24.34,6547.2,-6650.91,-103.71,0.9844,0.9844069789353528,-1153.49,-0.68,2026-07-09T12:49:42.017859,XRPUSDT,70,0.05,-0.015,None,ema20_gt_ema50_and_ema50_gt_ema200,True,False
152,37,115,24.34,6547.2,-6650.91,-103.71,0.9844,0.9844069789353528,-1153.49,-0.68,2026-07-09T12:53:30.051979,XRPUSDT,80,0.05,-0.015,None,ema50_gt_ema200,True,False
152,37,115,24.34,6547.2,-6650.91,-103.71,0.9844,0.9844069789353528,-1153.49,-0.68,2026-07-09T12:53:43.583679,XRPUSDT,80,0.05,-0.015,None,ema20_gt_ema50_and_ema50_gt_ema200,True,False
134,39,95,29.1,5409.25,-5507.94,-98.69,0.9821,0.9820814866508537,-983.42,-0.74,2026-07-09T12:19:23.005098,ETHUSDT,60,0.05,-0.02,"(30, 70)",ema50_gt_ema200,False,False
134,39,95,29.1,5409.25,-5507.94,-98.69,0.9821,0.9820814866508537,-983.42,-0.74,2026-07-09T12:19:39.889830,ETHUSDT,60,0.05,-0.02,"(30, 70)",ema20_gt_ema50_and_ema50_gt_ema200,False,False
134,39,95,29.1,5409.25,-5507.94,-98.69,0.9821,0.9820814866508537,-983.42,-0.74,2026-07-09T12:19:54.834155,ETHUSDT,60,0.05,-0.02,"(35, 70)",ema50_gt_ema200,False,False
134,39,95,29.1,5409.25,-5507.94,-98.69,0.9821,0.9820814866508537,-983.42,-0.74,2026-07-09T12:20:10.973400,ETHUSDT,60,0.05,-0.02,"(35, 70)",ema20_gt_ema50_and_ema50_gt_ema200,False,False
134,39,95,29.1,5409.25,-5507.94,-98.69,0.9821,0.9820814866508537,-983.42,-0.74,2026-07-09T12:23:30.507681,ETHUSDT,70,0.05,-0.02,"(30, 70)",ema50_gt_ema200,False,False
134,39,95,29.1,5409.25,-5507.94,-98.69,0.9821,0.9820814866508537,-983.42,-0.74,2026-07-09T12:23:44.431921,ETHUSDT,70,0.05,-0.02,"(30, 70)",ema20_gt_ema50_and_ema50_gt_ema200,False,False
134,39,95,29.1,5409.25,-5507.94,-98.69,0.9821,0.9820814866508537,-983.42,-0.74,2026-07-09T12:23:59.212284,ETHUSDT,70,0.05,-0.02,"(35, 70)",ema50_gt_ema200,False,False
134,39,95,29.1,5409.25,-5507.94,-98.69,0.9821,0.9820814866508537,-983.42,-0.74,2026-07-09T12:24:13.804031,ETHUSDT,70,0.05,-0.02,"(35, 70)",ema20_gt_ema50_and_ema50_gt_ema200,False,False
134,39,95,29.1,5409.25,-5507.94,-98.69,0.9821,0.9820814866508537,-983.42,-0.74,2026-07-09T12:27:57.995863,ETHUSDT,80,0.05,-0.02,"(30, 70)",ema50_gt_ema200,False,False
134,39,95,29.1,5409.25,-5507.94,-98.69,0.9821,0.9820814866508537,-983.42,-0.74,2026-07-09T12:28:10.326236,ETHUSDT,80,0.05,-0.02,"(30, 70)",ema20_gt_ema50_and_ema50_gt_ema200,False,False
134,39,95,29.1,5409.25,-5507.94,-98.69,0.9821,0.9820814866508537,-983.42,-0.74,2026-07-09T12:28:22.806275,ETHUSDT,80,0.05,-0.02,"(35, 70)",ema50_gt_ema200,False,False
134,39,95,29.1,5409.25,-5507.94,-98.69,0.9821,0.9820814866508537,-983.42,-0.74,2026-07-09T12:28:35.457398,ETHUSDT,80,0.05,-0.02,"(35, 70)",ema20_gt_ema50_and_ema50_gt_ema200,False,False
145,48,97,33.1,5208.36,-5305.91,-97.55,0.9816,0.9816149682334336,-1031.36,-0.67,2026-07-09T12:43:08.546659,XRPUSDT,60,0.04,-0.02,"(30, 70)",ema50_gt_ema200,True,False
145,48,97,33.1,5208.36,-5305.91,-97.55,0.9816,0.9816149682334336,-1031.36,-0.67,2026-07-09T12:43:22.230416,XRPUSDT,60,0.04,-0.02,"(30, 70)",ema20_gt_ema50_and_ema50_gt_ema200,True,False
145,48,97,33.1,5208.36,-5305.91,-97.55,0.9816,0.9816149682334336,-1031.36,-0.67,2026-07-09T12:43:35.518798,XRPUSDT,60,0.04,-0.02,"(35, 70)",ema50_gt_ema200,True,False
145,48,97,33.1,5208.36,-5305.91,-97.55,0.9816,0.9816149682334336,-1031.36,-0.67,2026-07-09T12:43:48.485208,XRPUSDT,60,0.04,-0.02,"(35, 70)",ema20_gt_ema50_and_ema50_gt_ema200,True,False
145,48,97,33.1,5208.36,-5305.91,-97.55,0.9816,0.9816149682334336,-1031.36,-0.67,2026-07-09T12:47:02.892328,XRPUSDT,70,0.04,-0.02,"(30, 70)",ema50_gt_ema200,True,False
145,48,97,33.1,5208.36,-5305.91,-97.55,0.9816,0.9816149682334336,-1031.36,-0.67,2026-07-09T12:47:17.353434,XRPUSDT,70,0.04,-0.02,"(30, 70)",ema20_gt_ema50_and_ema50_gt_ema200,True,False
145,48,97,33.1,5208.36,-5305.91,-97.55,0.9816,0.9816149682334336,-1031.36,-0.67,2026-07-09T12:47:33.186451,XRPUSDT,70,0.04,-0.02,"(35, 70)",ema50_gt_ema200,True,False
145,48,97,33.1,5208.36,-5305.91,-97.55,0.9816,0.9816149682334336,-1031.36,-0.67,2026-07-09T12:47:49.773290,XRPUSDT,70,0.04,-0.02,"(35, 70)",ema20_gt_ema50_and_ema50_gt_ema200,True,False
145,48,97,33.1,5208.36,-5305.91,-97.55,0.9816,0.9816149682334336,-1031.36,-0.67,2026-07-09T12:51:17.347918,XRPUSDT,80,0.04,-0.02,"(30, 70)",ema50_gt_ema200,True,False
145,48,97,33.1,5208.36,-5305.91,-97.55,0.9816,0.9816149682334336,-1031.36,-0.67,2026-07-09T12:51:29.078329,XRPUSDT,80,0.04,-0.02,"(30, 70)",ema20_gt_ema50_and_ema50_gt_ema200,True,False
145,48,97,33.1,5208.36,-5305.91,-97.55,0.9816,0.9816149682334336,-1031.36,-0.67,2026-07-09T12:51:42.484405,XRPUSDT,80,0.04,-0.02,"(35, 70)",ema50_gt_ema200,True,False
145,48,97,33.1,5208.36,-5305.91,-97.55,0.9816,0.9816149682334336,-1031.36,-0.67,2026-07-09T12:51:55.329291,XRPUSDT,80,0.04,-0.02,"(35, 70)",ema20_gt_ema50_and_ema50_gt_ema200,True,False
147,44,103,29.93,5936.11,-6051.1,-114.99,0.981,0.9809966527752036,-1400.08,-0.78,2026-07-09T12:31:24.325204,SOLUSDT,60,0.05,-0.02,None,ema50_gt_ema200,False,True
147,44,103,29.93,5936.11,-6051.1,-114.99,0.981,0.9809966527752036,-1400.08,-0.78,2026-07-09T12:31:36.882705,SOLUSDT,60,0.05,-0.02,None,ema20_gt_ema50_and_ema50_gt_ema200,False,True
147,44,103,29.93,5936.11,-6051.1,-114.99,0.981,0.9809966527752036,-1400.08,-0.78,2026-07-09T12:35:45.505480,SOLUSDT,70,0.05,-0.02,None,ema50_gt_ema200,False,True
147,44,103,29.93,5936.11,-6051.1,-114.99,0.981,0.9809966527752036,-1400.08,-0.78,2026-07-09T12:35:58.955153,SOLUSDT,70,0.05,-0.02,None,ema20_gt_ema50_and_ema50_gt_ema200,False,True
147,44,103,29.93,5936.11,-6051.1,-114.99,0.981,0.9809966527752036,-1400.08,-0.78,2026-07-09T12:39:57.108042,SOLUSDT,80,0.05,-0.02,None,ema50_gt_ema200,False,True
147,44,103,29.93,5936.11,-6051.1,-114.99,0.981,0.9809966527752036,-1400.08,-0.78,2026-07-09T12:40:09.814215,SOLUSDT,80,0.05,-0.02,None,ema20_gt_ema50_and_ema50_gt_ema200,False,True
168,57,111,33.93,6212.07,-6402.33,-190.26,0.9703,0.9702822887829183,-1218.87,-1.13,2026-07-09T12:30:11.447797,SOLUSDT,60,0.04,-0.02,None,ema50_gt_ema200,True,False
168,57,111,33.93,6212.07,-6402.33,-190.26,0.9703,0.9702822887829183,-1218.87,-1.13,2026-07-09T12:30:23.088529,SOLUSDT,60,0.04,-0.02,None,ema20_gt_ema50_and_ema50_gt_ema200,True,False
168,57,111,33.93,6212.07,-6402.33,-190.26,0.9703,0.9702822887829183,-1218.87,-1.13,2026-07-09T12:34:21.892381,SOLUSDT,70,0.04,-0.02,None,ema50_gt_ema200,True,False
168,57,111,33.93,6212.07,-6402.33,-190.26,0.9703,0.9702822887829183,-1218.87,-1.13,2026-07-09T12:34:34.246624,SOLUSDT,70,0.04,-0.02,None,ema20_gt_ema50_and_ema50_gt_ema200,True,False
168,57,111,33.93,6212.07,-6402.33,-190.26,0.9703,0.9702822887829183,-1218.87,-1.13,2026-07-09T12:38:38.235269,SOLUSDT,80,0.04,-0.02,None,ema50_gt_ema200,True,False
168,57,111,33.93,6212.07,-6402.33,-190.26,0.9703,0.9702822887829183,-1218.87,-1.13,2026-07-09T12:38:52.011617,SOLUSDT,80,0.04,-0.02,None,ema20_gt_ema50_and_ema50_gt_ema200,True,False
157,53,104,33.76,5804.5,-5988.4,-183.9,0.9693,0.9692900497262954,-1148.2,-1.17,2026-07-09T12:30:36.710334,SOLUSDT,60,0.04,-0.02,"(30, 70)",ema50_gt_ema200,True,False
157,53,104,33.76,5804.5,-5988.4,-183.9,0.9693,0.9692900497262954,-1148.2,-1.17,2026-07-09T12:30:50.364952,SOLUSDT,60,0.04,-0.02,"(30, 70)",ema20_gt_ema50_and_ema50_gt_ema200,True,False
157,53,104,33.76,5804.5,-5988.4,-183.9,0.9693,0.9692900497262954,-1148.2,-1.17,2026-07-09T12:34:48.681598,SOLUSDT,70,0.04,-0.02,"(30, 70)",ema50_gt_ema200,True,False
157,53,104,33.76,5804.5,-5988.4,-183.9,0.9693,0.9692900497262954,-1148.2,-1.17,2026-07-09T12:35:03.107060,SOLUSDT,70,0.04,-0.02,"(30, 70)",ema20_gt_ema50_and_ema50_gt_ema200,True,False
157,53,104,33.76,5804.5,-5988.4,-183.9,0.9693,0.9692900497262954,-1148.2,-1.17,2026-07-09T12:39:04.839317,SOLUSDT,80,0.04,-0.02,"(30, 70)",ema50_gt_ema200,True,False
157,53,104,33.76,5804.5,-5988.4,-183.9,0.9693,0.9692900497262954,-1148.2,-1.17,2026-07-09T12:39:19.245827,SOLUSDT,80,0.04,-0.02,"(30, 70)",ema20_gt_ema50_and_ema50_gt_ema200,True,False
161,40,121,24.84,7081.87,-7317.3,-235.43,0.9678,0.9678257439693514,-1525.16,-1.46,2026-07-09T12:33:28.768895,SOLUSDT,60,0.05,-0.015,"(30, 70)",ema50_gt_ema200,True,False
161,40,121,24.84,7081.87,-7317.3,-235.43,0.9678,0.9678257439693514,-1525.16,-1.46,2026-07-09T12:33:42.930862,SOLUSDT,60,0.05,-0.015,"(30, 70)",ema20_gt_ema50_and_ema50_gt_ema200,True,False
161,40,121,24.84,7081.87,-7317.3,-235.43,0.9678,0.9678257439693514,-1525.16,-1.46,2026-07-09T12:37:45.210442,SOLUSDT,70,0.05,-0.015,"(30, 70)",ema50_gt_ema200,True,False
161,40,121,24.84,7081.87,-7317.3,-235.43,0.9678,0.9678257439693514,-1525.16,-1.46,2026-07-09T12:37:58.334496,SOLUSDT,70,0.05,-0.015,"(30, 70)",ema20_gt_ema50_and_ema50_gt_ema200,True,False
161,40,121,24.84,7081.87,-7317.3,-235.43,0.9678,0.9678257439693514,-1525.16,-1.46,2026-07-09T12:41:51.599407,SOLUSDT,80,0.05,-0.015,"(30, 70)",ema50_gt_ema200,True,False
161,40,121,24.84,7081.87,-7317.3,-235.43,0.9678,0.9678257439693514,-1525.16,-1.46,2026-07-09T12:42:03.548280,SOLUSDT,80,0.05,-0.015,"(30, 70)",ema20_gt_ema50_and_ema50_gt_ema200,True,False
147,35,112,23.81,6221.26,-6430.25,-208.99,0.9675,0.9674990936970942,-1158.14,-1.42,2026-07-09T12:45:44.653078,XRPUSDT,60,0.05,-0.015,"(30, 70)",ema50_gt_ema200,True,False
147,35,112,23.81,6221.26,-6430.25,-208.99,0.9675,0.9674990936970942,-1158.14,-1.42,2026-07-09T12:45:58.003774,XRPUSDT,60,0.05,-0.015,"(30, 70)",ema20_gt_ema50_and_ema50_gt_ema200,True,False
147,35,112,23.81,6221.26,-6430.25,-208.99,0.9675,0.9674990936970942,-1158.14,-1.42,2026-07-09T12:46:11.390550,XRPUSDT,60,0.05,-0.015,"(35, 70)",ema50_gt_ema200,True,False
147,35,112,23.81,6221.26,-6430.25,-208.99,0.9675,0.9674990936970942,-1158.14,-1.42,2026-07-09T12:46:24.150414,XRPUSDT,60,0.05,-0.015,"(35, 70)",ema20_gt_ema50_and_ema50_gt_ema200,True,False
147,35,112,23.81,6221.26,-6430.25,-208.99,0.9675,0.9674990936970942,-1158.14,-1.42,2026-07-09T12:49:56.336516,XRPUSDT,70,0.05,-0.015,"(30, 70)",ema50_gt_ema200,True,False
147,35,112,23.81,6221.26,-6430.25,-208.99,0.9675,0.9674990936970942,-1158.14,-1.42,2026-07-09T12:50:12.237099,XRPUSDT,70,0.05,-0.015,"(30, 70)",ema20_gt_ema50_and_ema50_gt_ema200,True,False
147,35,112,23.81,6221.26,-6430.25,-208.99,0.9675,0.9674990936970942,-1158.14,-1.42,2026-07-09T12:50:26.919643,XRPUSDT,70,0.05,-0.015,"(35, 70)",ema50_gt_ema200,True,False
147,35,112,23.81,6221.26,-6430.25,-208.99,0.9675,0.9674990936970942,-1158.14,-1.42,2026-07-09T12:50:39.881411,XRPUSDT,70,0.05,-0.015,"(35, 70)",ema20_gt_ema50_and_ema50_gt_ema200,True,False
147,35,112,23.81,6221.26,-6430.25,-208.99,0.9675,0.9674990936970942,-1158.14,-1.42,2026-07-09T12:53:55.365706,XRPUSDT,80,0.05,-0.015,"(30, 70)",ema50_gt_ema200,True,False
147,35,112,23.81,6221.26,-6430.25,-208.99,0.9675,0.9674990936970942,-1158.14,-1.42,2026-07-09T12:54:10.806636,XRPUSDT,80,0.05,-0.015,"(30, 70)",ema20_gt_ema50_and_ema50_gt_ema200,True,False
147,35,112,23.81,6221.26,-6430.25,-208.99,0.9675,0.9674990936970942,-1158.14,-1.42,2026-07-09T12:54:24.413229,XRPUSDT,80,0.05,-0.015,"(35, 70)",ema50_gt_ema200,True,False
147,35,112,23.81,6221.26,-6430.25,-208.99,0.9675,0.9674990936970942,-1158.14,-1.42,2026-07-09T12:54:42.639186,XRPUSDT,80,0.05,-0.015,"(35, 70)",ema20_gt_ema50_and_ema50_gt_ema200,True,False
174,59,115,33.91,6397.07,-6620.85,-223.78,0.9662,0.9661999996375087,-1595.95,-1.29,2026-07-09T12:30:08.555955,SOLUSDT,60,0.04,-0.02,None,ema50_gt_ema200,False,True
174,59,115,33.91,6397.07,-6620.85,-223.78,0.9662,0.9661999996375087,-1595.95,-1.29,2026-07-09T12:30:20.220473,SOLUSDT,60,0.04,-0.02,None,ema20_gt_ema50_and_ema50_gt_ema200,False,True
174,59,115,33.91,6397.07,-6620.85,-223.78,0.9662,0.9661999996375087,-1595.95,-1.29,2026-07-09T12:34:18.836863,SOLUSDT,70,0.04,-0.02,None,ema50_gt_ema200,False,True
174,59,115,33.91,6397.07,-6620.85,-223.78,0.9662,0.9661999996375087,-1595.95,-1.29,2026-07-09T12:34:31.019379,SOLUSDT,70,0.04,-0.02,None,ema20_gt_ema50_and_ema50_gt_ema200,False,True
174,59,115,33.91,6397.07,-6620.85,-223.78,0.9662,0.9661999996375087,-1595.95,-1.29,2026-07-09T12:38:34.467885,SOLUSDT,80,0.04,-0.02,None,ema50_gt_ema200,False,True
174,59,115,33.91,6397.07,-6620.85,-223.78,0.9662,0.9661999996375087,-1595.95,-1.29,2026-07-09T12:38:49.156448,SOLUSDT,80,0.04,-0.02,None,ema20_gt_ema50_and_ema50_gt_ema200,False,True
157,53,104,33.76,5780.14,-5988.4,-208.26,0.9652,0.9652222193333045,-1172.56,-1.33,2026-07-09T12:31:02.799290,SOLUSDT,60,0.04,-0.02,"(35, 70)",ema50_gt_ema200,True,False
157,53,104,33.76,5780.14,-5988.4,-208.26,0.9652,0.9652222193333045,-1172.56,-1.33,2026-07-09T12:31:15.278422,SOLUSDT,60,0.04,-0.02,"(35, 70)",ema20_gt_ema50_and_ema50_gt_ema200,True,False
157,53,104,33.76,5780.14,-5988.4,-208.26,0.9652,0.9652222193333045,-1172.56,-1.33,2026-07-09T12:35:17.721191,SOLUSDT,70,0.04,-0.02,"(35, 70)",ema50_gt_ema200,True,False
157,53,104,33.76,5780.14,-5988.4,-208.26,0.9652,0.9652222193333045,-1172.56,-1.33,2026-07-09T12:35:34.068437,SOLUSDT,70,0.04,-0.02,"(35, 70)",ema20_gt_ema50_and_ema50_gt_ema200,True,False
157,53,104,33.76,5780.14,-5988.4,-208.26,0.9652,0.9652222193333045,-1172.56,-1.33,2026-07-09T12:39:34.135340,SOLUSDT,80,0.04,-0.02,"(35, 70)",ema50_gt_ema200,True,False
157,53,104,33.76,5780.14,-5988.4,-208.26,0.9652,0.9652222193333045,-1172.56,-1.33,2026-07-09T12:39:47.725573,SOLUSDT,80,0.04,-0.02,"(35, 70)",ema20_gt_ema50_and_ema50_gt_ema200,True,False
136,40,96,29.41,5314.39,-5530.5,-216.1,0.9609,0.9609253484845727,-1061.11,-1.59,2026-07-09T12:31:55.683890,SOLUSDT,60,0.05,-0.02,"(30, 70)",ema50_gt_ema200,True,False
136,40,96,29.41,5314.39,-5530.5,-216.1,0.9609,0.9609253484845727,-1061.11,-1.59,2026-07-09T12:32:11.552581,SOLUSDT,60,0.05,-0.02,"(30, 70)",ema20_gt_ema50_and_ema50_gt_ema200,True,False
136,40,96,29.41,5314.39,-5530.5,-216.1,0.9609,0.9609253484845727,-1061.11,-1.59,2026-07-09T12:36:20.364098,SOLUSDT,70,0.05,-0.02,"(30, 70)",ema50_gt_ema200,True,False
136,40,96,29.41,5314.39,-5530.5,-216.1,0.9609,0.9609253484845727,-1061.11,-1.59,2026-07-09T12:36:34.688500,SOLUSDT,70,0.05,-0.02,"(30, 70)",ema20_gt_ema50_and_ema50_gt_ema200,True,False
136,40,96,29.41,5314.39,-5530.5,-216.1,0.9609,0.9609253484845727,-1061.11,-1.59,2026-07-09T12:40:26.530480,SOLUSDT,80,0.05,-0.02,"(30, 70)",ema50_gt_ema200,True,False
136,40,96,29.41,5314.39,-5530.5,-216.1,0.9609,0.9609253484845727,-1061.11,-1.59,2026-07-09T12:40:42.212993,SOLUSDT,80,0.05,-0.02,"(30, 70)",ema20_gt_ema50_and_ema50_gt_ema200,True,False
142,34,108,23.94,6187.61,-6461.63,-274.02,0.9576,0.9575925672091209,-1346.7,-1.93,2026-07-09T12:20:56.842914,ETHUSDT,60,0.05,-0.015,"(30, 70)",ema50_gt_ema200,True,False
142,34,108,23.94,6187.61,-6461.63,-274.02,0.9576,0.9575925672091209,-1346.7,-1.93,2026-07-09T12:21:10.434173,ETHUSDT,60,0.05,-0.015,"(30, 70)",ema20_gt_ema50_and_ema50_gt_ema200,True,False
142,34,108,23.94,6187.61,-6461.63,-274.02,0.9576,0.9575925672091209,-1346.7,-1.93,2026-07-09T12:25:03.825579,ETHUSDT,70,0.05,-0.015,"(30, 70)",ema50_gt_ema200,True,False
142,34,108,23.94,6187.61,-6461.63,-274.02,0.9576,0.9575925672091209,-1346.7,-1.93,2026-07-09T12:25:24.895281,ETHUSDT,70,0.05,-0.015,"(30, 70)",ema20_gt_ema50_and_ema50_gt_ema200,True,False
142,34,108,23.94,6187.61,-6461.63,-274.02,0.9576,0.9575925672091209,-1346.7,-1.93,2026-07-09T12:29:21.662690,ETHUSDT,80,0.05,-0.015,"(30, 70)",ema50_gt_ema200,True,False
142,34,108,23.94,6187.61,-6461.63,-274.02,0.9576,0.9575925672091209,-1346.7,-1.93,2026-07-09T12:29:33.394444,ETHUSDT,80,0.05,-0.015,"(30, 70)",ema20_gt_ema50_and_ema50_gt_ema200,True,False
142,34,108,23.94,6187.61,-6462.01,-274.41,0.9575,0.9575351888364091,-1347.09,-1.93,2026-07-09T12:21:23.295137,ETHUSDT,60,0.05,-0.015,"(35, 70)",ema50_gt_ema200,True,False
142,34,108,23.94,6187.61,-6462.01,-274.41,0.9575,0.9575351888364091,-1347.09,-1.93,2026-07-09T12:21:36.234013,ETHUSDT,60,0.05,-0.015,"(35, 70)",ema20_gt_ema50_and_ema50_gt_ema200,True,False
142,34,108,23.94,6187.61,-6462.01,-274.41,0.9575,0.9575351888364091,-1347.09,-1.93,2026-07-09T12:25:37.249987,ETHUSDT,70,0.05,-0.015,"(35, 70)",ema50_gt_ema200,True,False
142,34,108,23.94,6187.61,-6462.01,-274.41,0.9575,0.9575351888364091,-1347.09,-1.93,2026-07-09T12:25:53.876720,ETHUSDT,70,0.05,-0.015,"(35, 70)",ema20_gt_ema50_and_ema50_gt_ema200,True,False
142,34,108,23.94,6187.61,-6462.01,-274.41,0.9575,0.9575351888364091,-1347.09,-1.93,2026-07-09T12:29:44.947378,ETHUSDT,80,0.05,-0.015,"(35, 70)",ema50_gt_ema200,True,False
142,34,108,23.94,6187.61,-6462.01,-274.41,0.9575,0.9575351888364091,-1347.09,-1.93,2026-07-09T12:29:56.315710,ETHUSDT,80,0.05,-0.015,"(35, 70)",ema20_gt_ema50_and_ema50_gt_ema200,True,False
136,40,96,29.41,5300.06,-5543.68,-243.62,0.9561,0.9560546755036576,-1088.63,-1.79,2026-07-09T12:32:26.228771,SOLUSDT,60,0.05,-0.02,"(35, 70)",ema50_gt_ema200,True,False
136,40,96,29.41,5300.06,-5543.68,-243.62,0.9561,0.9560546755036576,-1088.63,-1.79,2026-07-09T12:32:39.663317,SOLUSDT,60,0.05,-0.02,"(35, 70)",ema20_gt_ema50_and_ema50_gt_ema200,True,False
136,40,96,29.41,5300.06,-5543.68,-243.62,0.9561,0.9560546755036576,-1088.63,-1.79,2026-07-09T12:36:49.264315,SOLUSDT,70,0.05,-0.02,"(35, 70)",ema50_gt_ema200,True,False
136,40,96,29.41,5300.06,-5543.68,-243.62,0.9561,0.9560546755036576,-1088.63,-1.79,2026-07-09T12:37:03.280772,SOLUSDT,70,0.05,-0.02,"(35, 70)",ema20_gt_ema50_and_ema50_gt_ema200,True,False
136,40,96,29.41,5300.06,-5543.68,-243.62,0.9561,0.9560546755036576,-1088.63,-1.79,2026-07-09T12:40:56.362010,SOLUSDT,80,0.05,-0.02,"(35, 70)",ema50_gt_ema200,True,False
136,40,96,29.41,5300.06,-5543.68,-243.62,0.9561,0.9560546755036576,-1088.63,-1.79,2026-07-09T12:41:09.979666,SOLUSDT,80,0.05,-0.02,"(35, 70)",ema20_gt_ema50_and_ema50_gt_ema200,True,False
143,47,96,32.87,5058.64,-5296.4,-237.76,0.9551,0.9551092668992105,-874.36,-1.66,2026-07-09T12:42:45.142599,XRPUSDT,60,0.04,-0.02,None,ema50_gt_ema200,True,True
143,47,96,32.87,5058.64,-5296.4,-237.76,0.9551,0.9551092668992105,-874.36,-1.66,2026-07-09T12:42:58.009476,XRPUSDT,60,0.04,-0.02,None,ema20_gt_ema50_and_ema50_gt_ema200,True,True
143,47,96,32.87,5058.64,-5296.4,-237.76,0.9551,0.9551092668992105,-874.36,-1.66,2026-07-09T12:46:40.378417,XRPUSDT,70,0.04,-0.02,None,ema50_gt_ema200,True,True
143,47,96,32.87,5058.64,-5296.4,-237.76,0.9551,0.9551092668992105,-874.36,-1.66,2026-07-09T12:46:53.337373,XRPUSDT,70,0.04,-0.02,None,ema20_gt_ema50_and_ema50_gt_ema200,True,True
143,47,96,32.87,5058.64,-5296.4,-237.76,0.9551,0.9551092668992105,-874.36,-1.66,2026-07-09T12:50:56.151762,XRPUSDT,80,0.04,-0.02,None,ema50_gt_ema200,True,True
143,47,96,32.87,5058.64,-5296.4,-237.76,0.9551,0.9551092668992105,-874.36,-1.66,2026-07-09T12:51:08.309787,XRPUSDT,80,0.04,-0.02,None,ema20_gt_ema50_and_ema50_gt_ema200,True,True
156,37,119,23.72,6592.0,-6923.68,-331.68,0.9521,0.9520954255953881,-1306.22,-2.13,2026-07-09T12:45:14.485876,XRPUSDT,60,0.05,-0.015,None,ema50_gt_ema200,False,True
156,37,119,23.72,6592.0,-6923.68,-331.68,0.9521,0.9520954255953881,-1306.22,-2.13,2026-07-09T12:45:28.156283,XRPUSDT,60,0.05,-0.015,None,ema20_gt_ema50_and_ema50_gt_ema200,False,True
156,37,119,23.72,6592.0,-6923.68,-331.68,0.9521,0.9520954255953881,-1306.22,-2.13,2026-07-09T12:49:20.208513,XRPUSDT,70,0.05,-0.015,None,ema50_gt_ema200,False,True
156,37,119,23.72,6592.0,-6923.68,-331.68,0.9521,0.9520954255953881,-1306.22,-2.13,2026-07-09T12:49:38.813992,XRPUSDT,70,0.05,-0.015,None,ema20_gt_ema50_and_ema50_gt_ema200,False,True
156,37,119,23.72,6592.0,-6923.68,-331.68,0.9521,0.9520954255953881,-1306.22,-2.13,2026-07-09T12:53:26.387583,XRPUSDT,80,0.05,-0.015,None,ema50_gt_ema200,False,True
156,37,119,23.72,6592.0,-6923.68,-331.68,0.9521,0.9520954255953881,-1306.22,-2.13,2026-07-09T12:53:40.231179,XRPUSDT,80,0.05,-0.015,None,ema20_gt_ema50_and_ema50_gt_ema200,False,True
141,41,100,29.08,5486.24,-5777.09,-290.85,0.9497,0.9496541683284033,-1599.28,-2.06,2026-07-09T12:31:27.151747,SOLUSDT,60,0.05,-0.02,None,ema50_gt_ema200,True,False
141,41,100,29.08,5486.24,-5777.09,-290.85,0.9497,0.9496541683284033,-1599.28,-2.06,2026-07-09T12:31:40.385654,SOLUSDT,60,0.05,-0.02,None,ema20_gt_ema50_and_ema50_gt_ema200,True,False
141,41,100,29.08,5486.24,-5777.09,-290.85,0.9497,0.9496541683284033,-1599.28,-2.06,2026-07-09T12:35:48.811789,SOLUSDT,70,0.05,-0.02,None,ema50_gt_ema200,True,False
141,41,100,29.08,5486.24,-5777.09,-290.85,0.9497,0.9496541683284033,-1599.28,-2.06,2026-07-09T12:36:03.196714,SOLUSDT,70,0.05,-0.02,None,ema20_gt_ema50_and_ema50_gt_ema200,True,False
141,41,100,29.08,5486.24,-5777.09,-290.85,0.9497,0.9496541683284033,-1599.28,-2.06,2026-07-09T12:40:00.371200,SOLUSDT,80,0.05,-0.02,None,ema50_gt_ema200,True,False
141,41,100,29.08,5486.24,-5777.09,-290.85,0.9497,0.9496541683284033,-1599.28,-2.06,2026-07-09T12:40:14.106596,SOLUSDT,80,0.05,-0.02,None,ema20_gt_ema50_and_ema50_gt_ema200,True,False
160,39,121,24.38,6892.13,-7290.18,-398.06,0.9454,0.9453984615780721,-1687.79,-2.49,2026-07-09T12:33:57.118984,SOLUSDT,60,0.05,-0.015,"(35, 70)",ema50_gt_ema200,True,False
160,39,121,24.38,6892.13,-7290.18,-398.06,0.9454,0.9453984615780721,-1687.79,-2.49,2026-07-09T12:34:09.466764,SOLUSDT,60,0.05,-0.015,"(35, 70)",ema20_gt_ema50_and_ema50_gt_ema200,True,False
160,39,121,24.38,6892.13,-7290.18,-398.06,0.9454,0.9453984615780721,-1687.79,-2.49,2026-07-09T12:38:11.179227,SOLUSDT,70,0.05,-0.015,"(35, 70)",ema50_gt_ema200,True,False
160,39,121,24.38,6892.13,-7290.18,-398.06,0.9454,0.9453984615780721,-1687.79,-2.49,2026-07-09T12:38:24.518777,SOLUSDT,70,0.05,-0.015,"(35, 70)",ema20_gt_ema50_and_ema50_gt_ema200,True,False
160,39,121,24.38,6892.13,-7290.18,-398.06,0.9454,0.9453984615780721,-1687.79,-2.49,2026-07-09T12:42:15.594755,SOLUSDT,80,0.05,-0.015,"(35, 70)",ema50_gt_ema200,True,False
160,39,121,24.38,6892.13,-7290.18,-398.06,0.9454,0.9453984615780721,-1687.79,-2.49,2026-07-09T12:42:27.350178,SOLUSDT,80,0.05,-0.015,"(35, 70)",ema20_gt_ema50_and_ema50_gt_ema200,True,False
147,43,104,29.25,5739.55,-6071.47,-331.92,0.9453,0.9453316244215997,-1421.36,-2.26,2026-07-09T12:31:52.328075,SOLUSDT,60,0.05,-0.02,"(30, 70)",ema50_gt_ema200,False,True
147,43,104,29.25,5739.55,-6071.47,-331.92,0.9453,0.9453316244215997,-1421.36,-2.26,2026-07-09T12:32:07.411910,SOLUSDT,60,0.05,-0.02,"(30, 70)",ema20_gt_ema50_and_ema50_gt_ema200,False,True
147,43,104,29.25,5739.55,-6071.47,-331.92,0.9453,0.9453316244215997,-1421.36,-2.26,2026-07-09T12:32:23.057511,SOLUSDT,60,0.05,-0.02,"(35, 70)",ema50_gt_ema200,False,True
147,43,104,29.25,5739.55,-6071.47,-331.92,0.9453,0.9453316244215997,-1421.36,-2.26,2026-07-09T12:32:36.473762,SOLUSDT,60,0.05,-0.02,"(35, 70)",ema20_gt_ema50_and_ema50_gt_ema200,False,True
147,43,104,29.25,5739.55,-6071.47,-331.92,0.9453,0.9453316244215997,-1421.36,-2.26,2026-07-09T12:36:16.133946,SOLUSDT,70,0.05,-0.02,"(30, 70)",ema50_gt_ema200,False,True
147,43,104,29.25,5739.55,-6071.47,-331.92,0.9453,0.9453316244215997,-1421.36,-2.26,2026-07-09T12:36:31.487421,SOLUSDT,70,0.05,-0.02,"(30, 70)",ema20_gt_ema50_and_ema50_gt_ema200,False,True
147,43,104,29.25,5739.55,-6071.47,-331.92,0.9453,0.9453316244215997,-1421.36,-2.26,2026-07-09T12:36:45.052043,SOLUSDT,70,0.05,-0.02,"(35, 70)",ema50_gt_ema200,False,True
147,43,104,29.25,5739.55,-6071.47,-331.92,0.9453,0.9453316244215997,-1421.36,-2.26,2026-07-09T12:36:59.797211,SOLUSDT,70,0.05,-0.02,"(35, 70)",ema20_gt_ema50_and_ema50_gt_ema200,False,True
147,43,104,29.25,5739.55,-6071.47,-331.92,0.9453,0.9453316244215997,-1421.36,-2.26,2026-07-09T12:40:23.147505,SOLUSDT,80,0.05,-0.02,"(30, 70)",ema50_gt_ema200,False,True
147,43,104,29.25,5739.55,-6071.47,-331.92,0.9453,0.9453316244215997,-1421.36,-2.26,2026-07-09T12:40:38.773616,SOLUSDT,80,0.05,-0.02,"(30, 70)",ema20_gt_ema50_and_ema50_gt_ema200,False,True
147,43,104,29.25,5739.55,-6071.47,-331.92,0.9453,0.9453316244215997,-1421.36,-2.26,2026-07-09T12:40:53.358492,SOLUSDT,80,0.05,-0.02,"(35, 70)",ema50_gt_ema200,False,True
147,43,104,29.25,5739.55,-6071.47,-331.92,0.9453,0.9453316244215997,-1421.36,-2.26,2026-07-09T12:41:06.673415,SOLUSDT,80,0.05,-0.02,"(35, 70)",ema20_gt_ema50_and_ema50_gt_ema200,False,True
149,49,100,32.89,5312.14,-5623.23,-311.09,0.9447,0.9446769827644818,-1127.5,-2.09,2026-07-09T12:43:05.177885,XRPUSDT,60,0.04,-0.02,"(30, 70)",ema50_gt_ema200,False,True
149,49,100,32.89,5312.14,-5623.23,-311.09,0.9447,0.9446769827644818,-1127.5,-2.09,2026-07-09T12:43:19.037625,XRPUSDT,60,0.04,-0.02,"(30, 70)",ema20_gt_ema50_and_ema50_gt_ema200,False,True
149,49,100,32.89,5312.14,-5623.23,-311.09,0.9447,0.9446769827644818,-1127.5,-2.09,2026-07-09T12:43:31.728230,XRPUSDT,60,0.04,-0.02,"(35, 70)",ema50_gt_ema200,False,True
149,49,100,32.89,5312.14,-5623.23,-311.09,0.9447,0.9446769827644818,-1127.5,-2.09,2026-07-09T12:43:45.226083,XRPUSDT,60,0.04,-0.02,"(35, 70)",ema20_gt_ema50_and_ema50_gt_ema200,False,True
149,49,100,32.89,5312.14,-5623.23,-311.09,0.9447,0.9446769827644818,-1127.5,-2.09,2026-07-09T12:46:59.660114,XRPUSDT,70,0.04,-0.02,"(30, 70)",ema50_gt_ema200,False,True
149,49,100,32.89,5312.14,-5623.23,-311.09,0.9447,0.9446769827644818,-1127.5,-2.09,2026-07-09T12:47:13.833209,XRPUSDT,70,0.04,-0.02,"(30, 70)",ema20_gt_ema50_and_ema50_gt_ema200,False,True
149,49,100,32.89,5312.14,-5623.23,-311.09,0.9447,0.9446769827644818,-1127.5,-2.09,2026-07-09T12:47:29.087675,XRPUSDT,70,0.04,-0.02,"(35, 70)",ema50_gt_ema200,False,True
149,49,100,32.89,5312.14,-5623.23,-311.09,0.9447,0.9446769827644818,-1127.5,-2.09,2026-07-09T12:47:45.782165,XRPUSDT,70,0.04,-0.02,"(35, 70)",ema20_gt_ema50_and_ema50_gt_ema200,False,True
149,49,100,32.89,5312.14,-5623.23,-311.09,0.9447,0.9446769827644818,-1127.5,-2.09,2026-07-09T12:51:14.392802,XRPUSDT,80,0.04,-0.02,"(30, 70)",ema50_gt_ema200,False,True
149,49,100,32.89,5312.14,-5623.23,-311.09,0.9447,0.9446769827644818,-1127.5,-2.09,2026-07-09T12:51:26.086949,XRPUSDT,80,0.04,-0.02,"(30, 70)",ema20_gt_ema50_and_ema50_gt_ema200,False,True
149,49,100,32.89,5312.14,-5623.23,-311.09,0.9447,0.9446769827644818,-1127.5,-2.09,2026-07-09T12:51:38.930835,XRPUSDT,80,0.04,-0.02,"(35, 70)",ema50_gt_ema200,False,True
149,49,100,32.89,5312.14,-5623.23,-311.09,0.9447,0.9446769827644818,-1127.5,-2.09,2026-07-09T12:51:52.172585,XRPUSDT,80,0.04,-0.02,"(35, 70)",ema20_gt_ema50_and_ema50_gt_ema200,False,True
123,36,87,29.27,4794.92,-5097.2,-302.29,0.9407,0.940695785785179,-1101.73,-2.46,2026-07-09T12:31:58.875004,SOLUSDT,60,0.05,-0.02,"(30, 70)",ema50_gt_ema200,True,True
123,36,87,29.27,4794.92,-5097.2,-302.29,0.9407,0.940695785785179,-1101.73,-2.46,2026-07-09T12:32:16.004868,SOLUSDT,60,0.05,-0.02,"(30, 70)",ema20_gt_ema50_and_ema50_gt_ema200,True,True
123,36,87,29.27,4794.92,-5097.2,-302.29,0.9407,0.940695785785179,-1101.73,-2.46,2026-07-09T12:36:24.444247,SOLUSDT,70,0.05,-0.02,"(30, 70)",ema50_gt_ema200,True,True
123,36,87,29.27,4794.92,-5097.2,-302.29,0.9407,0.940695785785179,-1101.73,-2.46,2026-07-09T12:36:37.975985,SOLUSDT,70,0.05,-0.02,"(30, 70)",ema20_gt_ema50_and_ema50_gt_ema200,True,True
123,36,87,29.27,4794.92,-5097.2,-302.29,0.9407,0.940695785785179,-1101.73,-2.46,2026-07-09T12:40:30.505262,SOLUSDT,80,0.05,-0.02,"(30, 70)",ema50_gt_ema200,True,True
123,36,87,29.27,4794.92,-5097.2,-302.29,0.9407,0.940695785785179,-1101.73,-2.46,2026-07-09T12:40:45.902066,SOLUSDT,80,0.05,-0.02,"(30, 70)",ema20_gt_ema50_and_ema50_gt_ema200,True,True
132,30,102,22.73,5427.99,-5780.45,-352.46,0.939,0.9390257259068081,-1063.79,-2.67,2026-07-09T12:45:48.387280,XRPUSDT,60,0.05,-0.015,"(30, 70)",ema50_gt_ema200,True,True
132,30,102,22.73,5427.99,-5780.45,-352.46,0.939,0.9390257259068081,-1063.79,-2.67,2026-07-09T12:46:01.211210,XRPUSDT,60,0.05,-0.015,"(30, 70)",ema20_gt_ema50_and_ema50_gt_ema200,True,True
132,30,102,22.73,5427.99,-5780.45,-352.46,0.939,0.9390257259068081,-1063.79,-2.67,2026-07-09T12:46:14.529186,XRPUSDT,60,0.05,-0.015,"(35, 70)",ema50_gt_ema200,True,True
132,30,102,22.73,5427.99,-5780.45,-352.46,0.939,0.9390257259068081,-1063.79,-2.67,2026-07-09T12:46:27.344101,XRPUSDT,60,0.05,-0.015,"(35, 70)",ema20_gt_ema50_and_ema50_gt_ema200,True,True
132,30,102,22.73,5427.99,-5780.45,-352.46,0.939,0.9390257259068081,-1063.79,-2.67,2026-07-09T12:49:59.728898,XRPUSDT,70,0.05,-0.015,"(30, 70)",ema50_gt_ema200,True,True
132,30,102,22.73,5427.99,-5780.45,-352.46,0.939,0.9390257259068081,-1063.79,-2.67,2026-07-09T12:50:16.161616,XRPUSDT,70,0.05,-0.015,"(30, 70)",ema20_gt_ema50_and_ema50_gt_ema200,True,True
132,30,102,22.73,5427.99,-5780.45,-352.46,0.939,0.9390257259068081,-1063.79,-2.67,2026-07-09T12:50:30.194133,XRPUSDT,70,0.05,-0.015,"(35, 70)",ema50_gt_ema200,True,True
132,30,102,22.73,5427.99,-5780.45,-352.46,0.939,0.9390257259068081,-1063.79,-2.67,2026-07-09T12:50:43.043399,XRPUSDT,70,0.05,-0.015,"(35, 70)",ema20_gt_ema50_and_ema50_gt_ema200,True,True
132,30,102,22.73,5427.99,-5780.45,-352.46,0.939,0.9390257259068081,-1063.79,-2.67,2026-07-09T12:53:58.705084,XRPUSDT,80,0.05,-0.015,"(30, 70)",ema50_gt_ema200,True,True
132,30,102,22.73,5427.99,-5780.45,-352.46,0.939,0.9390257259068081,-1063.79,-2.67,2026-07-09T12:54:14.139482,XRPUSDT,80,0.05,-0.015,"(30, 70)",ema20_gt_ema50_and_ema50_gt_ema200,True,True
132,30,102,22.73,5427.99,-5780.45,-352.46,0.939,0.9390257259068081,-1063.79,-2.67,2026-07-09T12:54:28.520082,XRPUSDT,80,0.05,-0.015,"(35, 70)",ema50_gt_ema200,True,True
132,30,102,22.73,5427.99,-5780.45,-352.46,0.939,0.9390257259068081,-1063.79,-2.67,2026-07-09T12:54:45.629112,XRPUSDT,80,0.05,-0.015,"(35, 70)",ema20_gt_ema50_and_ema50_gt_ema200,True,True
123,36,87,29.27,4795.94,-5112.98,-317.04,0.938,0.9379928230099746,-1116.49,-2.58,2026-07-09T12:32:30.078821,SOLUSDT,60,0.05,-0.02,"(35, 70)",ema50_gt_ema200,True,True
123,36,87,29.27,4795.94,-5112.98,-317.04,0.938,0.9379928230099746,-1116.49,-2.58,2026-07-09T12:32:43.203895,SOLUSDT,60,0.05,-0.02,"(35, 70)",ema20_gt_ema50_and_ema50_gt_ema200,True,True
123,36,87,29.27,4795.94,-5112.98,-317.04,0.938,0.9379928230099746,-1116.49,-2.58,2026-07-09T12:36:52.708970,SOLUSDT,70,0.05,-0.02,"(35, 70)",ema50_gt_ema200,True,True
123,36,87,29.27,4795.94,-5112.98,-317.04,0.938,0.9379928230099746,-1116.49,-2.58,2026-07-09T12:37:06.489265,SOLUSDT,70,0.05,-0.02,"(35, 70)",ema20_gt_ema50_and_ema50_gt_ema200,True,True
123,36,87,29.27,4795.94,-5112.98,-317.04,0.938,0.9379928230099746,-1116.49,-2.58,2026-07-09T12:40:59.763331,SOLUSDT,80,0.05,-0.02,"(35, 70)",ema50_gt_ema200,True,True
123,36,87,29.27,4795.94,-5112.98,-317.04,0.938,0.9379928230099746,-1116.49,-2.58,2026-07-09T12:41:13.342040,SOLUSDT,80,0.05,-0.02,"(35, 70)",ema20_gt_ema50_and_ema50_gt_ema200,True,True
114,32,82,28.07,4278.27,-4567.43,-289.15,0.9367,0.9366923542191002,-973.86,-2.54,2026-07-09T12:44:04.208788,XRPUSDT,60,0.05,-0.02,None,ema50_gt_ema200,True,True
114,32,82,28.07,4278.27,-4567.43,-289.15,0.9367,0.9366923542191002,-973.86,-2.54,2026-07-09T12:44:16.670422,XRPUSDT,60,0.05,-0.02,None,ema20_gt_ema50_and_ema50_gt_ema200,True,True
114,32,82,28.07,4278.27,-4567.43,-289.15,0.9367,0.9366923542191002,-973.86,-2.54,2026-07-09T12:48:07.550550,XRPUSDT,70,0.05,-0.02,None,ema50_gt_ema200,True,True
114,32,82,28.07,4278.27,-4567.43,-289.15,0.9367,0.9366923542191002,-973.86,-2.54,2026-07-09T12:48:20.691696,XRPUSDT,70,0.05,-0.02,None,ema20_gt_ema50_and_ema50_gt_ema200,True,True
114,32,82,28.07,4278.27,-4567.43,-289.15,0.9367,0.9366923542191002,-973.86,-2.54,2026-07-09T12:52:12.183692,XRPUSDT,80,0.05,-0.02,None,ema50_gt_ema200,True,True
114,32,82,28.07,4278.27,-4567.43,-289.15,0.9367,0.9366923542191002,-973.86,-2.54,2026-07-09T12:52:24.892217,XRPUSDT,80,0.05,-0.02,None,ema20_gt_ema50_and_ema50_gt_ema200,True,True
155,50,105,32.26,5458.83,-5850.22,-391.39,0.9331,0.9330979382696225,-1082.01,-2.53,2026-07-09T12:42:39.358080,XRPUSDT,60,0.04,-0.02,None,ema50_gt_ema200,False,True
155,50,105,32.26,5458.83,-5850.22,-391.39,0.9331,0.9330979382696225,-1082.01,-2.53,2026-07-09T12:42:51.179114,XRPUSDT,60,0.04,-0.02,None,ema20_gt_ema50_and_ema50_gt_ema200,False,True
155,50,105,32.26,5458.83,-5850.22,-391.39,0.9331,0.9330979382696225,-1082.01,-2.53,2026-07-09T12:46:33.652568,XRPUSDT,70,0.04,-0.02,None,ema50_gt_ema200,False,True
155,50,105,32.26,5458.83,-5850.22,-391.39,0.9331,0.9330979382696225,-1082.01,-2.53,2026-07-09T12:46:46.704097,XRPUSDT,70,0.04,-0.02,None,ema20_gt_ema50_and_ema50_gt_ema200,False,True
155,50,105,32.26,5458.83,-5850.22,-391.39,0.9331,0.9330979382696225,-1082.01,-2.53,2026-07-09T12:50:49.880990,XRPUSDT,80,0.04,-0.02,None,ema50_gt_ema200,False,True
155,50,105,32.26,5458.83,-5850.22,-391.39,0.9331,0.9330979382696225,-1082.01,-2.53,2026-07-09T12:51:02.210419,XRPUSDT,80,0.04,-0.02,None,ema20_gt_ema50_and_ema50_gt_ema200,False,True
199,65,134,32.66,7101.31,-7617.17,-515.86,0.9323,0.9322761785044982,-1863.68,-2.59,2026-07-09T12:30:05.446592,SOLUSDT,60,0.04,-0.02,None,ema50_gt_ema200,False,False
199,65,134,32.66,7101.31,-7617.17,-515.86,0.9323,0.9322761785044982,-1863.68,-2.59,2026-07-09T12:30:17.349086,SOLUSDT,60,0.04,-0.02,None,ema20_gt_ema50_and_ema50_gt_ema200,False,False
199,65,134,32.66,7101.31,-7617.17,-515.86,0.9323,0.9322761785044982,-1863.68,-2.59,2026-07-09T12:34:15.827127,SOLUSDT,70,0.04,-0.02,None,ema50_gt_ema200,False,False
199,65,134,32.66,7101.31,-7617.17,-515.86,0.9323,0.9322761785044982,-1863.68,-2.59,2026-07-09T12:34:27.989847,SOLUSDT,70,0.04,-0.02,None,ema20_gt_ema50_and_ema50_gt_ema200,False,False
199,65,134,32.66,7101.31,-7617.17,-515.86,0.9323,0.9322761785044982,-1863.68,-2.59,2026-07-09T12:38:31.046164,SOLUSDT,80,0.04,-0.02,None,ema50_gt_ema200,False,False
199,65,134,32.66,7101.31,-7617.17,-515.86,0.9323,0.9322761785044982,-1863.68,-2.59,2026-07-09T12:38:45.667289,SOLUSDT,80,0.04,-0.02,None,ema20_gt_ema50_and_ema50_gt_ema200,False,False
162,37,125,22.84,6891.3,-7506.05,-614.76,0.9181,0.9180981732241019,-1761.81,-3.79,2026-07-09T12:20:50.372959,ETHUSDT,60,0.05,-0.015,"(30, 70)",ema50_gt_ema200,False,False
162,37,125,22.84,6891.3,-7506.05,-614.76,0.9181,0.9180981732241019,-1761.81,-3.79,2026-07-09T12:21:03.769425,ETHUSDT,60,0.05,-0.015,"(30, 70)",ema20_gt_ema50_and_ema50_gt_ema200,False,False
162,37,125,22.84,6891.3,-7506.05,-614.76,0.9181,0.9180981732241019,-1761.81,-3.79,2026-07-09T12:21:16.934729,ETHUSDT,60,0.05,-0.015,"(35, 70)",ema50_gt_ema200,False,False
162,37,125,22.84,6891.3,-7506.05,-614.76,0.9181,0.9180981732241019,-1761.81,-3.79,2026-07-09T12:21:29.744935,ETHUSDT,60,0.05,-0.015,"(35, 70)",ema20_gt_ema50_and_ema50_gt_ema200,False,False
162,37,125,22.84,6891.3,-7506.05,-614.76,0.9181,0.9180981732241019,-1761.81,-3.79,2026-07-09T12:24:55.707831,ETHUSDT,70,0.05,-0.015,"(30, 70)",ema50_gt_ema200,False,False
162,37,125,22.84,6891.3,-7506.05,-614.76,0.9181,0.9180981732241019,-1761.81,-3.79,2026-07-09T12:25:14.487532,ETHUSDT,70,0.05,-0.015,"(30, 70)",ema20_gt_ema50_and_ema50_gt_ema200,False,False
162,37,125,22.84,6891.3,-7506.05,-614.76,0.9181,0.9180981732241019,-1761.81,-3.79,2026-07-09T12:25:31.116925,ETHUSDT,70,0.05,-0.015,"(35, 70)",ema50_gt_ema200,False,False
162,37,125,22.84,6891.3,-7506.05,-614.76,0.9181,0.9180981732241019,-1761.81,-3.79,2026-07-09T12:25:44.955689,ETHUSDT,70,0.05,-0.015,"(35, 70)",ema20_gt_ema50_and_ema50_gt_ema200,False,False
162,37,125,22.84,6891.3,-7506.05,-614.76,0.9181,0.9180981732241019,-1761.81,-3.79,2026-07-09T12:29:15.895410,ETHUSDT,80,0.05,-0.015,"(30, 70)",ema50_gt_ema200,False,False
162,37,125,22.84,6891.3,-7506.05,-614.76,0.9181,0.9180981732241019,-1761.81,-3.79,2026-07-09T12:29:27.532531,ETHUSDT,80,0.05,-0.015,"(30, 70)",ema20_gt_ema50_and_ema50_gt_ema200,False,False
162,37,125,22.84,6891.3,-7506.05,-614.76,0.9181,0.9180981732241019,-1761.81,-3.79,2026-07-09T12:29:39.062831,ETHUSDT,80,0.05,-0.015,"(35, 70)",ema50_gt_ema200,False,False
162,37,125,22.84,6891.3,-7506.05,-614.76,0.9181,0.9180981732241019,-1761.81,-3.79,2026-07-09T12:29:50.607283,ETHUSDT,80,0.05,-0.015,"(35, 70)",ema20_gt_ema50_and_ema50_gt_ema200,False,False
185,60,125,32.43,6514.47,-7102.72,-588.25,0.9172,0.9171791837350037,-1648.49,-3.18,2026-07-09T12:30:29.005682,SOLUSDT,60,0.04,-0.02,"(30, 70)",ema50_gt_ema200,False,False
185,60,125,32.43,6514.47,-7102.72,-588.25,0.9172,0.9171791837350037,-1648.49,-3.18,2026-07-09T12:30:43.238201,SOLUSDT,60,0.04,-0.02,"(30, 70)",ema20_gt_ema50_and_ema50_gt_ema200,False,False
185,60,125,32.43,6514.47,-7102.72,-588.25,0.9172,0.9171791837350037,-1648.49,-3.18,2026-07-09T12:30:56.629886,SOLUSDT,60,0.04,-0.02,"(35, 70)",ema50_gt_ema200,False,False
185,60,125,32.43,6514.47,-7102.72,-588.25,0.9172,0.9171791837350037,-1648.49,-3.18,2026-07-09T12:31:09.200761,SOLUSDT,60,0.04,-0.02,"(35, 70)",ema20_gt_ema50_and_ema50_gt_ema200,False,False
185,60,125,32.43,6514.47,-7102.72,-588.25,0.9172,0.9171791837350037,-1648.49,-3.18,2026-07-09T12:34:41.477751,SOLUSDT,70,0.04,-0.02,"(30, 70)",ema50_gt_ema200,False,False
185,60,125,32.43,6514.47,-7102.72,-588.25,0.9172,0.9171791837350037,-1648.49,-3.18,2026-07-09T12:34:55.428055,SOLUSDT,70,0.04,-0.02,"(30, 70)",ema20_gt_ema50_and_ema50_gt_ema200,False,False
185,60,125,32.43,6514.47,-7102.72,-588.25,0.9172,0.9171791837350037,-1648.49,-3.18,2026-07-09T12:35:10.610917,SOLUSDT,70,0.04,-0.02,"(35, 70)",ema50_gt_ema200,False,False
185,60,125,32.43,6514.47,-7102.72,-588.25,0.9172,0.9171791837350037,-1648.49,-3.18,2026-07-09T12:35:25.699088,SOLUSDT,70,0.04,-0.02,"(35, 70)",ema20_gt_ema50_and_ema50_gt_ema200,False,False
185,60,125,32.43,6514.47,-7102.72,-588.25,0.9172,0.9171791837350037,-1648.49,-3.18,2026-07-09T12:38:58.529369,SOLUSDT,80,0.04,-0.02,"(30, 70)",ema50_gt_ema200,False,False
185,60,125,32.43,6514.47,-7102.72,-588.25,0.9172,0.9171791837350037,-1648.49,-3.18,2026-07-09T12:39:12.009609,SOLUSDT,80,0.04,-0.02,"(30, 70)",ema20_gt_ema50_and_ema50_gt_ema200,False,False
185,60,125,32.43,6514.47,-7102.72,-588.25,0.9172,0.9171791837350037,-1648.49,-3.18,2026-07-09T12:39:26.631420,SOLUSDT,80,0.04,-0.02,"(35, 70)",ema50_gt_ema200,False,False
185,60,125,32.43,6514.47,-7102.72,-588.25,0.9172,0.9171791837350037,-1648.49,-3.18,2026-07-09T12:39:41.336861,SOLUSDT,80,0.04,-0.02,"(35, 70)",ema20_gt_ema50_and_ema50_gt_ema200,False,False
140,46,94,32.86,4999.25,-5465.51,-466.26,0.9147,0.9146905336852618,-1145.99,-3.33,2026-07-09T12:30:40.053438,SOLUSDT,60,0.04,-0.02,"(30, 70)",ema50_gt_ema200,True,True
140,46,94,32.86,4999.25,-5465.51,-466.26,0.9147,0.9146905336852618,-1145.99,-3.33,2026-07-09T12:30:53.450345,SOLUSDT,60,0.04,-0.02,"(30, 70)",ema20_gt_ema50_and_ema50_gt_ema200,True,True
140,46,94,32.86,4999.25,-5465.51,-466.26,0.9147,0.9146905336852618,-1145.99,-3.33,2026-07-09T12:34:52.335182,SOLUSDT,70,0.04,-0.02,"(30, 70)",ema50_gt_ema200,True,True
140,46,94,32.86,4999.25,-5465.51,-466.26,0.9147,0.9146905336852618,-1145.99,-3.33,2026-07-09T12:35:06.645206,SOLUSDT,70,0.04,-0.02,"(30, 70)",ema20_gt_ema50_and_ema50_gt_ema200,True,True
140,46,94,32.86,4999.25,-5465.51,-466.26,0.9147,0.9146905336852618,-1145.99,-3.33,2026-07-09T12:39:08.132928,SOLUSDT,80,0.04,-0.02,"(30, 70)",ema50_gt_ema200,True,True
140,46,94,32.86,4999.25,-5465.51,-466.26,0.9147,0.9146905336852618,-1145.99,-3.33,2026-07-09T12:39:22.790662,SOLUSDT,80,0.04,-0.02,"(30, 70)",ema20_gt_ema50_and_ema50_gt_ema200,True,True
160,51,109,31.87,5552.16,-6079.73,-527.58,0.9132,0.9132236027416138,-1368.23,-3.3,2026-07-09T12:43:01.742844,XRPUSDT,60,0.04,-0.02,"(30, 70)",ema50_gt_ema200,False,False
160,51,109,31.87,5552.16,-6079.73,-527.58,0.9132,0.9132236027416138,-1368.23,-3.3,2026-07-09T12:43:15.294918,XRPUSDT,60,0.04,-0.02,"(30, 70)",ema20_gt_ema50_and_ema50_gt_ema200,False,False
160,51,109,31.87,5552.16,-6079.73,-527.58,0.9132,0.9132236027416138,-1368.23,-3.3,2026-07-09T12:43:28.499902,XRPUSDT,60,0.04,-0.02,"(35, 70)",ema50_gt_ema200,False,False
160,51,109,31.87,5552.16,-6079.73,-527.58,0.9132,0.9132236027416138,-1368.23,-3.3,2026-07-09T12:43:41.930727,XRPUSDT,60,0.04,-0.02,"(35, 70)",ema20_gt_ema50_and_ema50_gt_ema200,False,False
160,51,109,31.87,5552.16,-6079.73,-527.58,0.9132,0.9132236027416138,-1368.23,-3.3,2026-07-09T12:46:56.491358,XRPUSDT,70,0.04,-0.02,"(30, 70)",ema50_gt_ema200,False,False
160,51,109,31.87,5552.16,-6079.73,-527.58,0.9132,0.9132236027416138,-1368.23,-3.3,2026-07-09T12:47:09.914024,XRPUSDT,70,0.04,-0.02,"(30, 70)",ema20_gt_ema50_and_ema50_gt_ema200,False,False
160,51,109,31.87,5552.16,-6079.73,-527.58,0.9132,0.9132236027416138,-1368.23,-3.3,2026-07-09T12:47:25.077175,XRPUSDT,70,0.04,-0.02,"(35, 70)",ema50_gt_ema200,False,False
160,51,109,31.87,5552.16,-6079.73,-527.58,0.9132,0.9132236027416138,-1368.23,-3.3,2026-07-09T12:47:41.965807,XRPUSDT,70,0.04,-0.02,"(35, 70)",ema20_gt_ema50_and_ema50_gt_ema200,False,False
160,51,109,31.87,5552.16,-6079.73,-527.58,0.9132,0.9132236027416138,-1368.23,-3.3,2026-07-09T12:51:11.535511,XRPUSDT,80,0.04,-0.02,"(30, 70)",ema50_gt_ema200,False,False
160,51,109,31.87,5552.16,-6079.73,-527.58,0.9132,0.9132236027416138,-1368.23,-3.3,2026-07-09T12:51:23.165336,XRPUSDT,80,0.04,-0.02,"(30, 70)",ema20_gt_ema50_and_ema50_gt_ema200,False,False
160,51,109,31.87,5552.16,-6079.73,-527.58,0.9132,0.9132236027416138,-1368.23,-3.3,2026-07-09T12:51:35.451596,XRPUSDT,80,0.04,-0.02,"(35, 70)",ema50_gt_ema200,False,False
160,51,109,31.87,5552.16,-6079.73,-527.58,0.9132,0.9132236027416138,-1368.23,-3.3,2026-07-09T12:51:48.935325,XRPUSDT,80,0.04,-0.02,"(35, 70)",ema20_gt_ema50_and_ema50_gt_ema200,False,False
83,19,64,22.89,3360.36,-3684.93,-324.57,0.9119,0.9119194682728926,-700.61,-3.91,2026-07-09T12:09:16.935733,BTCUSDT,60,0.05,-0.015,"(30, 70)",ema50_gt_ema200,False,True
83,19,64,22.89,3360.36,-3684.93,-324.57,0.9119,0.9119194682728926,-700.61,-3.91,2026-07-09T12:09:28.376067,BTCUSDT,60,0.05,-0.015,"(30, 70)",ema20_gt_ema50_and_ema50_gt_ema200,False,True
83,19,64,22.89,3360.36,-3684.93,-324.57,0.9119,0.9119194682728926,-700.61,-3.91,2026-07-09T12:09:39.795876,BTCUSDT,60,0.05,-0.015,"(35, 70)",ema50_gt_ema200,False,True
83,19,64,22.89,3360.36,-3684.93,-324.57,0.9119,0.9119194682728926,-700.61,-3.91,2026-07-09T12:09:51.366181,BTCUSDT,60,0.05,-0.015,"(35, 70)",ema20_gt_ema50_and_ema50_gt_ema200,False,True
83,19,64,22.89,3360.36,-3684.93,-324.57,0.9119,0.9119194682728926,-700.61,-3.91,2026-07-09T12:12:44.565757,BTCUSDT,70,0.05,-0.015,"(30, 70)",ema50_gt_ema200,False,True
83,19,64,22.89,3360.36,-3684.93,-324.57,0.9119,0.9119194682728926,-700.61,-3.91,2026-07-09T12:12:55.954090,BTCUSDT,70,0.05,-0.015,"(30, 70)",ema20_gt_ema50_and_ema50_gt_ema200,False,True
83,19,64,22.89,3360.36,-3684.93,-324.57,0.9119,0.9119194682728926,-700.61,-3.91,2026-07-09T12:13:08.103107,BTCUSDT,70,0.05,-0.015,"(35, 70)",ema50_gt_ema200,False,True
83,19,64,22.89,3360.36,-3684.93,-324.57,0.9119,0.9119194682728926,-700.61,-3.91,2026-07-09T12:13:23.494888,BTCUSDT,70,0.05,-0.015,"(35, 70)",ema20_gt_ema50_and_ema50_gt_ema200,False,True
83,19,64,22.89,3360.36,-3684.93,-324.57,0.9119,0.9119194682728926,-700.61,-3.91,2026-07-09T12:16:38.427098,BTCUSDT,80,0.05,-0.015,"(30, 70)",ema50_gt_ema200,False,True
83,19,64,22.89,3360.36,-3684.93,-324.57,0.9119,0.9119194682728926,-700.61,-3.91,2026-07-09T12:16:49.681995,BTCUSDT,80,0.05,-0.015,"(30, 70)",ema20_gt_ema50_and_ema50_gt_ema200,False,True
83,19,64,22.89,3360.36,-3684.93,-324.57,0.9119,0.9119194682728926,-700.61,-3.91,2026-07-09T12:17:01.751087,BTCUSDT,80,0.05,-0.015,"(35, 70)",ema50_gt_ema200,False,True
83,19,64,22.89,3360.36,-3684.93,-324.57,0.9119,0.9119194682728926,-700.61,-3.91,2026-07-09T12:17:13.798540,BTCUSDT,80,0.05,-0.015,"(35, 70)",ema20_gt_ema50_and_ema50_gt_ema200,False,True
140,46,94,32.86,4974.89,-5465.51,-490.62,0.9102,0.9102335264109124,-1170.35,-3.5,2026-07-09T12:31:06.138370,SOLUSDT,60,0.04,-0.02,"(35, 70)",ema50_gt_ema200,True,True
140,46,94,32.86,4974.89,-5465.51,-490.62,0.9102,0.9102335264109124,-1170.35,-3.5,2026-07-09T12:31:18.313854,SOLUSDT,60,0.04,-0.02,"(35, 70)",ema20_gt_ema50_and_ema50_gt_ema200,True,True
140,46,94,32.86,4974.89,-5465.51,-490.62,0.9102,0.9102335264109124,-1170.35,-3.5,2026-07-09T12:35:22.042787,SOLUSDT,70,0.04,-0.02,"(35, 70)",ema50_gt_ema200,True,True
140,46,94,32.86,4974.89,-5465.51,-490.62,0.9102,0.9102335264109124,-1170.35,-3.5,2026-07-09T12:35:37.819854,SOLUSDT,70,0.04,-0.02,"(35, 70)",ema20_gt_ema50_and_ema50_gt_ema200,True,True
140,46,94,32.86,4974.89,-5465.51,-490.62,0.9102,0.9102335264109124,-1170.35,-3.5,2026-07-09T12:39:37.725125,SOLUSDT,80,0.04,-0.02,"(35, 70)",ema50_gt_ema200,True,True
140,46,94,32.86,4974.89,-5465.51,-490.62,0.9102,0.9102335264109124,-1170.35,-3.5,2026-07-09T12:39:50.753704,SOLUSDT,80,0.04,-0.02,"(35, 70)",ema20_gt_ema50_and_ema50_gt_ema200,True,True
169,39,130,23.08,6923.57,-7619.29,-695.72,0.9087,0.9086896287929235,-1545.89,-4.12,2026-07-09T12:45:11.384524,XRPUSDT,60,0.05,-0.015,None,ema50_gt_ema200,False,False
169,39,130,23.08,6923.57,-7619.29,-695.72,0.9087,0.9086896287929235,-1545.89,-4.12,2026-07-09T12:45:23.964247,XRPUSDT,60,0.05,-0.015,None,ema20_gt_ema50_and_ema50_gt_ema200,False,False
169,39,130,23.08,6923.57,-7619.29,-695.72,0.9087,0.9086896287929235,-1545.89,-4.12,2026-07-09T12:49:16.846289,XRPUSDT,70,0.05,-0.015,None,ema50_gt_ema200,False,False
169,39,130,23.08,6923.57,-7619.29,-695.72,0.9087,0.9086896287929235,-1545.89,-4.12,2026-07-09T12:49:35.219332,XRPUSDT,70,0.05,-0.015,None,ema20_gt_ema50_and_ema50_gt_ema200,False,False
169,39,130,23.08,6923.57,-7619.29,-695.72,0.9087,0.9086896287929235,-1545.89,-4.12,2026-07-09T12:53:22.202474,XRPUSDT,80,0.05,-0.015,None,ema50_gt_ema200,False,False
169,39,130,23.08,6923.57,-7619.29,-695.72,0.9087,0.9086896287929235,-1545.89,-4.12,2026-07-09T12:53:37.234596,XRPUSDT,80,0.05,-0.015,None,ema20_gt_ema50_and_ema50_gt_ema200,False,False
150,34,116,22.67,6130.09,-6748.79,-618.71,0.9083,0.9083232444915145,-1347.2,-4.12,2026-07-09T12:45:41.446385,XRPUSDT,60,0.05,-0.015,"(30, 70)",ema50_gt_ema200,False,True
150,34,116,22.67,6130.09,-6748.79,-618.71,0.9083,0.9083232444915145,-1347.2,-4.12,2026-07-09T12:45:54.857259,XRPUSDT,60,0.05,-0.015,"(30, 70)",ema20_gt_ema50_and_ema50_gt_ema200,False,True
150,34,116,22.67,6130.09,-6748.79,-618.71,0.9083,0.9083232444915145,-1347.2,-4.12,2026-07-09T12:46:08.095906,XRPUSDT,60,0.05,-0.015,"(35, 70)",ema50_gt_ema200,False,True
150,34,116,22.67,6130.09,-6748.79,-618.71,0.9083,0.9083232444915145,-1347.2,-4.12,2026-07-09T12:46:20.975638,XRPUSDT,60,0.05,-0.015,"(35, 70)",ema20_gt_ema50_and_ema50_gt_ema200,False,True
150,34,116,22.67,6130.09,-6748.79,-618.71,0.9083,0.9083232444915145,-1347.2,-4.12,2026-07-09T12:49:52.898521,XRPUSDT,70,0.05,-0.015,"(30, 70)",ema50_gt_ema200,False,True
150,34,116,22.67,6130.09,-6748.79,-618.71,0.9083,0.9083232444915145,-1347.2,-4.12,2026-07-09T12:50:08.621999,XRPUSDT,70,0.05,-0.015,"(30, 70)",ema20_gt_ema50_and_ema50_gt_ema200,False,True
150,34,116,22.67,6130.09,-6748.79,-618.71,0.9083,0.9083232444915145,-1347.2,-4.12,2026-07-09T12:50:23.561663,XRPUSDT,70,0.05,-0.015,"(35, 70)",ema50_gt_ema200,False,True
150,34,116,22.67,6130.09,-6748.79,-618.71,0.9083,0.9083232444915145,-1347.2,-4.12,2026-07-09T12:50:36.475161,XRPUSDT,70,0.05,-0.015,"(35, 70)",ema20_gt_ema50_and_ema50_gt_ema200,False,True
150,34,116,22.67,6130.09,-6748.79,-618.71,0.9083,0.9083232444915145,-1347.2,-4.12,2026-07-09T12:53:52.382963,XRPUSDT,80,0.05,-0.015,"(30, 70)",ema50_gt_ema200,False,True
150,34,116,22.67,6130.09,-6748.79,-618.71,0.9083,0.9083232444915145,-1347.2,-4.12,2026-07-09T12:54:06.341410,XRPUSDT,80,0.05,-0.015,"(30, 70)",ema20_gt_ema50_and_ema50_gt_ema200,False,True
150,34,116,22.67,6130.09,-6748.79,-618.71,0.9083,0.9083232444915145,-1347.2,-4.12,2026-07-09T12:54:20.692968,XRPUSDT,80,0.05,-0.015,"(35, 70)",ema50_gt_ema200,False,True
150,34,116,22.67,6130.09,-6748.79,-618.71,0.9083,0.9083232444915145,-1347.2,-4.12,2026-07-09T12:54:39.152471,XRPUSDT,80,0.05,-0.015,"(35, 70)",ema20_gt_ema50_and_ema50_gt_ema200,False,True
150,47,103,31.33,5111.21,-5632.33,-521.11,0.9075,0.9074782215190748,-1027.29,-3.47,2026-07-09T12:42:42.283121,XRPUSDT,60,0.04,-0.02,None,ema50_gt_ema200,True,False
150,47,103,31.33,5111.21,-5632.33,-521.11,0.9075,0.9074782215190748,-1027.29,-3.47,2026-07-09T12:42:54.490819,XRPUSDT,60,0.04,-0.02,None,ema20_gt_ema50_and_ema50_gt_ema200,True,False
150,47,103,31.33,5111.21,-5632.33,-521.11,0.9075,0.9074782215190748,-1027.29,-3.47,2026-07-09T12:46:36.908575,XRPUSDT,70,0.04,-0.02,None,ema50_gt_ema200,True,False
150,47,103,31.33,5111.21,-5632.33,-521.11,0.9075,0.9074782215190748,-1027.29,-3.47,2026-07-09T12:46:50.110260,XRPUSDT,70,0.04,-0.02,None,ema20_gt_ema50_and_ema50_gt_ema200,True,False
150,47,103,31.33,5111.21,-5632.33,-521.11,0.9075,0.9074782215190748,-1027.29,-3.47,2026-07-09T12:50:52.837039,XRPUSDT,80,0.04,-0.02,None,ema50_gt_ema200,True,False
150,47,103,31.33,5111.21,-5632.33,-521.11,0.9075,0.9074782215190748,-1027.29,-3.47,2026-07-09T12:51:05.313758,XRPUSDT,80,0.04,-0.02,None,ema20_gt_ema50_and_ema50_gt_ema200,True,False
157,44,113,28.03,5834.03,-6435.61,-601.57,0.9065,0.9065244259153058,-1786.89,-3.83,2026-07-09T12:31:46.880878,SOLUSDT,60,0.05,-0.02,"(30, 70)",ema50_gt_ema200,False,False
157,44,113,28.03,5834.03,-6435.61,-601.57,0.9065,0.9065244259153058,-1786.89,-3.83,2026-07-09T12:32:03.046160,SOLUSDT,60,0.05,-0.02,"(30, 70)",ema20_gt_ema50_and_ema50_gt_ema200,False,False
157,44,113,28.03,5834.03,-6435.61,-601.57,0.9065,0.9065244259153058,-1786.89,-3.83,2026-07-09T12:32:19.925043,SOLUSDT,60,0.05,-0.02,"(35, 70)",ema50_gt_ema200,False,False
157,44,113,28.03,5834.03,-6435.61,-601.57,0.9065,0.9065244259153058,-1786.89,-3.83,2026-07-09T12:32:33.273641,SOLUSDT,60,0.05,-0.02,"(35, 70)",ema20_gt_ema50_and_ema50_gt_ema200,False,False
157,44,113,28.03,5834.03,-6435.61,-601.57,0.9065,0.9065244259153058,-1786.89,-3.83,2026-07-09T12:36:12.111941,SOLUSDT,70,0.05,-0.02,"(30, 70)",ema50_gt_ema200,False,False
157,44,113,28.03,5834.03,-6435.61,-601.57,0.9065,0.9065244259153058,-1786.89,-3.83,2026-07-09T12:36:28.260105,SOLUSDT,70,0.05,-0.02,"(30, 70)",ema20_gt_ema50_and_ema50_gt_ema200,False,False
157,44,113,28.03,5834.03,-6435.61,-601.57,0.9065,0.9065244259153058,-1786.89,-3.83,2026-07-09T12:36:41.160965,SOLUSDT,70,0.05,-0.02,"(35, 70)",ema50_gt_ema200,False,False
157,44,113,28.03,5834.03,-6435.61,-601.57,0.9065,0.9065244259153058,-1786.89,-3.83,2026-07-09T12:36:56.283843,SOLUSDT,70,0.05,-0.02,"(35, 70)",ema20_gt_ema50_and_ema50_gt_ema200,False,False
157,44,113,28.03,5834.03,-6435.61,-601.57,0.9065,0.9065244259153058,-1786.89,-3.83,2026-07-09T12:40:20.159064,SOLUSDT,80,0.05,-0.02,"(30, 70)",ema50_gt_ema200,False,False
157,44,113,28.03,5834.03,-6435.61,-601.57,0.9065,0.9065244259153058,-1786.89,-3.83,2026-07-09T12:40:34.852877,SOLUSDT,80,0.05,-0.02,"(30, 70)",ema20_gt_ema50_and_ema50_gt_ema200,False,False
157,44,113,28.03,5834.03,-6435.61,-601.57,0.9065,0.9065244259153058,-1786.89,-3.83,2026-07-09T12:40:50.093429,SOLUSDT,80,0.05,-0.02,"(35, 70)",ema50_gt_ema200,False,False
157,44,113,28.03,5834.03,-6435.61,-601.57,0.9065,0.9065244259153058,-1786.89,-3.83,2026-07-09T12:41:03.406163,SOLUSDT,80,0.05,-0.02,"(35, 70)",ema20_gt_ema50_and_ema50_gt_ema200,False,False
125,34,91,27.2,4534.76,-5007.62,-472.87,0.9056,0.905570824058638,-1086.06,-3.78,2026-07-09T12:44:01.157209,XRPUSDT,60,0.05,-0.02,None,ema50_gt_ema200,True,False
125,34,91,27.2,4534.76,-5007.62,-472.87,0.9056,0.905570824058638,-1086.06,-3.78,2026-07-09T12:44:13.554111,XRPUSDT,60,0.05,-0.02,None,ema20_gt_ema50_and_ema50_gt_ema200,True,False
125,34,91,27.2,4534.76,-5007.62,-472.87,0.9056,0.905570824058638,-1086.06,-3.78,2026-07-09T12:48:04.239143,XRPUSDT,70,0.05,-0.02,None,ema50_gt_ema200,True,False
125,34,91,27.2,4534.76,-5007.62,-472.87,0.9056,0.905570824058638,-1086.06,-3.78,2026-07-09T12:48:17.476269,XRPUSDT,70,0.05,-0.02,None,ema20_gt_ema50_and_ema50_gt_ema200,True,False
125,34,91,27.2,4534.76,-5007.62,-472.87,0.9056,0.905570824058638,-1086.06,-3.78,2026-07-09T12:52:08.673520,XRPUSDT,80,0.05,-0.02,None,ema50_gt_ema200,True,False
125,34,91,27.2,4534.76,-5007.62,-472.87,0.9056,0.905570824058638,-1086.06,-3.78,2026-07-09T12:52:21.953072,XRPUSDT,80,0.05,-0.02,None,ema20_gt_ema50_and_ema50_gt_ema200,True,False
125,34,91,27.2,4515.92,-5019.75,-503.83,0.8996,0.8996313020104826,-1234.26,-4.03,2026-07-09T12:44:27.149698,XRPUSDT,60,0.05,-0.02,"(30, 70)",ema50_gt_ema200,True,False
125,34,91,27.2,4515.92,-5019.75,-503.83,0.8996,0.8996313020104826,-1234.26,-4.03,2026-07-09T12:44:40.447586,XRPUSDT,60,0.05,-0.02,"(30, 70)",ema20_gt_ema50_and_ema50_gt_ema200,True,False
125,34,91,27.2,4515.92,-5019.75,-503.83,0.8996,0.8996313020104826,-1234.26,-4.03,2026-07-09T12:44:52.936975,XRPUSDT,60,0.05,-0.02,"(35, 70)",ema50_gt_ema200,True,False
125,34,91,27.2,4515.92,-5019.75,-503.83,0.8996,0.8996313020104826,-1234.26,-4.03,2026-07-09T12:45:05.243361,XRPUSDT,60,0.05,-0.02,"(35, 70)",ema20_gt_ema50_and_ema50_gt_ema200,True,False
125,34,91,27.2,4515.92,-5019.75,-503.83,0.8996,0.8996313020104826,-1234.26,-4.03,2026-07-09T12:48:31.231923,XRPUSDT,70,0.05,-0.02,"(30, 70)",ema50_gt_ema200,True,False
125,34,91,27.2,4515.92,-5019.75,-503.83,0.8996,0.8996313020104826,-1234.26,-4.03,2026-07-09T12:48:44.845289,XRPUSDT,70,0.05,-0.02,"(30, 70)",ema20_gt_ema50_and_ema50_gt_ema200,True,False
125,34,91,27.2,4515.92,-5019.75,-503.83,0.8996,0.8996313020104826,-1234.26,-4.03,2026-07-09T12:48:57.702888,XRPUSDT,70,0.05,-0.02,"(35, 70)",ema50_gt_ema200,True,False
125,34,91,27.2,4515.92,-5019.75,-503.83,0.8996,0.8996313020104826,-1234.26,-4.03,2026-07-09T12:49:10.640468,XRPUSDT,70,0.05,-0.02,"(35, 70)",ema20_gt_ema50_and_ema50_gt_ema200,True,False
125,34,91,27.2,4515.92,-5019.75,-503.83,0.8996,0.8996313020104826,-1234.26,-4.03,2026-07-09T12:52:34.412345,XRPUSDT,80,0.05,-0.02,"(30, 70)",ema50_gt_ema200,True,False
125,34,91,27.2,4515.92,-5019.75,-503.83,0.8996,0.8996313020104826,-1234.26,-4.03,2026-07-09T12:52:47.804415,XRPUSDT,80,0.05,-0.02,"(30, 70)",ema20_gt_ema50_and_ema50_gt_ema200,True,False
125,34,91,27.2,4515.92,-5019.75,-503.83,0.8996,0.8996313020104826,-1234.26,-4.03,2026-07-09T12:53:00.980244,XRPUSDT,80,0.05,-0.02,"(35, 70)",ema50_gt_ema200,True,False
125,34,91,27.2,4515.92,-5019.75,-503.83,0.8996,0.8996313020104826,-1234.26,-4.03,2026-07-09T12:53:15.290072,XRPUSDT,80,0.05,-0.02,"(35, 70)",ema20_gt_ema50_and_ema50_gt_ema200,True,False
164,53,111,32.32,5808.66,-6462.09,-653.43,0.8989,0.8988827761425138,-1611.03,-3.98,2026-07-09T12:30:32.574888,SOLUSDT,60,0.04,-0.02,"(30, 70)",ema50_gt_ema200,False,True
164,53,111,32.32,5808.66,-6462.09,-653.43,0.8989,0.8988827761425138,-1611.03,-3.98,2026-07-09T12:30:47.331990,SOLUSDT,60,0.04,-0.02,"(30, 70)",ema20_gt_ema50_and_ema50_gt_ema200,False,True
164,53,111,32.32,5808.66,-6462.09,-653.43,0.8989,0.8988827761425138,-1611.03,-3.98,2026-07-09T12:30:59.824308,SOLUSDT,60,0.04,-0.02,"(35, 70)",ema50_gt_ema200,False,True
164,53,111,32.32,5808.66,-6462.09,-653.43,0.8989,0.8988827761425138,-1611.03,-3.98,2026-07-09T12:31:12.131226,SOLUSDT,60,0.04,-0.02,"(35, 70)",ema20_gt_ema50_and_ema50_gt_ema200,False,True
164,53,111,32.32,5808.66,-6462.09,-653.43,0.8989,0.8988827761425138,-1611.03,-3.98,2026-07-09T12:34:45.168491,SOLUSDT,70,0.04,-0.02,"(30, 70)",ema50_gt_ema200,False,True
164,53,111,32.32,5808.66,-6462.09,-653.43,0.8989,0.8988827761425138,-1611.03,-3.98,2026-07-09T12:34:59.432035,SOLUSDT,70,0.04,-0.02,"(30, 70)",ema20_gt_ema50_and_ema50_gt_ema200,False,True
164,53,111,32.32,5808.66,-6462.09,-653.43,0.8989,0.8988827761425138,-1611.03,-3.98,2026-07-09T12:35:14.276684,SOLUSDT,70,0.04,-0.02,"(35, 70)",ema50_gt_ema200,False,True
164,53,111,32.32,5808.66,-6462.09,-653.43,0.8989,0.8988827761425138,-1611.03,-3.98,2026-07-09T12:35:30.313723,SOLUSDT,70,0.04,-0.02,"(35, 70)",ema20_gt_ema50_and_ema50_gt_ema200,False,True
164,53,111,32.32,5808.66,-6462.09,-653.43,0.8989,0.8988827761425138,-1611.03,-3.98,2026-07-09T12:39:01.767252,SOLUSDT,80,0.04,-0.02,"(30, 70)",ema50_gt_ema200,False,True
164,53,111,32.32,5808.66,-6462.09,-653.43,0.8989,0.8988827761425138,-1611.03,-3.98,2026-07-09T12:39:15.487039,SOLUSDT,80,0.04,-0.02,"(30, 70)",ema20_gt_ema50_and_ema50_gt_ema200,False,True
164,53,111,32.32,5808.66,-6462.09,-653.43,0.8989,0.8988827761425138,-1611.03,-3.98,2026-07-09T12:39:30.374517,SOLUSDT,80,0.04,-0.02,"(35, 70)",ema50_gt_ema200,False,True
164,53,111,32.32,5808.66,-6462.09,-653.43,0.8989,0.8988827761425138,-1611.03,-3.98,2026-07-09T12:39:44.703666,SOLUSDT,80,0.04,-0.02,"(35, 70)",ema20_gt_ema50_and_ema50_gt_ema200,False,True
186,44,142,23.66,7762.87,-8659.05,-896.18,0.8965,0.8965031801685946,-2353.6,-4.82,2026-07-09T12:33:20.327040,SOLUSDT,60,0.05,-0.015,"(30, 70)",ema50_gt_ema200,False,False
186,44,142,23.66,7762.87,-8659.05,-896.18,0.8965,0.8965031801685946,-2353.6,-4.82,2026-07-09T12:33:35.198249,SOLUSDT,60,0.05,-0.015,"(30, 70)",ema20_gt_ema50_and_ema50_gt_ema200,False,False
186,44,142,23.66,7762.87,-8659.05,-896.18,0.8965,0.8965031801685946,-2353.6,-4.82,2026-07-09T12:33:50.380293,SOLUSDT,60,0.05,-0.015,"(35, 70)",ema50_gt_ema200,False,False
186,44,142,23.66,7762.87,-8659.05,-896.18,0.8965,0.8965031801685946,-2353.6,-4.82,2026-07-09T12:34:03.305163,SOLUSDT,60,0.05,-0.015,"(35, 70)",ema20_gt_ema50_and_ema50_gt_ema200,False,False
186,44,142,23.66,7762.87,-8659.05,-896.18,0.8965,0.8965031801685946,-2353.6,-4.82,2026-07-09T12:37:38.685289,SOLUSDT,70,0.05,-0.015,"(30, 70)",ema50_gt_ema200,False,False
186,44,142,23.66,7762.87,-8659.05,-896.18,0.8965,0.8965031801685946,-2353.6,-4.82,2026-07-09T12:37:51.944306,SOLUSDT,70,0.05,-0.015,"(30, 70)",ema20_gt_ema50_and_ema50_gt_ema200,False,False
186,44,142,23.66,7762.87,-8659.05,-896.18,0.8965,0.8965031801685946,-2353.6,-4.82,2026-07-09T12:38:04.520584,SOLUSDT,70,0.05,-0.015,"(35, 70)",ema50_gt_ema200,False,False
186,44,142,23.66,7762.87,-8659.05,-896.18,0.8965,0.8965031801685946,-2353.6,-4.82,2026-07-09T12:38:17.337106,SOLUSDT,70,0.05,-0.015,"(35, 70)",ema20_gt_ema50_and_ema50_gt_ema200,False,False
186,44,142,23.66,7762.87,-8659.05,-896.18,0.8965,0.8965031801685946,-2353.6,-4.82,2026-07-09T12:41:45.253835,SOLUSDT,80,0.05,-0.015,"(30, 70)",ema50_gt_ema200,False,False
186,44,142,23.66,7762.87,-8659.05,-896.18,0.8965,0.8965031801685946,-2353.6,-4.82,2026-07-09T12:41:57.438821,SOLUSDT,80,0.05,-0.015,"(30, 70)",ema20_gt_ema50_and_ema50_gt_ema200,False,False
186,44,142,23.66,7762.87,-8659.05,-896.18,0.8965,0.8965031801685946,-2353.6,-4.82,2026-07-09T12:42:09.654382,SOLUSDT,80,0.05,-0.015,"(35, 70)",ema50_gt_ema200,False,False
186,44,142,23.66,7762.87,-8659.05,-896.18,0.8965,0.8965031801685946,-2353.6,-4.82,2026-07-09T12:42:21.478081,SOLUSDT,80,0.05,-0.015,"(35, 70)",ema20_gt_ema50_and_ema50_gt_ema200,False,False
149,35,114,23.49,6235.68,-6961.31,-725.63,0.8958,0.8957625938148032,-1703.0,-4.87,2026-07-09T12:33:31.720698,SOLUSDT,60,0.05,-0.015,"(30, 70)",ema50_gt_ema200,True,True
149,35,114,23.49,6235.68,-6961.31,-725.63,0.8958,0.8957625938148032,-1703.0,-4.87,2026-07-09T12:33:46.792440,SOLUSDT,60,0.05,-0.015,"(30, 70)",ema20_gt_ema50_and_ema50_gt_ema200,True,True
149,35,114,23.49,6235.68,-6961.31,-725.63,0.8958,0.8957625938148032,-1703.0,-4.87,2026-07-09T12:37:48.624372,SOLUSDT,70,0.05,-0.015,"(30, 70)",ema50_gt_ema200,True,True
149,35,114,23.49,6235.68,-6961.31,-725.63,0.8958,0.8957625938148032,-1703.0,-4.87,2026-07-09T12:38:01.391235,SOLUSDT,70,0.05,-0.015,"(30, 70)",ema20_gt_ema50_and_ema50_gt_ema200,True,True
149,35,114,23.49,6235.68,-6961.31,-725.63,0.8958,0.8957625938148032,-1703.0,-4.87,2026-07-09T12:41:54.588924,SOLUSDT,80,0.05,-0.015,"(30, 70)",ema50_gt_ema200,True,True
149,35,114,23.49,6235.68,-6961.31,-725.63,0.8958,0.8957625938148032,-1703.0,-4.87,2026-07-09T12:42:06.595013,SOLUSDT,80,0.05,-0.015,"(30, 70)",ema20_gt_ema50_and_ema50_gt_ema200,True,True
146,34,112,23.29,6058.08,-6814.14,-756.06,0.889,0.8890449337206024,-1733.43,-5.18,2026-07-09T12:34:00.128427,SOLUSDT,60,0.05,-0.015,"(35, 70)",ema50_gt_ema200,True,True
146,34,112,23.29,6058.08,-6814.14,-756.06,0.889,0.8890449337206024,-1733.43,-5.18,2026-07-09T12:34:12.785155,SOLUSDT,60,0.05,-0.015,"(35, 70)",ema20_gt_ema50_and_ema50_gt_ema200,True,True
146,34,112,23.29,6058.08,-6814.14,-756.06,0.889,0.8890449337206024,-1733.43,-5.18,2026-07-09T12:38:14.161827,SOLUSDT,70,0.05,-0.015,"(35, 70)",ema50_gt_ema200,True,True
146,34,112,23.29,6058.08,-6814.14,-756.06,0.889,0.8890449337206024,-1733.43,-5.18,2026-07-09T12:38:27.677279,SOLUSDT,70,0.05,-0.015,"(35, 70)",ema20_gt_ema50_and_ema50_gt_ema200,True,True
146,34,112,23.29,6058.08,-6814.14,-756.06,0.889,0.8890449337206024,-1733.43,-5.18,2026-07-09T12:42:18.566334,SOLUSDT,80,0.05,-0.015,"(35, 70)",ema50_gt_ema200,True,True
146,34,112,23.29,6058.08,-6814.14,-756.06,0.889,0.8890449337206024,-1733.43,-5.18,2026-07-09T12:42:30.341636,SOLUSDT,80,0.05,-0.015,"(35, 70)",ema20_gt_ema50_and_ema50_gt_ema200,True,True
126,34,92,26.98,4536.66,-5151.29,-614.63,0.8807,0.8806847197071555,-1270.04,-4.88,2026-07-09T12:43:57.785032,XRPUSDT,60,0.05,-0.02,None,ema50_gt_ema200,False,True
126,34,92,26.98,4536.66,-5151.29,-614.63,0.8807,0.8806847197071555,-1270.04,-4.88,2026-07-09T12:44:10.468999,XRPUSDT,60,0.05,-0.02,None,ema20_gt_ema50_and_ema50_gt_ema200,False,True
126,34,92,26.98,4536.66,-5151.29,-614.63,0.8807,0.8806847197071555,-1270.04,-4.88,2026-07-09T12:48:00.945854,XRPUSDT,70,0.05,-0.02,None,ema50_gt_ema200,False,True
126,34,92,26.98,4536.66,-5151.29,-614.63,0.8807,0.8806847197071555,-1270.04,-4.88,2026-07-09T12:48:14.124524,XRPUSDT,70,0.05,-0.02,None,ema20_gt_ema50_and_ema50_gt_ema200,False,True
126,34,92,26.98,4536.66,-5151.29,-614.63,0.8807,0.8806847197071555,-1270.04,-4.88,2026-07-09T12:52:04.776124,XRPUSDT,80,0.05,-0.02,None,ema50_gt_ema200,False,True
126,34,92,26.98,4536.66,-5151.29,-614.63,0.8807,0.8806847197071555,-1270.04,-4.88,2026-07-09T12:52:18.879259,XRPUSDT,80,0.05,-0.02,None,ema20_gt_ema50_and_ema50_gt_ema200,False,True
187,43,144,22.99,7731.53,-8786.21,-1054.68,0.88,0.8799620796688884,-2521.32,-5.64,2026-07-09T12:32:46.213660,SOLUSDT,60,0.05,-0.015,None,ema50_gt_ema200,False,False
187,43,144,22.99,7731.53,-8786.21,-1054.68,0.88,0.8799620796688884,-2521.32,-5.64,2026-07-09T12:33:02.889926,SOLUSDT,60,0.05,-0.015,None,ema20_gt_ema50_and_ema50_gt_ema200,False,False
187,43,144,22.99,7731.53,-8786.21,-1054.68,0.88,0.8799620796688884,-2521.32,-5.64,2026-07-09T12:37:10.269406,SOLUSDT,70,0.05,-0.015,None,ema50_gt_ema200,False,False
187,43,144,22.99,7731.53,-8786.21,-1054.68,0.88,0.8799620796688884,-2521.32,-5.64,2026-07-09T12:37:24.584713,SOLUSDT,70,0.05,-0.015,None,ema20_gt_ema50_and_ema50_gt_ema200,False,False
187,43,144,22.99,7731.53,-8786.21,-1054.68,0.88,0.8799620796688884,-2521.32,-5.64,2026-07-09T12:41:16.955449,SOLUSDT,80,0.05,-0.015,None,ema50_gt_ema200,False,False
187,43,144,22.99,7731.53,-8786.21,-1054.68,0.88,0.8799620796688884,-2521.32,-5.64,2026-07-09T12:41:30.831328,SOLUSDT,80,0.05,-0.015,None,ema20_gt_ema50_and_ema50_gt_ema200,False,False
165,51,114,30.91,5603.26,-6370.86,-767.61,0.8795,0.8795129552439682,-1321.19,-4.65,2026-07-09T12:42:36.462007,XRPUSDT,60,0.04,-0.02,None,ema50_gt_ema200,False,False
165,51,114,30.91,5603.26,-6370.86,-767.61,0.8795,0.8795129552439682,-1321.19,-4.65,2026-07-09T12:42:48.035830,XRPUSDT,60,0.04,-0.02,None,ema20_gt_ema50_and_ema50_gt_ema200,False,False
165,51,114,30.91,5603.26,-6370.86,-767.61,0.8795,0.8795129552439682,-1321.19,-4.65,2026-07-09T12:46:30.485676,XRPUSDT,70,0.04,-0.02,None,ema50_gt_ema200,False,False
165,51,114,30.91,5603.26,-6370.86,-767.61,0.8795,0.8795129552439682,-1321.19,-4.65,2026-07-09T12:46:43.522787,XRPUSDT,70,0.04,-0.02,None,ema20_gt_ema50_and_ema50_gt_ema200,False,False
165,51,114,30.91,5603.26,-6370.86,-767.61,0.8795,0.8795129552439682,-1321.19,-4.65,2026-07-09T12:50:46.264984,XRPUSDT,80,0.04,-0.02,None,ema50_gt_ema200,False,False
165,51,114,30.91,5603.26,-6370.86,-767.61,0.8795,0.8795129552439682,-1321.19,-4.65,2026-07-09T12:50:59.109378,XRPUSDT,80,0.04,-0.02,None,ema20_gt_ema50_and_ema50_gt_ema200,False,False
166,37,129,22.29,6624.69,-7552.88,-928.19,0.8771,0.877107752562203,-1811.33,-5.59,2026-07-09T12:45:38.283293,XRPUSDT,60,0.05,-0.015,"(30, 70)",ema50_gt_ema200,False,False
166,37,129,22.29,6624.69,-7552.88,-928.19,0.8771,0.877107752562203,-1811.33,-5.59,2026-07-09T12:45:51.634362,XRPUSDT,60,0.05,-0.015,"(30, 70)",ema20_gt_ema50_and_ema50_gt_ema200,False,False
166,37,129,22.29,6624.69,-7552.88,-928.19,0.8771,0.877107752562203,-1811.33,-5.59,2026-07-09T12:46:04.754683,XRPUSDT,60,0.05,-0.015,"(35, 70)",ema50_gt_ema200,False,False
166,37,129,22.29,6624.69,-7552.88,-928.19,0.8771,0.877107752562203,-1811.33,-5.59,2026-07-09T12:46:17.702584,XRPUSDT,60,0.05,-0.015,"(35, 70)",ema20_gt_ema50_and_ema50_gt_ema200,False,False
166,37,129,22.29,6624.69,-7552.88,-928.19,0.8771,0.877107752562203,-1811.33,-5.59,2026-07-09T12:49:49.746494,XRPUSDT,70,0.05,-0.015,"(30, 70)",ema50_gt_ema200,False,False
166,37,129,22.29,6624.69,-7552.88,-928.19,0.8771,0.877107752562203,-1811.33,-5.59,2026-07-09T12:50:03.553755,XRPUSDT,70,0.05,-0.015,"(30, 70)",ema20_gt_ema50_and_ema50_gt_ema200,False,False
166,37,129,22.29,6624.69,-7552.88,-928.19,0.8771,0.877107752562203,-1811.33,-5.59,2026-07-09T12:50:19.878233,XRPUSDT,70,0.05,-0.015,"(35, 70)",ema50_gt_ema200,False,False
166,37,129,22.29,6624.69,-7552.88,-928.19,0.8771,0.877107752562203,-1811.33,-5.59,2026-07-09T12:50:33.123860,XRPUSDT,70,0.05,-0.015,"(35, 70)",ema20_gt_ema50_and_ema50_gt_ema200,False,False
166,37,129,22.29,6624.69,-7552.88,-928.19,0.8771,0.877107752562203,-1811.33,-5.59,2026-07-09T12:53:49.406338,XRPUSDT,80,0.05,-0.015,"(30, 70)",ema50_gt_ema200,False,False
166,37,129,22.29,6624.69,-7552.88,-928.19,0.8771,0.877107752562203,-1811.33,-5.59,2026-07-09T12:54:02.431459,XRPUSDT,80,0.05,-0.015,"(30, 70)",ema20_gt_ema50_and_ema50_gt_ema200,False,False
166,37,129,22.29,6624.69,-7552.88,-928.19,0.8771,0.877107752562203,-1811.33,-5.59,2026-07-09T12:54:17.370145,XRPUSDT,80,0.05,-0.015,"(35, 70)",ema50_gt_ema200,False,False
166,37,129,22.29,6624.69,-7552.88,-928.19,0.8771,0.877107752562203,-1811.33,-5.59,2026-07-09T12:54:33.116233,XRPUSDT,80,0.05,-0.015,"(35, 70)",ema20_gt_ema50_and_ema50_gt_ema200,False,False
70,22,48,31.43,2328.29,-2661.74,-333.46,0.8747,0.8747220525966314,-598.16,-4.76,2026-07-09T12:06:56.513881,BTCUSDT,60,0.04,-0.02,"(30, 70)",ema50_gt_ema200,True,True
70,22,48,31.43,2328.29,-2661.74,-333.46,0.8747,0.8747220525966314,-598.16,-4.76,2026-07-09T12:07:08.334064,BTCUSDT,60,0.04,-0.02,"(30, 70)",ema20_gt_ema50_and_ema50_gt_ema200,True,True
70,22,48,31.43,2328.29,-2661.74,-333.46,0.8747,0.8747220525966314,-598.16,-4.76,2026-07-09T12:07:21.841467,BTCUSDT,60,0.04,-0.02,"(35, 70)",ema50_gt_ema200,True,True
70,22,48,31.43,2328.29,-2661.74,-333.46,0.8747,0.8747220525966314,-598.16,-4.76,2026-07-09T12:07:34.636890,BTCUSDT,60,0.04,-0.02,"(35, 70)",ema20_gt_ema50_and_ema50_gt_ema200,True,True
70,22,48,31.43,2328.29,-2661.74,-333.46,0.8747,0.8747220525966314,-598.16,-4.76,2026-07-09T12:10:31.336976,BTCUSDT,70,0.04,-0.02,"(30, 70)",ema50_gt_ema200,True,True
70,22,48,31.43,2328.29,-2661.74,-333.46,0.8747,0.8747220525966314,-598.16,-4.76,2026-07-09T12:10:43.171564,BTCUSDT,70,0.04,-0.02,"(30, 70)",ema20_gt_ema50_and_ema50_gt_ema200,True,True
70,22,48,31.43,2328.29,-2661.74,-333.46,0.8747,0.8747220525966314,-598.16,-4.76,2026-07-09T12:10:54.415475,BTCUSDT,70,0.04,-0.02,"(35, 70)",ema50_gt_ema200,True,True
70,22,48,31.43,2328.29,-2661.74,-333.46,0.8747,0.8747220525966314,-598.16,-4.76,2026-07-09T12:11:05.903868,BTCUSDT,70,0.04,-0.02,"(35, 70)",ema20_gt_ema50_and_ema50_gt_ema200,True,True
70,22,48,31.43,2328.29,-2661.74,-333.46,0.8747,0.8747220525966314,-598.16,-4.76,2026-07-09T12:14:12.413899,BTCUSDT,80,0.04,-0.02,"(30, 70)",ema50_gt_ema200,True,True
70,22,48,31.43,2328.29,-2661.74,-333.46,0.8747,0.8747220525966314,-598.16,-4.76,2026-07-09T12:14:24.925410,BTCUSDT,80,0.04,-0.02,"(30, 70)",ema20_gt_ema50_and_ema50_gt_ema200,True,True
70,22,48,31.43,2328.29,-2661.74,-333.46,0.8747,0.8747220525966314,-598.16,-4.76,2026-07-09T12:14:36.970754,BTCUSDT,80,0.04,-0.02,"(35, 70)",ema50_gt_ema200,True,True
70,22,48,31.43,2328.29,-2661.74,-333.46,0.8747,0.8747220525966314,-598.16,-4.76,2026-07-09T12:14:49.286310,BTCUSDT,80,0.04,-0.02,"(35, 70)",ema20_gt_ema50_and_ema50_gt_ema200,True,True
181,42,139,23.2,7482.7,-8574.39,-1091.69,0.8727,0.8726797309607995,-2669.1,-6.03,2026-07-09T12:33:25.149006,SOLUSDT,60,0.05,-0.015,"(30, 70)",ema50_gt_ema200,False,True
181,42,139,23.2,7482.7,-8574.39,-1091.69,0.8727,0.8726797309607995,-2669.1,-6.03,2026-07-09T12:33:39.414832,SOLUSDT,60,0.05,-0.015,"(30, 70)",ema20_gt_ema50_and_ema50_gt_ema200,False,True
181,42,139,23.2,7482.7,-8574.39,-1091.69,0.8727,0.8726797309607995,-2669.1,-6.03,2026-07-09T12:33:53.876680,SOLUSDT,60,0.05,-0.015,"(35, 70)",ema50_gt_ema200,False,True
181,42,139,23.2,7482.7,-8574.39,-1091.69,0.8727,0.8726797309607995,-2669.1,-6.03,2026-07-09T12:34:06.326730,SOLUSDT,60,0.05,-0.015,"(35, 70)",ema20_gt_ema50_and_ema50_gt_ema200,False,True
181,42,139,23.2,7482.7,-8574.39,-1091.69,0.8727,0.8726797309607995,-2669.1,-6.03,2026-07-09T12:37:41.894362,SOLUSDT,70,0.05,-0.015,"(30, 70)",ema50_gt_ema200,False,True
181,42,139,23.2,7482.7,-8574.39,-1091.69,0.8727,0.8726797309607995,-2669.1,-6.03,2026-07-09T12:37:55.158847,SOLUSDT,70,0.05,-0.015,"(30, 70)",ema20_gt_ema50_and_ema50_gt_ema200,False,True
181,42,139,23.2,7482.7,-8574.39,-1091.69,0.8727,0.8726797309607995,-2669.1,-6.03,2026-07-09T12:38:07.979799,SOLUSDT,70,0.05,-0.015,"(35, 70)",ema50_gt_ema200,False,True
181,42,139,23.2,7482.7,-8574.39,-1091.69,0.8727,0.8726797309607995,-2669.1,-6.03,2026-07-09T12:38:20.652999,SOLUSDT,70,0.05,-0.015,"(35, 70)",ema20_gt_ema50_and_ema50_gt_ema200,False,True
181,42,139,23.2,7482.7,-8574.39,-1091.69,0.8727,0.8726797309607995,-2669.1,-6.03,2026-07-09T12:41:48.443504,SOLUSDT,80,0.05,-0.015,"(30, 70)",ema50_gt_ema200,False,True
181,42,139,23.2,7482.7,-8574.39,-1091.69,0.8727,0.8726797309607995,-2669.1,-6.03,2026-07-09T12:42:00.399683,SOLUSDT,80,0.05,-0.015,"(30, 70)",ema20_gt_ema50_and_ema50_gt_ema200,False,True
181,42,139,23.2,7482.7,-8574.39,-1091.69,0.8727,0.8726797309607995,-2669.1,-6.03,2026-07-09T12:42:12.625412,SOLUSDT,80,0.05,-0.015,"(35, 70)",ema50_gt_ema200,False,True
181,42,139,23.2,7482.7,-8574.39,-1091.69,0.8727,0.8726797309607995,-2669.1,-6.03,2026-07-09T12:42:24.415884,SOLUSDT,80,0.05,-0.015,"(35, 70)",ema20_gt_ema50_and_ema50_gt_ema200,False,True
75,24,51,32.0,2533.9,-2924.75,-390.85,0.8664,0.8663643545917681,-836.65,-5.21,2026-07-09T12:06:50.611296,BTCUSDT,60,0.04,-0.02,"(30, 70)",ema50_gt_ema200,False,True
75,24,51,32.0,2533.9,-2924.75,-390.85,0.8664,0.8663643545917681,-836.65,-5.21,2026-07-09T12:07:02.378919,BTCUSDT,60,0.04,-0.02,"(30, 70)",ema20_gt_ema50_and_ema50_gt_ema200,False,True
75,24,51,32.0,2533.9,-2924.75,-390.85,0.8664,0.8663643545917681,-836.65,-5.21,2026-07-09T12:07:15.023416,BTCUSDT,60,0.04,-0.02,"(35, 70)",ema50_gt_ema200,False,True
75,24,51,32.0,2533.9,-2924.75,-390.85,0.8664,0.8663643545917681,-836.65,-5.21,2026-07-09T12:07:28.335365,BTCUSDT,60,0.04,-0.02,"(35, 70)",ema20_gt_ema50_and_ema50_gt_ema200,False,True
75,24,51,32.0,2533.9,-2924.75,-390.85,0.8664,0.8663643545917681,-836.65,-5.21,2026-07-09T12:10:25.494213,BTCUSDT,70,0.04,-0.02,"(30, 70)",ema50_gt_ema200,False,True
75,24,51,32.0,2533.9,-2924.75,-390.85,0.8664,0.8663643545917681,-836.65,-5.21,2026-07-09T12:10:37.321201,BTCUSDT,70,0.04,-0.02,"(30, 70)",ema20_gt_ema50_and_ema50_gt_ema200,False,True
75,24,51,32.0,2533.9,-2924.75,-390.85,0.8664,0.8663643545917681,-836.65,-5.21,2026-07-09T12:10:48.757019,BTCUSDT,70,0.04,-0.02,"(35, 70)",ema50_gt_ema200,False,True
75,24,51,32.0,2533.9,-2924.75,-390.85,0.8664,0.8663643545917681,-836.65,-5.21,2026-07-09T12:11:00.096721,BTCUSDT,70,0.04,-0.02,"(35, 70)",ema20_gt_ema50_and_ema50_gt_ema200,False,True
75,24,51,32.0,2533.9,-2924.75,-390.85,0.8664,0.8663643545917681,-836.65,-5.21,2026-07-09T12:14:06.279020,BTCUSDT,80,0.04,-0.02,"(30, 70)",ema50_gt_ema200,False,True
75,24,51,32.0,2533.9,-2924.75,-390.85,0.8664,0.8663643545917681,-836.65,-5.21,2026-07-09T12:14:18.525921,BTCUSDT,80,0.04,-0.02,"(30, 70)",ema20_gt_ema50_and_ema50_gt_ema200,False,True
75,24,51,32.0,2533.9,-2924.75,-390.85,0.8664,0.8663643545917681,-836.65,-5.21,2026-07-09T12:14:30.868248,BTCUSDT,80,0.04,-0.02,"(35, 70)",ema50_gt_ema200,False,True
75,24,51,32.0,2533.9,-2924.75,-390.85,0.8664,0.8663643545917681,-836.65,-5.21,2026-07-09T12:14:43.553310,BTCUSDT,80,0.04,-0.02,"(35, 70)",ema20_gt_ema50_and_ema50_gt_ema200,False,True
113,30,83,26.55,4029.08,-4683.21,-654.14,0.8603,0.8603226142862376,-1196.92,-5.79,2026-07-09T12:44:30.327864,XRPUSDT,60,0.05,-0.02,"(30, 70)",ema50_gt_ema200,True,True
113,30,83,26.55,4029.08,-4683.21,-654.14,0.8603,0.8603226142862376,-1196.92,-5.79,2026-07-09T12:44:43.523137,XRPUSDT,60,0.05,-0.02,"(30, 70)",ema20_gt_ema50_and_ema50_gt_ema200,True,True
113,30,83,26.55,4029.08,-4683.21,-654.14,0.8603,0.8603226142862376,-1196.92,-5.79,2026-07-09T12:44:55.866112,XRPUSDT,60,0.05,-0.02,"(35, 70)",ema50_gt_ema200,True,True
113,30,83,26.55,4029.08,-4683.21,-654.14,0.8603,0.8603226142862376,-1196.92,-5.79,2026-07-09T12:45:08.412995,XRPUSDT,60,0.05,-0.02,"(35, 70)",ema20_gt_ema50_and_ema50_gt_ema200,True,True
113,30,83,26.55,4029.08,-4683.21,-654.14,0.8603,0.8603226142862376,-1196.92,-5.79,2026-07-09T12:48:34.838410,XRPUSDT,70,0.05,-0.02,"(30, 70)",ema50_gt_ema200,True,True
113,30,83,26.55,4029.08,-4683.21,-654.14,0.8603,0.8603226142862376,-1196.92,-5.79,2026-07-09T12:48:47.993010,XRPUSDT,70,0.05,-0.02,"(30, 70)",ema20_gt_ema50_and_ema50_gt_ema200,True,True
113,30,83,26.55,4029.08,-4683.21,-654.14,0.8603,0.8603226142862376,-1196.92,-5.79,2026-07-09T12:49:01.218753,XRPUSDT,70,0.05,-0.02,"(35, 70)",ema50_gt_ema200,True,True
113,30,83,26.55,4029.08,-4683.21,-654.14,0.8603,0.8603226142862376,-1196.92,-5.79,2026-07-09T12:49:13.715455,XRPUSDT,70,0.05,-0.02,"(35, 70)",ema20_gt_ema50_and_ema50_gt_ema200,True,True
113,30,83,26.55,4029.08,-4683.21,-654.14,0.8603,0.8603226142862376,-1196.92,-5.79,2026-07-09T12:52:37.588034,XRPUSDT,80,0.05,-0.02,"(30, 70)",ema50_gt_ema200,True,True
113,30,83,26.55,4029.08,-4683.21,-654.14,0.8603,0.8603226142862376,-1196.92,-5.79,2026-07-09T12:52:50.977977,XRPUSDT,80,0.05,-0.02,"(30, 70)",ema20_gt_ema50_and_ema50_gt_ema200,True,True
113,30,83,26.55,4029.08,-4683.21,-654.14,0.8603,0.8603226142862376,-1196.92,-5.79,2026-07-09T12:53:04.394111,XRPUSDT,80,0.05,-0.02,"(35, 70)",ema50_gt_ema200,True,True
113,30,83,26.55,4029.08,-4683.21,-654.14,0.8603,0.8603226142862376,-1196.92,-5.79,2026-07-09T12:53:18.779344,XRPUSDT,80,0.05,-0.02,"(35, 70)",ema20_gt_ema50_and_ema50_gt_ema200,True,True
153,41,112,26.8,5547.32,-6452.52,-905.2,0.8597,0.8597138846352986,-2073.01,-5.92,2026-07-09T12:31:21.270804,SOLUSDT,60,0.05,-0.02,None,ema50_gt_ema200,False,False
153,41,112,26.8,5547.32,-6452.52,-905.2,0.8597,0.8597138846352986,-2073.01,-5.92,2026-07-09T12:31:33.631664,SOLUSDT,60,0.05,-0.02,None,ema20_gt_ema50_and_ema50_gt_ema200,False,False
153,41,112,26.8,5547.32,-6452.52,-905.2,0.8597,0.8597138846352986,-2073.01,-5.92,2026-07-09T12:35:41.473550,SOLUSDT,70,0.05,-0.02,None,ema50_gt_ema200,False,False
153,41,112,26.8,5547.32,-6452.52,-905.2,0.8597,0.8597138846352986,-2073.01,-5.92,2026-07-09T12:35:55.294415,SOLUSDT,70,0.05,-0.02,None,ema20_gt_ema50_and_ema50_gt_ema200,False,False
153,41,112,26.8,5547.32,-6452.52,-905.2,0.8597,0.8597138846352986,-2073.01,-5.92,2026-07-09T12:39:54.028145,SOLUSDT,80,0.05,-0.02,None,ema50_gt_ema200,False,False
153,41,112,26.8,5547.32,-6452.52,-905.2,0.8597,0.8597138846352986,-2073.01,-5.92,2026-07-09T12:40:06.679695,SOLUSDT,80,0.05,-0.02,None,ema20_gt_ema50_and_ema50_gt_ema200,False,False
78,24,54,30.77,2558.38,-2985.39,-427.01,0.857,0.856966306843167,-794.58,-5.47,2026-07-09T12:06:53.450168,BTCUSDT,60,0.04,-0.02,"(30, 70)",ema50_gt_ema200,True,False
78,24,54,30.77,2558.38,-2985.39,-427.01,0.857,0.856966306843167,-794.58,-5.47,2026-07-09T12:07:05.210495,BTCUSDT,60,0.04,-0.02,"(30, 70)",ema20_gt_ema50_and_ema50_gt_ema200,True,False
78,24,54,30.77,2558.38,-2985.39,-427.01,0.857,0.856966306843167,-794.58,-5.47,2026-07-09T12:07:18.653881,BTCUSDT,60,0.04,-0.02,"(35, 70)",ema50_gt_ema200,True,False
78,24,54,30.77,2558.38,-2985.39,-427.01,0.857,0.856966306843167,-794.58,-5.47,2026-07-09T12:07:31.552564,BTCUSDT,60,0.04,-0.02,"(35, 70)",ema20_gt_ema50_and_ema50_gt_ema200,True,False
78,24,54,30.77,2558.38,-2985.39,-427.01,0.857,0.856966306843167,-794.58,-5.47,2026-07-09T12:10:28.294295,BTCUSDT,70,0.04,-0.02,"(30, 70)",ema50_gt_ema200,True,False
78,24,54,30.77,2558.38,-2985.39,-427.01,0.857,0.856966306843167,-794.58,-5.47,2026-07-09T12:10:40.234693,BTCUSDT,70,0.04,-0.02,"(30, 70)",ema20_gt_ema50_and_ema50_gt_ema200,True,False
78,24,54,30.77,2558.38,-2985.39,-427.01,0.857,0.856966306843167,-794.58,-5.47,2026-07-09T12:10:51.609847,BTCUSDT,70,0.04,-0.02,"(35, 70)",ema50_gt_ema200,True,False
78,24,54,30.77,2558.38,-2985.39,-427.01,0.857,0.856966306843167,-794.58,-5.47,2026-07-09T12:11:02.977016,BTCUSDT,70,0.04,-0.02,"(35, 70)",ema20_gt_ema50_and_ema50_gt_ema200,True,False
78,24,54,30.77,2558.38,-2985.39,-427.01,0.857,0.856966306843167,-794.58,-5.47,2026-07-09T12:14:09.358096,BTCUSDT,80,0.04,-0.02,"(30, 70)",ema50_gt_ema200,True,False
78,24,54,30.77,2558.38,-2985.39,-427.01,0.857,0.856966306843167,-794.58,-5.47,2026-07-09T12:14:21.715420,BTCUSDT,80,0.04,-0.02,"(30, 70)",ema20_gt_ema50_and_ema50_gt_ema200,True,False
78,24,54,30.77,2558.38,-2985.39,-427.01,0.857,0.856966306843167,-794.58,-5.47,2026-07-09T12:14:33.740539,BTCUSDT,80,0.04,-0.02,"(35, 70)",ema50_gt_ema200,True,False
78,24,54,30.77,2558.38,-2985.39,-427.01,0.857,0.856966306843167,-794.58,-5.47,2026-07-09T12:14:46.406317,BTCUSDT,80,0.04,-0.02,"(35, 70)",ema20_gt_ema50_and_ema50_gt_ema200,True,False
88,19,69,21.59,3325.19,-3887.35,-562.16,0.8554,0.8553878826292433,-757.93,-6.39,2026-07-09T12:08:54.069496,BTCUSDT,60,0.05,-0.015,None,ema50_gt_ema200,False,True
88,19,69,21.59,3325.19,-3887.35,-562.16,0.8554,0.8553878826292433,-757.93,-6.39,2026-07-09T12:09:05.664739,BTCUSDT,60,0.05,-0.015,None,ema20_gt_ema50_and_ema50_gt_ema200,False,True
88,19,69,21.59,3325.19,-3887.35,-562.16,0.8554,0.8553878826292433,-757.93,-6.39,2026-07-09T12:12:21.477171,BTCUSDT,70,0.05,-0.015,None,ema50_gt_ema200,False,True
88,19,69,21.59,3325.19,-3887.35,-562.16,0.8554,0.8553878826292433,-757.93,-6.39,2026-07-09T12:12:32.821660,BTCUSDT,70,0.05,-0.015,None,ema20_gt_ema50_and_ema50_gt_ema200,False,True
88,19,69,21.59,3325.19,-3887.35,-562.16,0.8554,0.8553878826292433,-757.93,-6.39,2026-07-09T12:16:15.026411,BTCUSDT,80,0.05,-0.015,None,ema50_gt_ema200,False,True
88,19,69,21.59,3325.19,-3887.35,-562.16,0.8554,0.8553878826292433,-757.93,-6.39,2026-07-09T12:16:26.433030,BTCUSDT,80,0.05,-0.015,None,ema20_gt_ema50_and_ema50_gt_ema200,False,True
137,36,101,26.28,4822.22,-5659.75,-837.53,0.852,0.8520195971196681,-1373.62,-6.11,2026-07-09T12:43:54.670643,XRPUSDT,60,0.05,-0.02,None,ema50_gt_ema200,False,False
137,36,101,26.28,4822.22,-5659.75,-837.53,0.852,0.8520195971196681,-1373.62,-6.11,2026-07-09T12:44:07.244687,XRPUSDT,60,0.05,-0.02,None,ema20_gt_ema50_and_ema50_gt_ema200,False,False
137,36,101,26.28,4822.22,-5659.75,-837.53,0.852,0.8520195971196681,-1373.62,-6.11,2026-07-09T12:47:57.205801,XRPUSDT,70,0.05,-0.02,None,ema50_gt_ema200,False,False
137,36,101,26.28,4822.22,-5659.75,-837.53,0.852,0.8520195971196681,-1373.62,-6.11,2026-07-09T12:48:10.947073,XRPUSDT,70,0.05,-0.02,None,ema20_gt_ema50_and_ema50_gt_ema200,False,False
137,36,101,26.28,4822.22,-5659.75,-837.53,0.852,0.8520195971196681,-1373.62,-6.11,2026-07-09T12:52:01.338225,XRPUSDT,80,0.05,-0.02,None,ema50_gt_ema200,False,False
137,36,101,26.28,4822.22,-5659.75,-837.53,0.852,0.8520195971196681,-1373.62,-6.11,2026-07-09T12:52:15.707719,XRPUSDT,80,0.05,-0.02,None,ema20_gt_ema50_and_ema50_gt_ema200,False,False
88,19,69,21.59,3312.14,-3923.94,-611.8,0.8441,0.8440853865831859,-818.64,-6.95,2026-07-09T12:09:14.145211,BTCUSDT,60,0.05,-0.015,"(30, 70)",ema50_gt_ema200,False,False
88,19,69,21.59,3312.14,-3923.94,-611.8,0.8441,0.8440853865831859,-818.64,-6.95,2026-07-09T12:09:25.519981,BTCUSDT,60,0.05,-0.015,"(30, 70)",ema20_gt_ema50_and_ema50_gt_ema200,False,False
88,19,69,21.59,3312.14,-3923.94,-611.8,0.8441,0.8440853865831859,-818.64,-6.95,2026-07-09T12:09:36.935506,BTCUSDT,60,0.05,-0.015,"(35, 70)",ema50_gt_ema200,False,False
88,19,69,21.59,3312.14,-3923.94,-611.8,0.8441,0.8440853865831859,-818.64,-6.95,2026-07-09T12:09:48.489148,BTCUSDT,60,0.05,-0.015,"(35, 70)",ema20_gt_ema50_and_ema50_gt_ema200,False,False
88,19,69,21.59,3312.14,-3923.94,-611.8,0.8441,0.8440853865831859,-818.64,-6.95,2026-07-09T12:12:41.520298,BTCUSDT,70,0.05,-0.015,"(30, 70)",ema50_gt_ema200,False,False
88,19,69,21.59,3312.14,-3923.94,-611.8,0.8441,0.8440853865831859,-818.64,-6.95,2026-07-09T12:12:53.107657,BTCUSDT,70,0.05,-0.015,"(30, 70)",ema20_gt_ema50_and_ema50_gt_ema200,False,False
88,19,69,21.59,3312.14,-3923.94,-611.8,0.8441,0.8440853865831859,-818.64,-6.95,2026-07-09T12:13:04.612479,BTCUSDT,70,0.05,-0.015,"(35, 70)",ema50_gt_ema200,False,False
88,19,69,21.59,3312.14,-3923.94,-611.8,0.8441,0.8440853865831859,-818.64,-6.95,2026-07-09T12:13:19.674185,BTCUSDT,70,0.05,-0.015,"(35, 70)",ema20_gt_ema50_and_ema50_gt_ema200,False,False
88,19,69,21.59,3312.14,-3923.94,-611.8,0.8441,0.8440853865831859,-818.64,-6.95,2026-07-09T12:16:35.178623,BTCUSDT,80,0.05,-0.015,"(30, 70)",ema50_gt_ema200,False,False
88,19,69,21.59,3312.14,-3923.94,-611.8,0.8441,0.8440853865831859,-818.64,-6.95,2026-07-09T12:16:46.908690,BTCUSDT,80,0.05,-0.015,"(30, 70)",ema20_gt_ema50_and_ema50_gt_ema200,False,False
88,19,69,21.59,3312.14,-3923.94,-611.8,0.8441,0.8440853865831859,-818.64,-6.95,2026-07-09T12:16:58.258988,BTCUSDT,80,0.05,-0.015,"(35, 70)",ema50_gt_ema200,False,False
88,19,69,21.59,3312.14,-3923.94,-611.8,0.8441,0.8440853865831859,-818.64,-6.95,2026-07-09T12:17:10.801357,BTCUSDT,80,0.05,-0.015,"(35, 70)",ema20_gt_ema50_and_ema50_gt_ema200,False,False
175,39,136,22.29,6953.24,-8302.56,-1349.32,0.8375,0.8374815040555004,-2275.01,-7.71,2026-07-09T12:32:54.583016,SOLUSDT,60,0.05,-0.015,None,ema50_gt_ema200,True,False
175,39,136,22.29,6953.24,-8302.56,-1349.32,0.8375,0.8374815040555004,-2275.01,-7.71,2026-07-09T12:33:12.376920,SOLUSDT,60,0.05,-0.015,None,ema20_gt_ema50_and_ema50_gt_ema200,True,False
175,39,136,22.29,6953.24,-8302.56,-1349.32,0.8375,0.8374815040555004,-2275.01,-7.71,2026-07-09T12:37:17.003042,SOLUSDT,70,0.05,-0.015,None,ema50_gt_ema200,True,False
175,39,136,22.29,6953.24,-8302.56,-1349.32,0.8375,0.8374815040555004,-2275.01,-7.71,2026-07-09T12:37:31.616290,SOLUSDT,70,0.05,-0.015,None,ema20_gt_ema50_and_ema50_gt_ema200,True,False
175,39,136,22.29,6953.24,-8302.56,-1349.32,0.8375,0.8374815040555004,-2275.01,-7.71,2026-07-09T12:41:23.923302,SOLUSDT,80,0.05,-0.015,None,ema50_gt_ema200,True,False
175,39,136,22.29,6953.24,-8302.56,-1349.32,0.8375,0.8374815040555004,-2275.01,-7.71,2026-07-09T12:41:39.034483,SOLUSDT,80,0.05,-0.015,None,ema20_gt_ema50_and_ema50_gt_ema200,True,False
166,37,129,22.29,6618.4,-7948.83,-1330.43,0.8326,0.8326261474959207,-2208.32,-8.01,2026-07-09T12:32:59.322252,SOLUSDT,60,0.05,-0.015,None,ema50_gt_ema200,True,True
166,37,129,22.29,6618.4,-7948.83,-1330.43,0.8326,0.8326261474959207,-2208.32,-8.01,2026-07-09T12:33:16.645933,SOLUSDT,60,0.05,-0.015,None,ema20_gt_ema50_and_ema50_gt_ema200,True,True
166,37,129,22.29,6618.4,-7948.83,-1330.43,0.8326,0.8326261474959207,-2208.32,-8.01,2026-07-09T12:37:20.518898,SOLUSDT,70,0.05,-0.015,None,ema50_gt_ema200,True,True
166,37,129,22.29,6618.4,-7948.83,-1330.43,0.8326,0.8326261474959207,-2208.32,-8.01,2026-07-09T12:37:35.063082,SOLUSDT,70,0.05,-0.015,None,ema20_gt_ema50_and_ema50_gt_ema200,True,True
166,37,129,22.29,6618.4,-7948.83,-1330.43,0.8326,0.8326261474959207,-2208.32,-8.01,2026-07-09T12:41:27.123849,SOLUSDT,80,0.05,-0.015,None,ema50_gt_ema200,True,True
166,37,129,22.29,6618.4,-7948.83,-1330.43,0.8326,0.8326261474959207,-2208.32,-8.01,2026-07-09T12:41:42.230925,SOLUSDT,80,0.05,-0.015,None,ema20_gt_ema50_and_ema50_gt_ema200,True,True
77,24,53,31.17,2520.93,-3049.08,-528.15,0.8268,0.8267839301391164,-842.3,-6.86,2026-07-09T12:06:28.238337,BTCUSDT,60,0.04,-0.02,None,ema50_gt_ema200,False,True
77,24,53,31.17,2520.93,-3049.08,-528.15,0.8268,0.8267839301391164,-842.3,-6.86,2026-07-09T12:06:39.349283,BTCUSDT,60,0.04,-0.02,None,ema20_gt_ema50_and_ema50_gt_ema200,False,True
77,24,53,31.17,2520.93,-3049.08,-528.15,0.8268,0.8267839301391164,-842.3,-6.86,2026-07-09T12:10:02.869727,BTCUSDT,70,0.04,-0.02,None,ema50_gt_ema200,False,True
77,24,53,31.17,2520.93,-3049.08,-528.15,0.8268,0.8267839301391164,-842.3,-6.86,2026-07-09T12:10:14.219068,BTCUSDT,70,0.04,-0.02,None,ema20_gt_ema50_and_ema50_gt_ema200,False,True
77,24,53,31.17,2520.93,-3049.08,-528.15,0.8268,0.8267839301391164,-842.3,-6.86,2026-07-09T12:13:38.979449,BTCUSDT,80,0.04,-0.02,None,ema50_gt_ema200,False,True
77,24,53,31.17,2520.93,-3049.08,-528.15,0.8268,0.8267839301391164,-842.3,-6.86,2026-07-09T12:13:53.017851,BTCUSDT,80,0.04,-0.02,None,ema20_gt_ema50_and_ema50_gt_ema200,False,True
80,17,63,21.25,2975.57,-3613.24,-637.67,0.8235,0.8235185057824213,-795.54,-7.97,2026-07-09T12:09:22.695275,BTCUSDT,60,0.05,-0.015,"(30, 70)",ema50_gt_ema200,True,True
80,17,63,21.25,2975.57,-3613.24,-637.67,0.8235,0.8235185057824213,-795.54,-7.97,2026-07-09T12:09:34.097056,BTCUSDT,60,0.05,-0.015,"(30, 70)",ema20_gt_ema50_and_ema50_gt_ema200,True,True
80,17,63,21.25,2975.57,-3613.24,-637.67,0.8235,0.8235185057824213,-795.54,-7.97,2026-07-09T12:09:45.651256,BTCUSDT,60,0.05,-0.015,"(35, 70)",ema50_gt_ema200,True,True
80,17,63,21.25,2975.57,-3613.24,-637.67,0.8235,0.8235185057824213,-795.54,-7.97,2026-07-09T12:09:57.035039,BTCUSDT,60,0.05,-0.015,"(35, 70)",ema20_gt_ema50_and_ema50_gt_ema200,True,True
80,17,63,21.25,2975.57,-3613.24,-637.67,0.8235,0.8235185057824213,-795.54,-7.97,2026-07-09T12:12:50.265104,BTCUSDT,70,0.05,-0.015,"(30, 70)",ema50_gt_ema200,True,True
80,17,63,21.25,2975.57,-3613.24,-637.67,0.8235,0.8235185057824213,-795.54,-7.97,2026-07-09T12:13:01.772322,BTCUSDT,70,0.05,-0.015,"(30, 70)",ema20_gt_ema50_and_ema50_gt_ema200,True,True
80,17,63,21.25,2975.57,-3613.24,-637.67,0.8235,0.8235185057824213,-795.54,-7.97,2026-07-09T12:13:16.213349,BTCUSDT,70,0.05,-0.015,"(35, 70)",ema50_gt_ema200,True,True
80,17,63,21.25,2975.57,-3613.24,-637.67,0.8235,0.8235185057824213,-795.54,-7.97,2026-07-09T12:13:31.925851,BTCUSDT,70,0.05,-0.015,"(35, 70)",ema20_gt_ema50_and_ema50_gt_ema200,True,True
80,17,63,21.25,2975.57,-3613.24,-637.67,0.8235,0.8235185057824213,-795.54,-7.97,2026-07-09T12:16:44.094706,BTCUSDT,80,0.05,-0.015,"(30, 70)",ema50_gt_ema200,True,True
80,17,63,21.25,2975.57,-3613.24,-637.67,0.8235,0.8235185057824213,-795.54,-7.97,2026-07-09T12:16:55.497371,BTCUSDT,80,0.05,-0.015,"(30, 70)",ema20_gt_ema50_and_ema50_gt_ema200,True,True
80,17,63,21.25,2975.57,-3613.24,-637.67,0.8235,0.8235185057824213,-795.54,-7.97,2026-07-09T12:17:07.934026,BTCUSDT,80,0.05,-0.015,"(35, 70)",ema50_gt_ema200,True,True
80,17,63,21.25,2975.57,-3613.24,-637.67,0.8235,0.8235185057824213,-795.54,-7.97,2026-07-09T12:17:21.817991,BTCUSDT,80,0.05,-0.015,"(35, 70)",ema20_gt_ema50_and_ema50_gt_ema200,True,True
182,40,142,21.98,7262.76,-8849.48,-1586.72,0.8207,0.8206992131116455,-3071.67,-8.72,2026-07-09T12:32:49.707811,SOLUSDT,60,0.05,-0.015,None,ema50_gt_ema200,False,True
182,40,142,21.98,7262.76,-8849.48,-1586.72,0.8207,0.8206992131116455,-3071.67,-8.72,2026-07-09T12:33:06.640247,SOLUSDT,60,0.05,-0.015,None,ema20_gt_ema50_and_ema50_gt_ema200,False,True
182,40,142,21.98,7262.76,-8849.48,-1586.72,0.8207,0.8206992131116455,-3071.67,-8.72,2026-07-09T12:37:13.604826,SOLUSDT,70,0.05,-0.015,None,ema50_gt_ema200,False,True
182,40,142,21.98,7262.76,-8849.48,-1586.72,0.8207,0.8206992131116455,-3071.67,-8.72,2026-07-09T12:37:28.238232,SOLUSDT,70,0.05,-0.015,None,ema20_gt_ema50_and_ema50_gt_ema200,False,True
182,40,142,21.98,7262.76,-8849.48,-1586.72,0.8207,0.8206992131116455,-3071.67,-8.72,2026-07-09T12:41:20.732212,SOLUSDT,80,0.05,-0.015,None,ema50_gt_ema200,False,True
182,40,142,21.98,7262.76,-8849.48,-1586.72,0.8207,0.8206992131116455,-3071.67,-8.72,2026-07-09T12:41:34.654260,SOLUSDT,80,0.05,-0.015,None,ema20_gt_ema50_and_ema50_gt_ema200,False,True
91,19,72,20.88,3276.55,-4055.03,-778.47,0.808,0.8080223994606988,-790.96,-8.55,2026-07-09T12:08:51.276090,BTCUSDT,60,0.05,-0.015,None,ema50_gt_ema200,False,False
91,19,72,20.88,3276.55,-4055.03,-778.47,0.808,0.8080223994606988,-790.96,-8.55,2026-07-09T12:09:02.822356,BTCUSDT,60,0.05,-0.015,None,ema20_gt_ema50_and_ema50_gt_ema200,False,False
91,19,72,20.88,3276.55,-4055.03,-778.47,0.808,0.8080223994606988,-790.96,-8.55,2026-07-09T12:12:18.558902,BTCUSDT,70,0.05,-0.015,None,ema50_gt_ema200,False,False
91,19,72,20.88,3276.55,-4055.03,-778.47,0.808,0.8080223994606988,-790.96,-8.55,2026-07-09T12:12:29.965772,BTCUSDT,70,0.05,-0.015,None,ema20_gt_ema50_and_ema50_gt_ema200,False,False
91,19,72,20.88,3276.55,-4055.03,-778.47,0.808,0.8080223994606988,-790.96,-8.55,2026-07-09T12:16:12.294962,BTCUSDT,80,0.05,-0.015,None,ema50_gt_ema200,False,False
91,19,72,20.88,3276.55,-4055.03,-778.47,0.808,0.8080223994606988,-790.96,-8.55,2026-07-09T12:16:23.626473,BTCUSDT,80,0.05,-0.015,None,ema20_gt_ema50_and_ema50_gt_ema200,False,False
80,24,56,30.0,2563.39,-3173.73,-610.34,0.8077,0.8076892077281839,-937.48,-7.63,2026-07-09T12:06:47.776757,BTCUSDT,60,0.04,-0.02,"(30, 70)",ema50_gt_ema200,False,False
80,24,56,30.0,2563.39,-3173.73,-610.34,0.8077,0.8076892077281839,-937.48,-7.63,2026-07-09T12:06:59.438156,BTCUSDT,60,0.04,-0.02,"(30, 70)",ema20_gt_ema50_and_ema50_gt_ema200,False,False
80,24,56,30.0,2563.39,-3173.73,-610.34,0.8077,0.8076892077281839,-937.48,-7.63,2026-07-09T12:07:11.940248,BTCUSDT,60,0.04,-0.02,"(35, 70)",ema50_gt_ema200,False,False
80,24,56,30.0,2563.39,-3173.73,-610.34,0.8077,0.8076892077281839,-937.48,-7.63,2026-07-09T12:07:25.165706,BTCUSDT,60,0.04,-0.02,"(35, 70)",ema20_gt_ema50_and_ema50_gt_ema200,False,False
80,24,56,30.0,2563.39,-3173.73,-610.34,0.8077,0.8076892077281839,-937.48,-7.63,2026-07-09T12:10:22.687053,BTCUSDT,70,0.04,-0.02,"(30, 70)",ema50_gt_ema200,False,False
80,24,56,30.0,2563.39,-3173.73,-610.34,0.8077,0.8076892077281839,-937.48,-7.63,2026-07-09T12:10:34.371282,BTCUSDT,70,0.04,-0.02,"(30, 70)",ema20_gt_ema50_and_ema50_gt_ema200,False,False
80,24,56,30.0,2563.39,-3173.73,-610.34,0.8077,0.8076892077281839,-937.48,-7.63,2026-07-09T12:10:45.966546,BTCUSDT,70,0.04,-0.02,"(35, 70)",ema50_gt_ema200,False,False
80,24,56,30.0,2563.39,-3173.73,-610.34,0.8077,0.8076892077281839,-937.48,-7.63,2026-07-09T12:10:57.241865,BTCUSDT,70,0.04,-0.02,"(35, 70)",ema20_gt_ema50_and_ema50_gt_ema200,False,False
80,24,56,30.0,2563.39,-3173.73,-610.34,0.8077,0.8076892077281839,-937.48,-7.63,2026-07-09T12:14:02.960358,BTCUSDT,80,0.04,-0.02,"(30, 70)",ema50_gt_ema200,False,False
80,24,56,30.0,2563.39,-3173.73,-610.34,0.8077,0.8076892077281839,-937.48,-7.63,2026-07-09T12:14:15.443259,BTCUSDT,80,0.04,-0.02,"(30, 70)",ema20_gt_ema50_and_ema50_gt_ema200,False,False
80,24,56,30.0,2563.39,-3173.73,-610.34,0.8077,0.8076892077281839,-937.48,-7.63,2026-07-09T12:14:27.971733,BTCUSDT,80,0.04,-0.02,"(35, 70)",ema50_gt_ema200,False,False
80,24,56,30.0,2563.39,-3173.73,-610.34,0.8077,0.8076892077281839,-937.48,-7.63,2026-07-09T12:14:40.686051,BTCUSDT,80,0.04,-0.02,"(35, 70)",ema20_gt_ema50_and_ema50_gt_ema200,False,False
141,36,105,25.53,4825.6,-5975.28,-1149.68,0.8076,0.8075944480710537,-1766.42,-8.15,2026-07-09T12:44:19.978380,XRPUSDT,60,0.05,-0.02,"(30, 70)",ema50_gt_ema200,False,False
141,36,105,25.53,4825.6,-5975.28,-1149.68,0.8076,0.8075944480710537,-1766.42,-8.15,2026-07-09T12:44:33.459112,XRPUSDT,60,0.05,-0.02,"(30, 70)",ema20_gt_ema50_and_ema50_gt_ema200,False,False
141,36,105,25.53,4825.6,-5975.28,-1149.68,0.8076,0.8075944480710537,-1766.42,-8.15,2026-07-09T12:44:46.740672,XRPUSDT,60,0.05,-0.02,"(35, 70)",ema50_gt_ema200,False,False
141,36,105,25.53,4825.6,-5975.28,-1149.68,0.8076,0.8075944480710537,-1766.42,-8.15,2026-07-09T12:44:58.848892,XRPUSDT,60,0.05,-0.02,"(35, 70)",ema20_gt_ema50_and_ema50_gt_ema200,False,False
141,36,105,25.53,4825.6,-5975.28,-1149.68,0.8076,0.8075944480710537,-1766.42,-8.15,2026-07-09T12:48:24.040528,XRPUSDT,70,0.05,-0.02,"(30, 70)",ema50_gt_ema200,False,False
141,36,105,25.53,4825.6,-5975.28,-1149.68,0.8076,0.8075944480710537,-1766.42,-8.15,2026-07-09T12:48:38.159675,XRPUSDT,70,0.05,-0.02,"(30, 70)",ema20_gt_ema50_and_ema50_gt_ema200,False,False
141,36,105,25.53,4825.6,-5975.28,-1149.68,0.8076,0.8075944480710537,-1766.42,-8.15,2026-07-09T12:48:51.364584,XRPUSDT,70,0.05,-0.02,"(35, 70)",ema50_gt_ema200,False,False
141,36,105,25.53,4825.6,-5975.28,-1149.68,0.8076,0.8075944480710537,-1766.42,-8.15,2026-07-09T12:49:04.356114,XRPUSDT,70,0.05,-0.02,"(35, 70)",ema20_gt_ema50_and_ema50_gt_ema200,False,False
141,36,105,25.53,4825.6,-5975.28,-1149.68,0.8076,0.8075944480710537,-1766.42,-8.15,2026-07-09T12:52:27.961687,XRPUSDT,80,0.05,-0.02,"(30, 70)",ema50_gt_ema200,False,False
141,36,105,25.53,4825.6,-5975.28,-1149.68,0.8076,0.8075944480710537,-1766.42,-8.15,2026-07-09T12:52:40.925401,XRPUSDT,80,0.05,-0.02,"(30, 70)",ema20_gt_ema50_and_ema50_gt_ema200,False,False
141,36,105,25.53,4825.6,-5975.28,-1149.68,0.8076,0.8075944480710537,-1766.42,-8.15,2026-07-09T12:52:54.331471,XRPUSDT,80,0.05,-0.02,"(35, 70)",ema50_gt_ema200,False,False
141,36,105,25.53,4825.6,-5975.28,-1149.68,0.8076,0.8075944480710537,-1766.42,-8.15,2026-07-09T12:53:08.155101,XRPUSDT,80,0.05,-0.02,"(35, 70)",ema20_gt_ema50_and_ema50_gt_ema200,False,False
87,18,69,20.69,3134.35,-3882.79,-748.44,0.8072,0.8072414597538231,-951.49,-8.6,2026-07-09T12:08:59.892201,BTCUSDT,60,0.05,-0.015,None,ema50_gt_ema200,True,True
87,18,69,20.69,3134.35,-3882.79,-748.44,0.8072,0.8072414597538231,-951.49,-8.6,2026-07-09T12:09:11.369219,BTCUSDT,60,0.05,-0.015,None,ema20_gt_ema50_and_ema50_gt_ema200,True,True
87,18,69,20.69,3134.35,-3882.79,-748.44,0.8072,0.8072414597538231,-951.49,-8.6,2026-07-09T12:12:27.132216,BTCUSDT,70,0.05,-0.015,None,ema50_gt_ema200,True,True
87,18,69,20.69,3134.35,-3882.79,-748.44,0.8072,0.8072414597538231,-951.49,-8.6,2026-07-09T12:12:38.576570,BTCUSDT,70,0.05,-0.015,None,ema20_gt_ema50_and_ema50_gt_ema200,True,True
87,18,69,20.69,3134.35,-3882.79,-748.44,0.8072,0.8072414597538231,-951.49,-8.6,2026-07-09T12:16:20.774805,BTCUSDT,80,0.05,-0.015,None,ema50_gt_ema200,True,True
87,18,69,20.69,3134.35,-3882.79,-748.44,0.8072,0.8072414597538231,-951.49,-8.6,2026-07-09T12:16:32.067078,BTCUSDT,80,0.05,-0.015,None,ema20_gt_ema50_and_ema50_gt_ema200,True,True
80,24,56,30.0,2572.48,-3194.04,-621.56,0.8054,0.80539925577643,-1016.5,-7.77,2026-07-09T12:06:25.329248,BTCUSDT,60,0.04,-0.02,None,ema50_gt_ema200,False,False
80,24,56,30.0,2572.48,-3194.04,-621.56,0.8054,0.80539925577643,-1016.5,-7.77,2026-07-09T12:06:36.372137,BTCUSDT,60,0.04,-0.02,None,ema20_gt_ema50_and_ema50_gt_ema200,False,False
80,24,56,30.0,2572.48,-3194.04,-621.56,0.8054,0.80539925577643,-1016.5,-7.77,2026-07-09T12:09:59.844899,BTCUSDT,70,0.04,-0.02,None,ema50_gt_ema200,False,False
80,24,56,30.0,2572.48,-3194.04,-621.56,0.8054,0.80539925577643,-1016.5,-7.77,2026-07-09T12:10:11.416869,BTCUSDT,70,0.04,-0.02,None,ema20_gt_ema50_and_ema50_gt_ema200,False,False
80,24,56,30.0,2572.48,-3194.04,-621.56,0.8054,0.80539925577643,-1016.5,-7.77,2026-07-09T12:13:35.172919,BTCUSDT,80,0.04,-0.02,None,ema50_gt_ema200,False,False
80,24,56,30.0,2572.48,-3194.04,-621.56,0.8054,0.80539925577643,-1016.5,-7.77,2026-07-09T12:13:49.411624,BTCUSDT,80,0.04,-0.02,None,ema20_gt_ema50_and_ema50_gt_ema200,False,False
70,18,52,25.71,2396.64,-2997.31,-600.67,0.7996,0.7995974459245413,-770.24,-8.58,2026-07-09T12:08:05.992088,BTCUSDT,60,0.05,-0.02,"(30, 70)",ema50_gt_ema200,False,True
70,18,52,25.71,2396.64,-2997.31,-600.67,0.7996,0.7995974459245413,-770.24,-8.58,2026-07-09T12:08:18.112835,BTCUSDT,60,0.05,-0.02,"(30, 70)",ema20_gt_ema50_and_ema50_gt_ema200,False,True
70,18,52,25.71,2396.64,-2997.31,-600.67,0.7996,0.7995974459245413,-770.24,-8.58,2026-07-09T12:08:30.749718,BTCUSDT,60,0.05,-0.02,"(35, 70)",ema50_gt_ema200,False,True
70,18,52,25.71,2396.64,-2997.31,-600.67,0.7996,0.7995974459245413,-770.24,-8.58,2026-07-09T12:08:42.760995,BTCUSDT,60,0.05,-0.02,"(35, 70)",ema20_gt_ema50_and_ema50_gt_ema200,False,True
70,18,52,25.71,2396.64,-2997.31,-600.67,0.7996,0.7995974459245413,-770.24,-8.58,2026-07-09T12:11:34.494080,BTCUSDT,70,0.05,-0.02,"(30, 70)",ema50_gt_ema200,False,True
70,18,52,25.71,2396.64,-2997.31,-600.67,0.7996,0.7995974459245413,-770.24,-8.58,2026-07-09T12:11:46.029984,BTCUSDT,70,0.05,-0.02,"(30, 70)",ema20_gt_ema50_and_ema50_gt_ema200,False,True
70,18,52,25.71,2396.64,-2997.31,-600.67,0.7996,0.7995974459245413,-770.24,-8.58,2026-07-09T12:11:57.633831,BTCUSDT,70,0.05,-0.02,"(35, 70)",ema50_gt_ema200,False,True
70,18,52,25.71,2396.64,-2997.31,-600.67,0.7996,0.7995974459245413,-770.24,-8.58,2026-07-09T12:12:09.539167,BTCUSDT,70,0.05,-0.02,"(35, 70)",ema20_gt_ema50_and_ema50_gt_ema200,False,True
70,18,52,25.71,2396.64,-2997.31,-600.67,0.7996,0.7995974459245413,-770.24,-8.58,2026-07-09T12:15:22.763547,BTCUSDT,80,0.05,-0.02,"(30, 70)",ema50_gt_ema200,False,True
70,18,52,25.71,2396.64,-2997.31,-600.67,0.7996,0.7995974459245413,-770.24,-8.58,2026-07-09T12:15:36.752771,BTCUSDT,80,0.05,-0.02,"(30, 70)",ema20_gt_ema50_and_ema50_gt_ema200,False,True
70,18,52,25.71,2396.64,-2997.31,-600.67,0.7996,0.7995974459245413,-770.24,-8.58,2026-07-09T12:15:49.332322,BTCUSDT,80,0.05,-0.02,"(35, 70)",ema50_gt_ema200,False,True
70,18,52,25.71,2396.64,-2997.31,-600.67,0.7996,0.7995974459245413,-770.24,-8.58,2026-07-09T12:16:02.859847,BTCUSDT,80,0.05,-0.02,"(35, 70)",ema20_gt_ema50_and_ema50_gt_ema200,False,True
81,24,57,29.63,2562.39,-3205.64,-643.26,0.7993,0.7993355220974901,-925.28,-7.94,2026-07-09T12:06:30.895099,BTCUSDT,60,0.04,-0.02,None,ema50_gt_ema200,True,False
81,24,57,29.63,2562.39,-3205.64,-643.26,0.7993,0.7993355220974901,-925.28,-7.94,2026-07-09T12:06:42.181641,BTCUSDT,60,0.04,-0.02,None,ema20_gt_ema50_and_ema50_gt_ema200,True,False
81,24,57,29.63,2562.39,-3205.64,-643.26,0.7993,0.7993355220974901,-925.28,-7.94,2026-07-09T12:10:05.797218,BTCUSDT,70,0.04,-0.02,None,ema50_gt_ema200,True,False
81,24,57,29.63,2562.39,-3205.64,-643.26,0.7993,0.7993355220974901,-925.28,-7.94,2026-07-09T12:10:17.013801,BTCUSDT,70,0.04,-0.02,None,ema20_gt_ema50_and_ema50_gt_ema200,True,False
81,24,57,29.63,2562.39,-3205.64,-643.26,0.7993,0.7993355220974901,-925.28,-7.94,2026-07-09T12:13:42.523649,BTCUSDT,80,0.04,-0.02,None,ema50_gt_ema200,True,False
81,24,57,29.63,2562.39,-3205.64,-643.26,0.7993,0.7993355220974901,-925.28,-7.94,2026-07-09T12:13:56.528043,BTCUSDT,80,0.04,-0.02,None,ema20_gt_ema50_and_ema50_gt_ema200,True,False
74,22,52,29.73,2329.27,-2923.65,-594.38,0.7967,0.7966983394045114,-712.35,-8.03,2026-07-09T12:06:33.551652,BTCUSDT,60,0.04,-0.02,None,ema50_gt_ema200,True,True
74,22,52,29.73,2329.27,-2923.65,-594.38,0.7967,0.7966983394045114,-712.35,-8.03,2026-07-09T12:06:44.972616,BTCUSDT,60,0.04,-0.02,None,ema20_gt_ema50_and_ema50_gt_ema200,True,True
74,22,52,29.73,2329.27,-2923.65,-594.38,0.7967,0.7966983394045114,-712.35,-8.03,2026-07-09T12:10:08.595358,BTCUSDT,70,0.04,-0.02,None,ema50_gt_ema200,True,True
74,22,52,29.73,2329.27,-2923.65,-594.38,0.7967,0.7966983394045114,-712.35,-8.03,2026-07-09T12:10:19.836737,BTCUSDT,70,0.04,-0.02,None,ema20_gt_ema50_and_ema50_gt_ema200,True,True
74,22,52,29.73,2329.27,-2923.65,-594.38,0.7967,0.7966983394045114,-712.35,-8.03,2026-07-09T12:13:45.816736,BTCUSDT,80,0.04,-0.02,None,ema50_gt_ema200,True,True
74,22,52,29.73,2329.27,-2923.65,-594.38,0.7967,0.7966983394045114,-712.35,-8.03,2026-07-09T12:13:59.668205,BTCUSDT,80,0.04,-0.02,None,ema20_gt_ema50_and_ema50_gt_ema200,True,True
132,33,99,25.0,4421.98,-5655.72,-1233.74,0.7819,0.7818590472565324,-1718.63,-9.35,2026-07-09T12:44:23.524242,XRPUSDT,60,0.05,-0.02,"(30, 70)",ema50_gt_ema200,False,True
132,33,99,25.0,4421.98,-5655.72,-1233.74,0.7819,0.7818590472565324,-1718.63,-9.35,2026-07-09T12:44:36.932600,XRPUSDT,60,0.05,-0.02,"(30, 70)",ema20_gt_ema50_and_ema50_gt_ema200,False,True
132,33,99,25.0,4421.98,-5655.72,-1233.74,0.7819,0.7818590472565324,-1718.63,-9.35,2026-07-09T12:44:49.995573,XRPUSDT,60,0.05,-0.02,"(35, 70)",ema50_gt_ema200,False,True
132,33,99,25.0,4421.98,-5655.72,-1233.74,0.7819,0.7818590472565324,-1718.63,-9.35,2026-07-09T12:45:01.876509,XRPUSDT,60,0.05,-0.02,"(35, 70)",ema20_gt_ema50_and_ema50_gt_ema200,False,True
132,33,99,25.0,4421.98,-5655.72,-1233.74,0.7819,0.7818590472565324,-1718.63,-9.35,2026-07-09T12:48:27.681130,XRPUSDT,70,0.05,-0.02,"(30, 70)",ema50_gt_ema200,False,True
132,33,99,25.0,4421.98,-5655.72,-1233.74,0.7819,0.7818590472565324,-1718.63,-9.35,2026-07-09T12:48:41.596107,XRPUSDT,70,0.05,-0.02,"(30, 70)",ema20_gt_ema50_and_ema50_gt_ema200,False,True
132,33,99,25.0,4421.98,-5655.72,-1233.74,0.7819,0.7818590472565324,-1718.63,-9.35,2026-07-09T12:48:54.584069,XRPUSDT,70,0.05,-0.02,"(35, 70)",ema50_gt_ema200,False,True
132,33,99,25.0,4421.98,-5655.72,-1233.74,0.7819,0.7818590472565324,-1718.63,-9.35,2026-07-09T12:49:07.444994,XRPUSDT,70,0.05,-0.02,"(35, 70)",ema20_gt_ema50_and_ema50_gt_ema200,False,True
132,33,99,25.0,4421.98,-5655.72,-1233.74,0.7819,0.7818590472565324,-1718.63,-9.35,2026-07-09T12:52:30.952931,XRPUSDT,80,0.05,-0.02,"(30, 70)",ema50_gt_ema200,False,True
132,33,99,25.0,4421.98,-5655.72,-1233.74,0.7819,0.7818590472565324,-1718.63,-9.35,2026-07-09T12:52:44.466103,XRPUSDT,80,0.05,-0.02,"(30, 70)",ema20_gt_ema50_and_ema50_gt_ema200,False,True
132,33,99,25.0,4421.98,-5655.72,-1233.74,0.7819,0.7818590472565324,-1718.63,-9.35,2026-07-09T12:52:57.478305,XRPUSDT,80,0.05,-0.02,"(35, 70)",ema50_gt_ema200,False,True
132,33,99,25.0,4421.98,-5655.72,-1233.74,0.7819,0.7818590472565324,-1718.63,-9.35,2026-07-09T12:53:12.113001,XRPUSDT,80,0.05,-0.02,"(35, 70)",ema20_gt_ema50_and_ema50_gt_ema200,False,True
70,18,52,25.71,2370.27,-3045.66,-675.39,0.7782,0.7782447337026941,-757.9,-9.65,2026-07-09T12:07:41.094951,BTCUSDT,60,0.05,-0.02,None,ema50_gt_ema200,False,True
70,18,52,25.71,2370.27,-3045.66,-675.39,0.7782,0.7782447337026941,-757.9,-9.65,2026-07-09T12:07:54.091015,BTCUSDT,60,0.05,-0.02,None,ema20_gt_ema50_and_ema50_gt_ema200,False,True
70,18,52,25.71,2370.27,-3045.66,-675.39,0.7782,0.7782447337026941,-757.9,-9.65,2026-07-09T12:11:11.690470,BTCUSDT,70,0.05,-0.02,None,ema50_gt_ema200,False,True
70,18,52,25.71,2370.27,-3045.66,-675.39,0.7782,0.7782447337026941,-757.9,-9.65,2026-07-09T12:11:23.190659,BTCUSDT,70,0.05,-0.02,None,ema20_gt_ema50_and_ema50_gt_ema200,False,True
70,18,52,25.71,2370.27,-3045.66,-675.39,0.7782,0.7782447337026941,-757.9,-9.65,2026-07-09T12:14:55.393833,BTCUSDT,80,0.05,-0.02,None,ema50_gt_ema200,False,True
70,18,52,25.71,2370.27,-3045.66,-675.39,0.7782,0.7782447337026941,-757.9,-9.65,2026-07-09T12:15:08.050672,BTCUSDT,80,0.05,-0.02,None,ema20_gt_ema50_and_ema50_gt_ema200,False,True
68,17,51,25.0,2242.13,-2882.14,-640.01,0.7779,0.7779405119819613,-710.58,-9.41,2026-07-09T12:08:12.126782,BTCUSDT,60,0.05,-0.02,"(30, 70)",ema50_gt_ema200,True,True
68,17,51,25.0,2242.13,-2882.14,-640.01,0.7779,0.7779405119819613,-710.58,-9.41,2026-07-09T12:08:24.453627,BTCUSDT,60,0.05,-0.02,"(30, 70)",ema20_gt_ema50_and_ema50_gt_ema200,True,True
68,17,51,25.0,2242.13,-2882.14,-640.01,0.7779,0.7779405119819613,-710.58,-9.41,2026-07-09T12:08:36.605057,BTCUSDT,60,0.05,-0.02,"(35, 70)",ema50_gt_ema200,True,True
68,17,51,25.0,2242.13,-2882.14,-640.01,0.7779,0.7779405119819613,-710.58,-9.41,2026-07-09T12:08:48.432345,BTCUSDT,60,0.05,-0.02,"(35, 70)",ema20_gt_ema50_and_ema50_gt_ema200,True,True
68,17,51,25.0,2242.13,-2882.14,-640.01,0.7779,0.7779405119819613,-710.58,-9.41,2026-07-09T12:11:40.156162,BTCUSDT,70,0.05,-0.02,"(30, 70)",ema50_gt_ema200,True,True
68,17,51,25.0,2242.13,-2882.14,-640.01,0.7779,0.7779405119819613,-710.58,-9.41,2026-07-09T12:11:51.769575,BTCUSDT,70,0.05,-0.02,"(30, 70)",ema20_gt_ema50_and_ema50_gt_ema200,True,True
68,17,51,25.0,2242.13,-2882.14,-640.01,0.7779,0.7779405119819613,-710.58,-9.41,2026-07-09T12:12:03.677343,BTCUSDT,70,0.05,-0.02,"(35, 70)",ema50_gt_ema200,True,True
68,17,51,25.0,2242.13,-2882.14,-640.01,0.7779,0.7779405119819613,-710.58,-9.41,2026-07-09T12:12:15.616472,BTCUSDT,70,0.05,-0.02,"(35, 70)",ema20_gt_ema50_and_ema50_gt_ema200,True,True
68,17,51,25.0,2242.13,-2882.14,-640.01,0.7779,0.7779405119819613,-710.58,-9.41,2026-07-09T12:15:30.541384,BTCUSDT,80,0.05,-0.02,"(30, 70)",ema50_gt_ema200,True,True
68,17,51,25.0,2242.13,-2882.14,-640.01,0.7779,0.7779405119819613,-710.58,-9.41,2026-07-09T12:15:42.856588,BTCUSDT,80,0.05,-0.02,"(30, 70)",ema20_gt_ema50_and_ema50_gt_ema200,True,True
68,17,51,25.0,2242.13,-2882.14,-640.01,0.7779,0.7779405119819613,-710.58,-9.41,2026-07-09T12:15:56.615793,BTCUSDT,80,0.05,-0.02,"(35, 70)",ema50_gt_ema200,True,True
68,17,51,25.0,2242.13,-2882.14,-640.01,0.7779,0.7779405119819613,-710.58,-9.41,2026-07-09T12:16:09.230394,BTCUSDT,80,0.05,-0.02,"(35, 70)",ema20_gt_ema50_and_ema50_gt_ema200,True,True
73,18,55,24.66,2356.51,-3065.56,-709.05,0.7687,0.7687047712758536,-769.99,-9.71,2026-07-09T12:08:09.119504,BTCUSDT,60,0.05,-0.02,"(30, 70)",ema50_gt_ema200,True,False
73,18,55,24.66,2356.51,-3065.56,-709.05,0.7687,0.7687047712758536,-769.99,-9.71,2026-07-09T12:08:21.071109,BTCUSDT,60,0.05,-0.02,"(30, 70)",ema20_gt_ema50_and_ema50_gt_ema200,True,False
73,18,55,24.66,2356.51,-3065.56,-709.05,0.7687,0.7687047712758536,-769.99,-9.71,2026-07-09T12:08:33.732176,BTCUSDT,60,0.05,-0.02,"(35, 70)",ema50_gt_ema200,True,False
73,18,55,24.66,2356.51,-3065.56,-709.05,0.7687,0.7687047712758536,-769.99,-9.71,2026-07-09T12:08:45.608195,BTCUSDT,60,0.05,-0.02,"(35, 70)",ema20_gt_ema50_and_ema50_gt_ema200,True,False
73,18,55,24.66,2356.51,-3065.56,-709.05,0.7687,0.7687047712758536,-769.99,-9.71,2026-07-09T12:11:37.306914,BTCUSDT,70,0.05,-0.02,"(30, 70)",ema50_gt_ema200,True,False
73,18,55,24.66,2356.51,-3065.56,-709.05,0.7687,0.7687047712758536,-769.99,-9.71,2026-07-09T12:11:48.887835,BTCUSDT,70,0.05,-0.02,"(30, 70)",ema20_gt_ema50_and_ema50_gt_ema200,True,False
73,18,55,24.66,2356.51,-3065.56,-709.05,0.7687,0.7687047712758536,-769.99,-9.71,2026-07-09T12:12:00.667533,BTCUSDT,70,0.05,-0.02,"(35, 70)",ema50_gt_ema200,True,False
73,18,55,24.66,2356.51,-3065.56,-709.05,0.7687,0.7687047712758536,-769.99,-9.71,2026-07-09T12:12:12.576000,BTCUSDT,70,0.05,-0.02,"(35, 70)",ema20_gt_ema50_and_ema50_gt_ema200,True,False
73,18,55,24.66,2356.51,-3065.56,-709.05,0.7687,0.7687047712758536,-769.99,-9.71,2026-07-09T12:15:27.437566,BTCUSDT,80,0.05,-0.02,"(30, 70)",ema50_gt_ema200,True,False
73,18,55,24.66,2356.51,-3065.56,-709.05,0.7687,0.7687047712758536,-769.99,-9.71,2026-07-09T12:15:39.694105,BTCUSDT,80,0.05,-0.02,"(30, 70)",ema20_gt_ema50_and_ema50_gt_ema200,True,False
73,18,55,24.66,2356.51,-3065.56,-709.05,0.7687,0.7687047712758536,-769.99,-9.71,2026-07-09T12:15:52.471259,BTCUSDT,80,0.05,-0.02,"(35, 70)",ema50_gt_ema200,True,False
73,18,55,24.66,2356.51,-3065.56,-709.05,0.7687,0.7687047712758536,-769.99,-9.71,2026-07-09T12:16:05.855563,BTCUSDT,80,0.05,-0.02,"(35, 70)",ema20_gt_ema50_and_ema50_gt_ema200,True,False
89,18,71,20.22,3118.68,-4075.78,-957.1,0.7652,0.7651749546142077,-1147.45,-10.75,2026-07-09T12:09:19.842318,BTCUSDT,60,0.05,-0.015,"(30, 70)",ema50_gt_ema200,True,False
89,18,71,20.22,3118.68,-4075.78,-957.1,0.7652,0.7651749546142077,-1147.45,-10.75,2026-07-09T12:09:31.256743,BTCUSDT,60,0.05,-0.015,"(30, 70)",ema20_gt_ema50_and_ema50_gt_ema200,True,False
89,18,71,20.22,3118.68,-4075.78,-957.1,0.7652,0.7651749546142077,-1147.45,-10.75,2026-07-09T12:09:42.796450,BTCUSDT,60,0.05,-0.015,"(35, 70)",ema50_gt_ema200,True,False
89,18,71,20.22,3118.68,-4075.78,-957.1,0.7652,0.7651749546142077,-1147.45,-10.75,2026-07-09T12:09:54.202328,BTCUSDT,60,0.05,-0.015,"(35, 70)",ema20_gt_ema50_and_ema50_gt_ema200,True,False
89,18,71,20.22,3118.68,-4075.78,-957.1,0.7652,0.7651749546142077,-1147.45,-10.75,2026-07-09T12:12:47.448246,BTCUSDT,70,0.05,-0.015,"(30, 70)",ema50_gt_ema200,True,False
89,18,71,20.22,3118.68,-4075.78,-957.1,0.7652,0.7651749546142077,-1147.45,-10.75,2026-07-09T12:12:58.828829,BTCUSDT,70,0.05,-0.015,"(30, 70)",ema20_gt_ema50_and_ema50_gt_ema200,True,False
89,18,71,20.22,3118.68,-4075.78,-957.1,0.7652,0.7651749546142077,-1147.45,-10.75,2026-07-09T12:13:12.152816,BTCUSDT,70,0.05,-0.015,"(35, 70)",ema50_gt_ema200,True,False
89,18,71,20.22,3118.68,-4075.78,-957.1,0.7652,0.7651749546142077,-1147.45,-10.75,2026-07-09T12:13:28.126660,BTCUSDT,70,0.05,-0.015,"(35, 70)",ema20_gt_ema50_and_ema50_gt_ema200,True,False
89,18,71,20.22,3118.68,-4075.78,-957.1,0.7652,0.7651749546142077,-1147.45,-10.75,2026-07-09T12:16:41.340158,BTCUSDT,80,0.05,-0.015,"(30, 70)",ema50_gt_ema200,True,False
89,18,71,20.22,3118.68,-4075.78,-957.1,0.7652,0.7651749546142077,-1147.45,-10.75,2026-07-09T12:16:52.535285,BTCUSDT,80,0.05,-0.015,"(30, 70)",ema20_gt_ema50_and_ema50_gt_ema200,True,False
89,18,71,20.22,3118.68,-4075.78,-957.1,0.7652,0.7651749546142077,-1147.45,-10.75,2026-07-09T12:17:05.136565,BTCUSDT,80,0.05,-0.015,"(35, 70)",ema50_gt_ema200,True,False
89,18,71,20.22,3118.68,-4075.78,-957.1,0.7652,0.7651749546142077,-1147.45,-10.75,2026-07-09T12:17:18.522820,BTCUSDT,80,0.05,-0.015,"(35, 70)",ema20_gt_ema50_and_ema50_gt_ema200,True,False
69,17,52,24.64,2233.24,-2971.85,-738.61,0.7515,0.7514651473801919,-742.46,-10.7,2026-07-09T12:07:47.972238,BTCUSDT,60,0.05,-0.02,None,ema50_gt_ema200,True,True
69,17,52,24.64,2233.24,-2971.85,-738.61,0.7515,0.7514651473801919,-742.46,-10.7,2026-07-09T12:08:00.004074,BTCUSDT,60,0.05,-0.02,None,ema20_gt_ema50_and_ema50_gt_ema200,True,True
69,17,52,24.64,2233.24,-2971.85,-738.61,0.7515,0.7514651473801919,-742.46,-10.7,2026-07-09T12:11:17.476701,BTCUSDT,70,0.05,-0.02,None,ema50_gt_ema200,True,True
69,17,52,24.64,2233.24,-2971.85,-738.61,0.7515,0.7514651473801919,-742.46,-10.7,2026-07-09T12:11:28.845338,BTCUSDT,70,0.05,-0.02,None,ema20_gt_ema50_and_ema50_gt_ema200,True,True
69,17,52,24.64,2233.24,-2971.85,-738.61,0.7515,0.7514651473801919,-742.46,-10.7,2026-07-09T12:15:01.575962,BTCUSDT,80,0.05,-0.02,None,ema50_gt_ema200,True,True
69,17,52,24.64,2233.24,-2971.85,-738.61,0.7515,0.7514651473801919,-742.46,-10.7,2026-07-09T12:15:14.819003,BTCUSDT,80,0.05,-0.02,None,ema20_gt_ema50_and_ema50_gt_ema200,True,True
77,19,58,24.68,2477.0,-3296.94,-819.95,0.7513,0.75130135665028,-876.38,-10.65,2026-07-09T12:08:02.904824,BTCUSDT,60,0.05,-0.02,"(30, 70)",ema50_gt_ema200,False,False
77,19,58,24.68,2477.0,-3296.94,-819.95,0.7513,0.75130135665028,-876.38,-10.65,2026-07-09T12:08:15.145933,BTCUSDT,60,0.05,-0.02,"(30, 70)",ema20_gt_ema50_and_ema50_gt_ema200,False,False
77,19,58,24.68,2477.0,-3296.94,-819.95,0.7513,0.75130135665028,-876.38,-10.65,2026-07-09T12:08:27.698966,BTCUSDT,60,0.05,-0.02,"(35, 70)",ema50_gt_ema200,False,False
77,19,58,24.68,2477.0,-3296.94,-819.95,0.7513,0.75130135665028,-876.38,-10.65,2026-07-09T12:08:39.732944,BTCUSDT,60,0.05,-0.02,"(35, 70)",ema20_gt_ema50_and_ema50_gt_ema200,False,False
77,19,58,24.68,2477.0,-3296.94,-819.95,0.7513,0.75130135665028,-876.38,-10.65,2026-07-09T12:11:31.692140,BTCUSDT,70,0.05,-0.02,"(30, 70)",ema50_gt_ema200,False,False
77,19,58,24.68,2477.0,-3296.94,-819.95,0.7513,0.75130135665028,-876.38,-10.65,2026-07-09T12:11:43.003493,BTCUSDT,70,0.05,-0.02,"(30, 70)",ema20_gt_ema50_and_ema50_gt_ema200,False,False
77,19,58,24.68,2477.0,-3296.94,-819.95,0.7513,0.75130135665028,-876.38,-10.65,2026-07-09T12:11:54.717353,BTCUSDT,70,0.05,-0.02,"(35, 70)",ema50_gt_ema200,False,False
77,19,58,24.68,2477.0,-3296.94,-819.95,0.7513,0.75130135665028,-876.38,-10.65,2026-07-09T12:12:06.631356,BTCUSDT,70,0.05,-0.02,"(35, 70)",ema20_gt_ema50_and_ema50_gt_ema200,False,False
77,19,58,24.68,2477.0,-3296.94,-819.95,0.7513,0.75130135665028,-876.38,-10.65,2026-07-09T12:15:18.966409,BTCUSDT,80,0.05,-0.02,"(30, 70)",ema50_gt_ema200,False,False
77,19,58,24.68,2477.0,-3296.94,-819.95,0.7513,0.75130135665028,-876.38,-10.65,2026-07-09T12:15:33.499714,BTCUSDT,80,0.05,-0.02,"(30, 70)",ema20_gt_ema50_and_ema50_gt_ema200,False,False
77,19,58,24.68,2477.0,-3296.94,-819.95,0.7513,0.75130135665028,-876.38,-10.65,2026-07-09T12:15:46.081979,BTCUSDT,80,0.05,-0.02,"(35, 70)",ema50_gt_ema200,False,False
77,19,58,24.68,2477.0,-3296.94,-819.95,0.7513,0.75130135665028,-876.38,-10.65,2026-07-09T12:15:59.688030,BTCUSDT,80,0.05,-0.02,"(35, 70)",ema20_gt_ema50_and_ema50_gt_ema200,False,False
73,18,55,24.66,2339.69,-3119.34,-779.64,0.7501,0.7500610706580781,-829.0,-10.68,2026-07-09T12:07:44.650615,BTCUSDT,60,0.05,-0.02,None,ema50_gt_ema200,True,False
73,18,55,24.66,2339.69,-3119.34,-779.64,0.7501,0.7500610706580781,-829.0,-10.68,2026-07-09T12:07:57.013335,BTCUSDT,60,0.05,-0.02,None,ema20_gt_ema50_and_ema50_gt_ema200,True,False
73,18,55,24.66,2339.69,-3119.34,-779.64,0.7501,0.7500610706580781,-829.0,-10.68,2026-07-09T12:11:14.662598,BTCUSDT,70,0.05,-0.02,None,ema50_gt_ema200,True,False
73,18,55,24.66,2339.69,-3119.34,-779.64,0.7501,0.7500610706580781,-829.0,-10.68,2026-07-09T12:11:26.042856,BTCUSDT,70,0.05,-0.02,None,ema20_gt_ema50_and_ema50_gt_ema200,True,False
73,18,55,24.66,2339.69,-3119.34,-779.64,0.7501,0.7500610706580781,-829.0,-10.68,2026-07-09T12:14:58.419478,BTCUSDT,80,0.05,-0.02,None,ema50_gt_ema200,True,False
73,18,55,24.66,2339.69,-3119.34,-779.64,0.7501,0.7500610706580781,-829.0,-10.68,2026-07-09T12:15:11.414676,BTCUSDT,80,0.05,-0.02,None,ema20_gt_ema50_and_ema50_gt_ema200,True,False
93,18,75,19.35,3095.52,-4302.62,-1207.1,0.7195,0.7194502101836211,-1275.84,-12.98,2026-07-09T12:08:56.947034,BTCUSDT,60,0.05,-0.015,None,ema50_gt_ema200,True,False
93,18,75,19.35,3095.52,-4302.62,-1207.1,0.7195,0.7194502101836211,-1275.84,-12.98,2026-07-09T12:09:08.507924,BTCUSDT,60,0.05,-0.015,None,ema20_gt_ema50_and_ema50_gt_ema200,True,False
93,18,75,19.35,3095.52,-4302.62,-1207.1,0.7195,0.7194502101836211,-1275.84,-12.98,2026-07-09T12:12:24.305513,BTCUSDT,70,0.05,-0.015,None,ema50_gt_ema200,True,False
93,18,75,19.35,3095.52,-4302.62,-1207.1,0.7195,0.7194502101836211,-1275.84,-12.98,2026-07-09T12:12:35.649460,BTCUSDT,70,0.05,-0.015,None,ema20_gt_ema50_and_ema50_gt_ema200,True,False
93,18,75,19.35,3095.52,-4302.62,-1207.1,0.7195,0.7194502101836211,-1275.84,-12.98,2026-07-09T12:16:17.869149,BTCUSDT,80,0.05,-0.015,None,ema50_gt_ema200,True,False
93,18,75,19.35,3095.52,-4302.62,-1207.1,0.7195,0.7194502101836211,-1275.84,-12.98,2026-07-09T12:16:29.261990,BTCUSDT,80,0.05,-0.015,None,ema20_gt_ema50_and_ema50_gt_ema200,True,False
79,19,60,24.05,2467.28,-3457.84,-990.56,0.7135,0.713532688580266,-1035.35,-12.54,2026-07-09T12:07:37.576530,BTCUSDT,60,0.05,-0.02,None,ema50_gt_ema200,False,False
79,19,60,24.05,2467.28,-3457.84,-990.56,0.7135,0.713532688580266,-1035.35,-12.54,2026-07-09T12:07:51.111069,BTCUSDT,60,0.05,-0.02,None,ema20_gt_ema50_and_ema50_gt_ema200,False,False
79,19,60,24.05,2467.28,-3457.84,-990.56,0.7135,0.713532688580266,-1035.35,-12.54,2026-07-09T12:11:08.741397,BTCUSDT,70,0.05,-0.02,None,ema50_gt_ema200,False,False
79,19,60,24.05,2467.28,-3457.84,-990.56,0.7135,0.713532688580266,-1035.35,-12.54,2026-07-09T12:11:20.349956,BTCUSDT,70,0.05,-0.02,None,ema20_gt_ema50_and_ema50_gt_ema200,False,False
79,19,60,24.05,2467.28,-3457.84,-990.56,0.7135,0.713532688580266,-1035.35,-12.54,2026-07-09T12:14:52.153545,BTCUSDT,80,0.05,-0.02,None,ema50_gt_ema200,False,False
79,19,60,24.05,2467.28,-3457.84,-990.56,0.7135,0.713532688580266,-1035.35,-12.54,2026-07-09T12:15:04.937845,BTCUSDT,80,0.05,-0.02,None,ema20_gt_ema50_and_ema50_gt_ema200,False,False
