open_time,open,high,low,close,volume,close_time,quote_volume,trades,taker_buy_base,taker_buy_quote,ignore
1782500400000,59668.01,60098.0,59617.37,60019.17,230.21172,1782501299999,13781312.5669732,64768,145.86971,8730480.0271582,0
1782501300000,60019.16,60019.17,59884.0,59937.95,118.58294,1782502199999,7109021.8592133,38526,68.96858,4134501.7071354,0
1782502200000,59937.95,60092.0,59884.0,59884.0,161.23722,1782503099999,9668581.6983553,41621,94.40304,5660869.1131869,0
1782503100000,59884.01,59936.5,59726.0,59751.97,198.44565,1782503999999,11879257.9535946,49973,99.53909,5958796.2371273,0
1782504000000,59751.96,59994.0,59689.57,59730.0,198.33802,1782504899999,11861380.7084628,55686,103.61205,6196514.5360545,0
1782504900000,59730.0,59814.0,59701.34,59784.01,66.25426,1782505799999,3959833.3332876,27360,38.59732,2306831.2278322,0
1782505800000,59784.01,59784.01,59571.31,59657.99,111.09513,1782506699999,6626443.1222846,41206,51.31712,3060511.1894742,0
1782506700000,59657.98,59796.0,59644.0,59718.0,78.37186,1782507599999,4681496.524604,32053,49.62834,2964535.7095576,0
1782507600000,59717.99,59768.0,59678.0,59765.11,36.67386,1782508499999,2190227.1127638,18990,21.08927,1259483.3104734,0
1782508500000,59765.11,59882.2,59690.0,59874.0,66.89933,1782509399999,3998891.9393374,21094,33.73225,2016538.3402681,0
1782509400000,59874.0,60050.0,59864.0,60023.99,95.40563,1782510299999,5718381.6538218,24173,53.49701,3206691.0108325,0
1782510300000,60023.99,60048.0,59918.7,59918.7,88.92154,1782511199999,5331347.8540673,29724,43.07614,2582620.3770222,0
1782511200000,59918.7,59951.52,59754.0,59915.35,69.60306,1782512099999,4167696.6222652,27981,34.47005,2064059.6888254,0
1782512100000,59915.34,59985.15,59894.0,59894.0,132.12433,1782512999999,7920980.8681542,17983,113.63558,6812701.3722954,0
1782513000000,59894.01,59985.18,59865.19,59969.66,76.70066,1782513899999,4595587.2844561,17874,50.98969,3054799.0982993,0
1782513900000,59969.66,60080.0,59918.0,60048.0,57.49249,1782514799999,3449989.7598741,16098,35.52792,2132069.0834478,0
1782514800000,60048.0,60117.64,60014.83,60091.45,103.21493,1782515699999,6200531.1652104,20783,66.81605,4013955.0919687,0
1782515700000,60091.45,60091.45,59979.96,59979.97,59.82545,1782516599999,3591189.4113299,12255,29.38327,1763607.3275905,0
1782516600000,59979.96,60084.93,59923.27,60068.01,65.22052,1782517499999,3913153.1872802,15039,34.31879,2059173.0553639,0
1782517500000,60068.0,60116.0,60060.0,60097.27,91.14771,1782518399999,5476710.472312,13593,59.25206,3560007.9645158,0
1782518400000,60097.27,60197.0,60068.0,60114.0,107.58106,1782519299999,6468688.8758548,22542,69.88207,4201931.860451,0
1782519300000,60114.0,60124.0,60036.0,60050.63,56.2924,1782520199999,3381146.7961624,15456,24.5649,1475362.8050095,0
1782520200000,60050.64,60050.64,59876.22,59977.99,132.21858,1782521099999,7925993.6427889,21585,85.17636,5104809.7866009,0
1782521100000,59978.0,60071.94,59952.18,60059.07,64.68681,1782521999999,3883346.5819758,13841,38.98105,2339944.5550008,0
1782522000000,60059.09,60068.0,59960.0,59964.68,61.0919,1782522899999,3664405.3946061,14117,12.84134,770252.0576222,0
1782522900000,59964.68,60013.8,59940.0,59995.99,50.71982,1782523799999,3042647.4565337,12003,35.70442,2141890.3860423,0
1782523800000,59996.0,60000.0,59936.07,59968.01,84.78897,1782524699999,5085287.0700258,14689,56.81582,3407578.8196639,0
1782524700000,59968.0,59996.1,59937.08,59945.53,48.75045,1782525599999,2923583.0774412,9771,17.08772,1024843.3896534,0
1782525600000,59945.53,60120.42,59921.68,60113.99,103.28479,1782526499999,6197177.8346839,16377,45.88375,2754305.8594339,0
1782526500000,60114.0,60377.47,60078.82,60297.23,220.97819,1782527399999,13315650.6204074,40142,142.41015,8582937.4039291,0
1782527400000,60297.22,60322.58,60200.0,60284.06,182.99361,1782528299999,11031967.3007765,23857,132.8442,8008394.8723023,0
1782528300000,60284.07,60378.23,60266.0,60290.01,188.13027,1782529199999,11346254.6055325,20839,151.34119,9127088.349833,0
1782529200000,60290.01,60412.0,60159.91,60170.0,105.1383,1782530099999,6335751.2374286,25560,55.92938,3370608.8752755,0
1782530100000,60170.0,60345.35,60169.99,60310.21,69.3541,1782530999999,4181422.286921,17054,41.9184,2527046.0494243,0
1782531000000,60310.21,60395.7,60286.0,60306.01,176.86305,1782531899999,10671134.0294537,21234,130.52893,7875556.3782623,0
1782531900000,60306.0,60360.43,60258.56,60305.73,87.2558,1782532799999,5262376.2196899,17656,49.70499,2997664.9301754,0
1782532800000,60305.73,60452.0,60305.73,60407.55,126.77155,1782533699999,7656808.770567,18626,73.06354,4412576.2737435,0
1782533700000,60407.55,60482.0,60380.01,60396.22,91.99776,1782534599999,5560428.7760524,16611,52.34448,3163711.5653198,0
1782534600000,60396.22,60444.0,60355.8,60374.01,36.40322,1782535499999,2198612.8389459,11016,21.42992,1294313.5651301,0
1782535500000,60374.02,60374.02,60217.26,60239.99,48.13201,1782536399999,2901829.3267764,12190,19.63748,1183708.0614769,0
1782536400000,60240.0,60311.0,60200.0,60309.99,54.82935,1782537299999,3303694.111548,13919,37.02587,2231064.7016113,0
1782537300000,60309.99,60309.99,60164.0,60164.01,52.60361,1782538199999,3169390.2074575,15358,33.49982,2018476.8181599,0
1782538200000,60164.01,60236.33,60136.0,60236.01,194.18213,1782539099999,11691238.4644596,13209,143.32885,8629462.1349416,0
1782539100000,60236.0,60268.0,60227.49,60236.76,143.30421,1782539999999,8634484.3223859,11466,94.03451,5666069.2923204,0
1782540000000,60236.75,60236.76,60114.34,60147.99,77.78819,1782540899999,4681914.1852869,14486,37.67458,2267667.9114866,0
1782540900000,60147.99,60230.0,60093.33,60203.0,191.97955,1782541799999,11549623.0717152,16057,53.81069,3239033.9124334,0
1782541800000,60203.0,60437.89,60202.99,60408.0,168.8955,1782542699999,10184153.4557827,26999,119.53004,7206445.4590353,0
1782542700000,60407.99,60500.0,60350.9,60370.62,143.15467,1782543599999,8654273.3724765,19609,100.13902,6054805.5744033,0
1782543600000,60370.63,60392.88,60300.0,60321.98,44.41712,1782544499999,2680223.8234462,14216,21.3851,1290370.0828551,0
1782544500000,60321.99,60444.82,60316.08,60429.99,51.52872,1782545399999,3111548.0093348,15217,24.89983,1503483.9408801,0
1782545400000,60430.0,60467.0,60388.0,60442.8,532.7691,1782546299999,32198117.5333529,25974,138.33929,8358356.0119321,0
1782546300000,60442.79,60574.0,60442.79,60548.07,196.97159,1782547199999,11918326.2835559,21807,128.06727,7747901.8122279,0
1782547200000,60548.06,60548.74,60452.0,60480.01,209.74301,1782548099999,12686954.914947,18827,156.25035,9451206.9727307,0
1782548100000,60480.01,60526.62,60446.73,60446.76,69.14932,1782548999999,4181912.2344578,14181,39.5369,2391128.6802363,0
1782549000000,60446.75,60459.79,60371.62,60373.21,113.04482,1782549899999,6829577.7640234,14246,32.02806,1935197.7092727,0
1782549900000,60373.21,60520.0,60373.2,60456.0,78.62067,1782550799999,4752768.60084,14154,46.93795,2837062.260474,0
1782550800000,60456.0,60511.99,60348.8,60367.17,60.1386,1782551699999,3635067.4337653,16832,25.04955,1514314.684686,0
1782551700000,60367.17,60370.0,60289.55,60368.25,56.73593,1782552599999,3422786.7766474,14758,20.87975,1259589.1653462,0
1782552600000,60368.24,60444.32,60368.24,60394.18,32.78713,1782553499999,1980781.1968645,12059,17.14049,1035453.4708926,0
1782553500000,60394.18,60445.37,60388.99,60414.62,158.30375,1782554399999,9563008.2260146,14707,54.07643,3267022.3454724,0
1782554400000,60414.62,60472.0,60402.51,60472.0,37.91727,1782555299999,2291427.2608314,10305,27.30866,1650339.3042298,0
1782555300000,60471.99,60487.31,60445.33,60457.69,26.19318,1782556199999,1583857.7989405,7453,7.51104,454163.7687448,0
1782556200000,60457.68,60457.69,60410.0,60428.52,43.28262,1782557099999,2615564.871042,10876,16.49325,996638.2190226,0
1782557100000,60428.53,60428.53,60380.0,60420.28,30.45803,1782557999999,1839632.5956847,7585,13.10339,791373.7541045,0
1782558000000,60420.28,60447.8,60368.0,60401.59,66.46873,1782558899999,4014823.8840231,10685,52.26614,3156923.7510028,0
1782558900000,60401.58,60401.59,60237.1,60263.27,65.46125,1782559799999,3948972.1157352,17717,32.07012,1934764.5768892,0
1782559800000,60263.27,60301.99,60198.94,60267.45,80.46681,1782560699999,4848250.1344757,15701,34.67958,2089228.3043052,0
1782560700000,60267.44,60416.65,60267.44,60363.65,62.99653,1782561599999,3802280.4436979,19257,35.88946,2166238.585638,0
1782561600000,60363.65,60363.66,60257.03,60291.87,114.44566,1782562499999,6902551.8111778,16121,32.82077,1979802.5881649,0
1782562500000,60291.87,60348.0,60291.86,60345.97,85.44246,1782563399999,5154057.3084308,12166,44.58754,2689609.3080015,0
1782563400000,60345.98,60387.09,60310.0,60329.27,57.04183,1782564299999,3442471.9310674,20328,32.22459,1944735.3003195,0
1782564300000,60329.27,60430.01,60310.0,60430.0,92.11575,1782565199999,5563469.0634732,14915,67.38845,4070031.8006881,0
1782565200000,60430.0,60479.98,60394.0,60438.0,168.23665,1782566099999,10166668.3877634,17695,88.01339,5318057.4751972,0
1782566100000,60438.0,60490.0,60399.49,60468.75,88.23923,1782566999999,5334428.4305826,14386,45.15067,2729670.8088152,0
1782567000000,60468.76,60665.74,60452.0,60600.89,131.82422,1782567899999,7984427.5177841,30267,84.5386,5119865.5935737,0
1782567900000,60600.89,60629.18,60544.34,60588.35,45.83379,1782568799999,2776456.8057485,19413,23.84179,1444228.8089573,0
1782568800000,60588.35,60728.0,60510.0,60670.61,67.34541,1782569699999,4083565.0470522,24340,39.95303,2422839.1829064,0
1782569700000,60670.6,60670.6,60590.94,60590.95,105.39025,1782570599999,6389357.8177387,19216,70.49305,4273967.1624711,0
1782570600000,60590.94,60658.0,60526.48,60640.01,73.94581,1782571499999,4480983.666355,19482,42.21825,2558602.6118481,0
1782571500000,60640.0,60672.0,60604.68,60611.5,59.96146,1782572399999,3635039.5665755,13502,15.11373,916356.6728926,0
1782572400000,60611.49,60908.83,60570.0,60877.5,265.60782,1782573299999,16149903.8116355,38512,159.01096,9666994.0150946,0
1782573300000,60877.49,60877.5,60717.08,60811.67,107.14003,1782574199999,6511650.8137458,25499,53.91455,3276599.3302561,0
1782574200000,60811.67,60941.17,60760.28,60794.01,139.86509,1782575099999,8509202.0625551,32348,56.23128,3420562.2088567,0
1782575100000,60794.01,60861.35,60749.99,60840.06,93.64,1782575999999,5691054.1255133,16042,62.24246,3782780.6269468,0
1782576000000,60840.06,60855.03,60738.9,60749.95,85.77738,1782576899999,5215759.048631,20898,48.37365,2941468.7147039,0
1782576900000,60749.94,60749.95,60683.37,60716.63,45.84667,1782577799999,2783718.4046743,14728,23.26302,1412480.0637439,0
1782577800000,60716.63,60793.97,60673.64,60793.97,43.36835,1782578699999,2633857.4609758,14479,22.4084,1360975.9975208,0
1782578700000,60793.97,60824.0,60761.76,60807.99,64.7014,1782579599999,3933765.9685416,15058,32.36316,1967609.6844312,0
1782579600000,60808.0,60818.76,60413.15,60563.38,307.96617,1782580499999,18647799.8282223,43442,150.2895,9098528.514916,0
1782580500000,60563.38,60615.73,60469.15,60578.9,94.80993,1782581399999,5742693.2631929,25180,43.20232,2616682.5813276,0
1782581400000,60578.89,60655.61,60504.46,60599.29,90.12788,1782582299999,5459399.6233683,22149,44.64856,2704736.9686955,0
1782582300000,60599.29,60621.1,60524.88,60524.88,55.77498,1782583199999,3378084.0321603,15240,18.83439,1140974.6721168,0
1782583200000,60524.89,60563.06,60446.25,60522.14,70.07799,1782584099999,4239673.883605,22333,36.33155,2198065.8552717,0
1782584100000,60522.14,60560.0,60460.0,60516.0,55.66614,1782584999999,3368277.8058764,15651,28.42205,1719816.6436973,0
1782585000000,60515.99,60566.0,60500.08,60562.52,39.96796,1782585899999,2419733.0656773,10877,21.79962,1319760.9964547,0
1782585900000,60562.51,60576.03,60520.0,60570.86,63.29425,1782586799999,3832391.3883287,11553,46.6603,2825240.6477349,0
1782586800000,60570.86,60605.41,60560.59,60599.34,61.31783,1782587699999,3714888.9009092,9666,36.75734,2227067.7445505,0
1782587700000,60599.35,60599.35,60262.0,60323.37,161.36675,1782588599999,9742041.4696688,35654,51.61674,3115453.0267429,0
1782588600000,60323.36,60330.32,60085.88,60200.41,145.59276,1782589499999,8762596.6148766,36862,53.90985,3243818.1107902,0
1782589500000,60200.41,60243.57,60144.24,60175.95,46.33608,1782590399999,2788734.8112841,18676,24.43091,1470392.7508151,0
1782590400000,60175.95,60294.0,60173.07,60258.5,59.21458,1782591299999,3567828.906894,12054,29.20867,1759810.8999162,0
1782591300000,60258.5,60306.0,60256.0,60277.89,86.23556,1782592199999,5197846.0369577,13209,71.0732,4283913.2846137,0
1782592200000,60277.88,60281.68,60255.81,60255.82,27.25736,1782593099999,1642802.7816256,7953,16.21006,976978.6000976,0
1782593100000,60255.82,60300.0,60255.82,60300.0,47.41251,1782593999999,2858103.1096229,10789,14.83636,894318.9258361,0
1782594000000,60300.0,60401.18,60299.99,60391.73,50.92728,1782594899999,3073559.4120402,13946,27.83736,1679962.0848106,0
1782594900000,60391.73,60454.99,60360.99,60451.0,94.83889,1782595799999,5729200.3925349,14699,61.41391,3709505.3567112,0
1782595800000,60451.01,60482.18,60228.81,60249.68,68.00196,1782596699999,4102885.4318093,15982,23.85892,1439427.9872161,0
1782596700000,60249.69,60295.99,60142.0,60203.82,66.73469,1782597599999,4019043.5372372,25234,37.19589,2240231.4676038,0
1782597600000,60203.83,60203.83,60043.36,60120.04,64.26322,1782598499999,3863343.8562168,25068,17.98156,1080912.4559531,0
1782598500000,60120.05,60170.7,59855.16,60133.99,191.97814,1782599399999,11518975.3757628,49705,85.61561,5136901.4134709,0
1782599400000,60133.98,60256.56,60128.0,60177.96,79.82189,1782600299999,4804287.7067958,22221,30.63475,1844054.8163936,0
1782600300000,60177.96,60241.8,60160.0,60228.95,41.1116,1782601199999,2474565.114319,10854,17.83394,1073578.3963861,0
1782601200000,60228.96,60320.0,60024.0,60044.43,111.49264,1782602099999,6712679.7439085,21505,39.54244,2381630.7033327,0
1782602100000,60044.43,60098.0,59952.0,59985.99,86.78098,1782602999999,5207963.6705869,28114,49.0498,2943423.1446483,0
1782603000000,59985.99,60094.0,59971.5,60055.01,53.41982,1782603899999,3207392.2544911,16530,26.00556,1561363.6815666,0
1782603900000,60055.0,60091.93,60010.0,60029.0,242.04603,1782604799999,14536916.1664349,16049,117.52792,7059091.5219544,0
1782604800000,60029.01,60145.39,60018.0,60137.3,74.21183,1782605699999,4458326.5459554,21023,44.76704,2689370.1297288,0
1782605700000,60137.3,60188.0,60136.02,60166.8,53.57593,1782606599999,3222938.7344419,11908,32.41633,1949801.7724369,0
1782606600000,60166.8,60176.87,60088.17,60176.87,193.36916,1782607499999,11632001.169149,11980,119.94866,7215083.6981009,0
1782607500000,60176.87,60190.0,60135.03,60146.0,141.09015,1782608399999,8488236.5257876,12865,32.67142,1965665.8695547,0
1782608400000,60146.0,60166.6,59986.0,60081.99,101.39518,1782609299999,6091791.0481296,20115,60.54054,3638495.9567698,0
1782609300000,60082.0,60234.43,60061.59,60204.78,79.81575,1782610199999,4799612.251263,16095,23.56576,1417580.0040738,0
1782610200000,60204.78,60269.76,60188.21,60258.88,41.96708,1782611099999,2527782.6713596,12585,24.54939,1478663.3217207,0
1782611100000,60258.88,60273.38,60206.0,60222.22,44.38727,1782611999999,2673919.8515873,8665,12.67163,763342.4935738,0
1782612000000,60222.21,60296.6,60222.21,60285.62,33.28681,1782612899999,2006418.6374134,6637,27.1706,1637822.9094257,0
1782612900000,60285.62,60339.99,60054.0,60111.49,123.73568,1782613799999,7442363.415717,23607,49.83834,2998701.9287873,0
1782613800000,60111.49,60154.83,60102.0,60138.76,103.31634,1782614699999,6212312.7403214,11224,74.05331,4452867.9277164,0
1782614700000,60138.76,60188.49,60110.0,60150.45,143.30399,1782615599999,8620467.926539,11004,79.81165,4801070.4420291,0
1782615600000,60150.46,60266.0,60150.45,60263.86,95.82912,1782616499999,5768637.0139547,12554,53.08084,3195614.9989964,0
1782616500000,60263.86,60274.98,60201.4,60262.57,72.343,1782617399999,4358865.7898278,11350,50.45134,3039886.5126374,0
1782617400000,60262.57,60275.0,60187.01,60197.27,28.29507,1782618299999,1704316.7704877,8739,11.91828,717966.2248277,0
1782618300000,60197.27,60220.06,60162.0,60197.04,59.24512,1782619199999,3566236.7711584,9091,11.52956,694020.4519173,0
1782619200000,60197.03,60230.0,60144.0,60215.64,73.26243,1782620099999,4410374.4146016,12126,47.84387,2880239.7164016,0
1782620100000,60215.64,60231.83,60198.27,60199.18,40.58988,1782620999999,2444249.5673942,5804,18.09633,1089751.2331584,0
1782621000000,60199.17,60199.18,60088.04,60174.01,32.94412,1782621899999,1981180.5354633,13110,13.613,818645.2791353,0
1782621900000,60174.0,60194.0,60121.06,60133.0,44.70954,1782622799999,2689815.0056339,7089,24.59246,1479731.2441866,0
1782622800000,60133.01,60140.0,59970.0,60012.77,67.31399,1782623699999,4040705.3648559,16914,15.30733,918772.1020063,0
1782623700000,60012.77,60021.64,59753.48,59836.09,162.72923,1782624599999,9743928.8029873,39030,52.79514,3160501.641834,0
1782624600000,59836.09,59954.29,59795.99,59918.64,68.52833,1782625499999,4103939.8192759,20244,43.45474,2602373.7434526,0
1782625500000,59918.64,60015.22,59918.63,59989.17,46.51284,1782626399999,2788787.0604119,13400,33.59604,2014307.2795893,0
1782626400000,59989.18,60024.25,59842.0,59842.01,74.55294,1782627299999,4469462.6910508,19633,25.06172,1502770.2176977,0
1782627300000,59842.01,59956.25,59808.0,59925.28,61.28916,1782628199999,3671183.4842802,18556,31.37856,1879356.1582367,0
1782628200000,59925.28,59990.0,59925.27,59966.87,50.81266,1782629099999,3046914.7822147,8251,26.00231,1558919.9542435,0
1782629100000,59966.87,60030.0,59958.48,60002.82,31.29529,1782629999999,1877915.3885089,7834,20.31543,1219030.6557797,0
1782630000000,60002.82,60186.0,60000.0,60140.94,61.15158,1782630899999,3676597.9762213,19292,31.73908,1908028.4988845,0
1782630900000,60140.94,60143.65,60106.0,60108.42,19.53947,1782631799999,1174884.5388199,5571,9.3047,559474.5753384,0
1782631800000,60108.42,60249.48,60106.77,60222.86,144.4583,1782632699999,8693740.8408798,20565,102.2952,6155275.6197964,0
1782632700000,60222.87,60259.68,60198.58,60219.99,136.68652,1782633599999,8231321.0125442,12160,68.02261,4095984.8948597,0
1782633600000,60220.0,60248.0,60140.14,60179.54,63.67024,1782634499999,3832410.463503,11579,31.58378,1901394.107601,0
1782634500000,60179.54,60230.0,60159.99,60224.61,41.03932,1782635399999,2470550.0915015,14834,24.0593,1448316.7930506,0
1782635400000,60224.61,60545.01,60218.0,60449.42,340.95576,1782636299999,20577549.3977489,43719,230.50909,13910914.7336832,0
1782636300000,60449.41,60482.0,60370.0,60370.0,45.94308,1782637199999,2776109.0130626,18879,16.83515,1017302.3948565,0
1782637200000,60370.01,60462.0,60290.01,60368.03,107.1765,1782638099999,6473324.7273773,22529,62.11518,3751932.8157539,0
1782638100000,60368.03,60390.0,60318.0,60323.36,37.24875,1782638999999,2247927.9421975,11308,11.97586,722680.838446,0
1782639000000,60323.36,60409.32,60310.26,60378.88,41.59943,1782639899999,2511209.3726325,12473,21.7368,1312155.5503726,0
1782639900000,60378.88,60394.75,60250.81,60258.84,36.38152,1782640799999,2193716.5789869,19099,13.16226,793579.0160269,0
1782640800000,60258.85,60292.48,60172.52,60260.37,50.68833,1782641699999,3053331.1986982,16488,21.57556,1299711.7842429,0
1782641700000,60260.36,60286.0,60068.0,60105.02,48.84589,1782642599999,2937620.8530496,17346,11.36877,683911.0016614,0
1782642600000,60105.03,60138.0,60078.0,60127.2,42.97501,1782643499999,2583004.2351919,12225,27.49832,1652828.5013311,0
1782643500000,60127.21,60176.0,60127.2,60166.71,38.67833,1782644399999,2327082.0511203,9613,29.22399,1758309.7381282,0
1782644400000,60166.71,60262.39,60100.0,60125.42,99.63494,1782645299999,5992564.3932859,15814,24.02619,1445411.293435,0
1782645300000,60125.41,60363.0,60123.9,60312.01,46.64508,1782646199999,2811579.6049131,21645,26.42674,1592591.51872,0
1782646200000,60312.01,60324.98,60260.28,60302.95,39.13313,1782647099999,2359614.7909193,10629,18.02484,1086852.3238265,0
1782647100000,60302.95,60374.05,60251.5,60342.0,39.64063,1782647999999,2390610.1060137,16278,19.72464,1189627.3877637,0
1782648000000,60341.99,60400.0,60281.21,60298.55,62.73929,1782648899999,3784504.8776882,15102,16.7236,1009172.3128188,0
1782648900000,60298.55,60345.99,60190.0,60338.47,55.64349,1782649799999,3352955.7352319,22401,29.64787,1786672.7037123,0
1782649800000,60338.46,60457.02,60204.0,60238.16,59.43164,1782650699999,3585377.6015395,26141,22.30372,1345690.3696383,0
1782650700000,60238.17,60312.0,60238.16,60293.51,35.12098,1782651599999,2117203.6962828,13035,21.65877,1305620.3218331,0
1782651600000,60293.5,60293.51,59963.86,60124.4,121.95827,1782652499999,7325172.161293,45589,50.74256,3047610.0460233,0
1782652500000,60124.4,60170.0,60078.0,60127.99,68.68604,1782653399999,4129515.5505512,18695,41.83851,2515434.0976671,0
1782653400000,60127.99,60183.84,60045.32,60123.88,132.5432,1782654299999,7969548.6506109,26981,64.35066,3869847.969371,0
1782654300000,60123.89,60129.91,60056.0,60071.88,46.69453,1782655199999,2806035.4727631,18272,32.66063,1962627.1271448,0
1782655200000,60071.89,60175.69,60034.63,60175.69,55.62009,1782656099999,3342599.7785761,22574,32.55022,1956233.9436455,0
1782656100000,60175.69,60250.0,60104.0,60155.49,77.34081,1782656999999,4653279.3953517,25097,42.02405,2528451.6806744,0
1782657000000,60155.49,60195.13,60084.0,60109.69,109.95889,1782657899999,6612869.5842002,22135,46.43598,2792495.5510077,0
1782657900000,60109.69,60170.01,60018.0,60033.0,75.21627,1782658799999,4518677.6210904,19318,35.83599,2152941.7112126,0
1782658800000,60033.01,60098.0,59888.0,60082.09,143.5989,1782659699999,8613923.5471076,34288,37.12973,2227200.1573711,0
1782659700000,60081.63,60130.0,60006.0,60040.08,44.73721,1782660599999,2686875.1670949,23252,21.90477,1315535.0621218,0
1782660600000,60040.07,60094.0,59900.0,59975.53,146.04811,1782661499999,8763780.3815912,22800,87.21111,5234469.8105764,0
1782661500000,59975.52,60006.0,59817.28,59890.0,132.64822,1782662399999,7943345.6415242,30630,52.13755,3121442.5189659,0
1782662400000,59890.35,59943.9,59822.0,59832.46,82.08614,1782663299999,4916158.0280905,31847,31.38775,1879959.3159631,0
1782663300000,59832.46,59905.98,59671.28,59772.99,164.65367,1782664199999,9842847.6321093,43083,63.34744,3786735.5695775,0
1782664200000,59772.99,59794.01,59606.73,59622.59,151.05975,1782665099999,9016301.2097721,54773,72.89381,4351260.0261382,0
1782665100000,59622.59,59740.0,59582.34,59690.62,169.90413,1782665999999,10137576.2268281,39563,94.13298,5617144.4105983,0
1782666000000,59690.62,59848.0,59556.0,59641.17,194.0278,1782666899999,11583407.5969013,42651,78.27812,4674493.5943471,0
1782666900000,59641.18,59684.27,59600.0,59600.01,71.71883,1782667799999,4277705.4172411,26207,39.94249,2382462.0308444,0
1782667800000,59600.01,59642.0,59403.77,59532.76,205.3837,1782668699999,12221191.1717784,43620,86.28924,5134500.5933898,0
1782668700000,59533.81,59631.97,59523.77,59586.01,47.93408,1782669599999,2855607.1491977,21752,22.47857,1339097.9729852,0
1782669600000,59586.0,59700.0,59578.0,59647.4,56.1706,1782670499999,3350982.1594162,25394,31.67605,1889576.0397914,0
1782670500000,59647.41,59674.0,59602.0,59611.97,42.98434,1782671399999,2563753.1668491,17607,19.2141,1145977.4752255,0
1782671400000,59611.97,59671.68,59582.08,59601.0,67.24382,1782672299999,4008596.6053044,16458,29.13044,1736729.0546763,0
1782672300000,59601.0,59625.56,59502.0,59614.46,105.61293,1782673199999,6290754.1826947,21310,45.68189,2721426.6244372,0
1782673200000,59614.46,59614.46,59462.61,59504.06,44.99326,1782674099999,2678204.6126016,19280,19.82129,1179724.4648549,0
1782674100000,59504.06,59550.0,59441.75,59549.99,57.49897,1782674999999,3420697.5652682,20889,35.09266,2087612.3578965,0
1782675000000,59549.99,59682.0,59421.8,59442.84,76.91705,1782675899999,4579045.9423124,26938,41.19925,2452840.0129048,0
1782675900000,59442.84,59500.0,59270.26,59481.79,122.58633,1782676799999,7276188.5183183,44641,47.26124,2805970.7015866,0
1782676800000,59481.78,59678.0,59474.28,59663.35,46.0965,1782677699999,2744842.1482965,21741,27.63259,1645362.8507796,0
1782677700000,59663.34,59765.9,59651.11,59713.73,87.2848,1782678599999,5211584.5357895,27259,59.70297,3564813.863944,0
1782678600000,59713.72,59720.08,59630.01,59670.01,63.48269,1782679499999,3789027.2589384,15184,39.15791,2337112.8674114,0
1782679500000,59670.0,59721.33,59650.0,59660.0,30.28404,1782680399999,1807058.8558943,9632,14.86067,886686.4902246,0
1782680400000,59660.0,59701.6,59645.0,59692.0,94.88371,1782681299999,5661391.0250167,12465,56.45955,3368644.5674855,0
1782681300000,59691.99,59743.82,59660.0,59713.4,55.72056,1782682199999,3326352.3266514,14481,30.72705,1834462.7111923,0
1782682200000,59713.4,59796.66,59660.0,59660.0,76.95707,1782683099999,4595173.029474,16174,26.52054,1583696.6983102,0
1782683100000,59660.01,59678.66,59333.33,59445.95,304.0985,1782683999999,18080969.5756128,64612,136.5253,8117673.8766451,0
1782684000000,59445.96,59906.0,59445.96,59630.0,236.79461,1782684899999,14145642.8978772,102134,119.77244,7153551.252573,0
1782684900000,59630.01,59638.37,59170.0,59381.12,229.97444,1782685799999,13652948.7041856,87157,85.50515,5076743.4637342,0
1782685800000,59381.12,59460.0,59087.47,59109.29,254.70316,1782686699999,15076867.9131425,64675,64.29105,3808505.2374065,0
1782686700000,59109.3,59216.99,58905.0,59067.01,262.20401,1782687599999,15480699.2734247,74327,92.01218,5433905.6607244,0
1782687600000,59067.0,59370.0,59011.99,59267.94,116.88564,1782688499999,6926041.9889937,58690,69.8215,4137036.2515423,0
1782688500000,59267.94,59583.99,59252.23,59546.54,99.80988,1782689399999,5931295.3282659,43403,51.25126,3045498.4928583,0
1782689400000,59546.54,59848.0,59530.0,59730.0,178.7242,1782690299999,10672662.6792604,53355,110.16023,6578030.1068539,0
1782690300000,59729.99,59795.99,59577.0,59577.01,114.67311,1782691199999,6848547.254674,28141,51.01277,3046573.084095,0
1782691200000,59577.01,59694.0,59270.73,59584.0,116.73836,1782692099999,6940914.4121536,68441,55.64169,3308975.7343559,0
1782692100000,59584.0,59597.99,59192.12,59214.01,101.40774,1782692999999,6016393.8251829,60166,42.35666,2512929.700652,0
1782693000000,59214.01,59380.02,59000.01,59380.02,202.38883,1782693899999,11968313.7986687,91021,81.02695,4793188.1159181,0
1782693900000,59380.01,59700.0,59177.0,59667.01,128.78254,1782694799999,7656369.6212073,62525,70.58073,4195900.5805491,0
1782694800000,59667.0,59697.0,59460.0,59482.12,78.34775,1782695699999,4667167.0102441,49540,38.79147,2310632.6481226,0
1782695700000,59482.12,59512.72,59232.16,59300.1,88.36628,1782696599999,5242580.086687,48726,40.49317,2402179.8526606,0
1782696600000,59300.1,59574.0,59206.0,59546.01,100.81705,1782697499999,5989639.5836984,55655,59.24568,3520856.1301538,0
1782697500000,59546.01,59588.0,59434.0,59440.95,379.52279,1782698399999,22589347.1477395,39836,153.01407,9107859.6315014,0
1782698400000,59440.95,59512.72,58900.01,59023.9,178.49687,1782699299999,10560732.0321479,58640,68.73281,4067608.7419609,0
1782699300000,59024.0,59596.0,58980.0,59546.0,238.20323,1782700199999,14115511.6766629,72056,144.84003,8584834.0835934,0
1782700200000,59545.99,59800.0,59496.43,59777.51,348.59091,1782701099999,20780064.4883675,63690,247.12168,14729584.4803748,0
1782701100000,59777.5,59812.0,59698.44,59757.46,458.57237,1782701999999,27402168.0896079,40977,219.10869,13093400.1888877,0
1782702000000,59757.47,60186.81,59757.47,60003.71,423.49552,1782702899999,25408033.7575345,82106,263.46346,15802433.8168107,0
1782702900000,60003.71,60233.0,59966.0,60172.68,148.9624,1782703799999,8952640.9006596,41063,87.98885,5288586.6109417,0
1782703800000,60172.68,60209.35,59878.27,59920.01,115.58661,1782704699999,6934919.1689685,40943,58.1696,3489447.8048515,0
1782704700000,59920.01,60076.01,59881.45,60049.46,92.84072,1782705599999,5569226.5295859,39188,46.44753,2786320.1333867,0
1782705600000,60049.45,60053.99,59900.0,59924.0,56.17076,1782706499999,3369217.4352388,29358,25.67483,1539979.5458274,0
1782706500000,59924.0,60000.01,59846.0,59955.14,88.74978,1782707399999,5319693.5497843,29084,42.0516,2520215.9631626,0
1782707400000,59955.13,59963.95,59746.0,59845.26,118.80867,1782708299999,7110002.7620153,36355,76.39639,4571195.4927203,0
1782708300000,59845.26,59906.0,59786.0,59830.0,97.73991,1782709199999,5846897.2237866,25028,24.55258,1469122.7435532,0
1782709200000,59830.01,59861.57,59392.02,59534.01,202.65165,1782710099999,12063605.1747673,66993,83.27815,4956702.450145,0
1782710100000,59534.01,59717.93,59534.01,59685.99,61.95188,1782710999999,3694988.4648773,36681,39.79385,2373407.4978949,0
1782711000000,59685.99,59923.13,59646.0,59914.62,116.35946,1782711899999,6957420.2036265,38307,58.80004,3515905.9136168,0
1782711900000,59914.61,60102.8,59904.0,60102.8,115.79236,1782712799999,6945295.7671172,44579,63.68694,3820795.9478736,0
1782712800000,60102.8,60222.05,60080.96,60178.0,218.30811,1782713699999,13131922.0638903,52081,130.9835,7879445.5563035,0
1782713700000,60178.0,60346.27,60124.25,60169.84,267.41148,1782714599999,16109136.1892577,56472,108.91131,6562853.9364187,0
1782714600000,60169.84,60202.06,60068.84,60080.52,135.03175,1782715499999,8117199.5014163,29115,68.45544,4114200.2422427,0
1782715500000,60080.53,60162.0,60050.67,60075.49,62.40902,1782716399999,3751070.981944,20172,22.51441,1353188.9558239,0
1782716400000,60075.5,60085.01,59936.0,60084.0,260.75601,1782717299999,15653561.3289725,29839,87.81101,5272306.2526798,0
1782717300000,60083.99,60186.94,60026.61,60106.02,66.90377,1782718199999,4020959.4206148,27826,23.96413,1440346.2130614,0
1782718200000,60106.02,60138.0,60049.99,60050.01,93.73602,1782719099999,5632750.7191699,21846,42.91858,2578956.5908794,0
1782719100000,60050.01,60135.92,60026.0,60026.0,115.54682,1782719999999,6941864.8682117,19470,56.77418,3410886.7923218,0
1782720000000,60026.01,60093.99,59896.65,59960.0,166.40723,1782720899999,9984027.7779087,35520,83.62455,5016745.4975405,0
1782720900000,59960.0,60058.0,59804.01,59831.01,147.7071,1782721799999,8849619.6677036,43681,57.33408,3434470.0133073,0
1782721800000,59831.01,59912.0,59745.46,59870.0,115.0334,1782722699999,6884426.3026512,43152,50.04486,2994976.3111227,0
1782722700000,59869.99,59940.0,59840.0,59840.0,121.52609,1782723599999,7277442.4902525,24911,72.23222,4325187.535384,0
1782723600000,59840.01,59955.13,59800.06,59948.0,97.07991,1782724499999,5811278.464476,30256,53.65356,3211723.6154925,0
1782724500000,59948.01,60104.0,59778.76,59929.25,370.79008,1782725399999,22238908.5342472,47322,272.82447,16366124.7316117,0
1782725400000,59929.26,60000.0,59888.0,59968.92,149.12424,1782726299999,8940282.5910127,37650,65.05764,3899816.3118171,0
1782726300000,59968.92,60072.0,59928.0,60057.0,130.0948,1782727199999,7807595.215416,35427,54.36755,3262842.9417867,0
1782727200000,60057.0,60310.0,60056.99,60232.56,165.04606,1782728099999,9934026.3029877,41220,74.5891,4489314.0585659,0
1782728100000,60232.57,60311.95,60187.54,60215.78,68.6093,1782728999999,4134493.172213,26039,26.97508,1625494.6165991,0
1782729000000,60215.79,60215.79,60075.0,60130.62,92.51066,1782729899999,5562721.9533725,29224,39.66957,2385160.3823506,0
1782729900000,60130.62,60156.33,60065.49,60088.0,115.73617,1782730799999,6955668.6515391,28049,36.25211,2178675.0402839,0
1782730800000,60088.0,60094.0,59944.69,59944.69,145.51654,1782731699999,8732696.4879988,33613,42.68881,2562386.7611686,0
1782731700000,59944.7,60000.0,59880.0,59990.6,75.71001,1782732599999,4537209.6911556,29108,31.54788,1890605.11611,0
1782732600000,59990.6,60216.0,59806.57,59858.79,156.44476,1782733499999,9389344.7883578,50802,70.85958,4253672.347674,0
1782733500000,59858.78,59993.0,59796.0,59956.05,137.99911,1782734399999,8266057.4184755,31842,84.62991,5069995.4850787,0
1782734400000,59956.05,60780.57,59595.09,60672.0,1533.93421,1782735299999,92543065.4542185,231026,940.85537,56787858.797301,0
1782735300000,60672.01,60771.18,60416.72,60440.01,390.85436,1782736199999,23694181.8103977,85992,183.61432,11135639.2171663,0
1782736200000,60440.01,60460.0,59822.63,59951.68,448.73189,1782737099999,26944345.7235316,90433,193.25645,11601294.8043278,0
1782737100000,59951.69,60050.43,59789.01,59948.78,226.58708,1782737999999,13581326.0689979,49860,120.77133,7240200.3159863,0
1782738000000,59948.79,60340.0,59948.79,60214.0,283.31153,1782738899999,17039910.6021801,62933,197.22118,11861636.2824838,0
1782738900000,60213.99,60304.0,59955.58,59978.01,229.79168,1782739799999,13810045.4523421,49058,128.82505,7743117.7778952,0
1782739800000,59978.0,60276.53,59431.76,59460.01,909.49968,1782740699999,54361308.0908564,173946,373.81543,22361299.8033025,0
1782740700000,59460.0,59600.0,59319.9,59580.0,721.65141,1782741599999,42895265.8825168,150249,370.10849,22004184.3212266,0
1782741600000,59580.0,59593.74,59084.86,59090.91,657.09378,1782742499999,38959263.4749553,150864,294.8106,17482376.4181043,0
1782742500000,59090.9,59560.0,59011.0,59510.0,679.79605,1782743399999,40244396.429316,170760,333.25994,19730597.6302525,0
1782743400000,59510.0,59699.99,59306.4,59320.01,434.5135,1782744299999,25861102.0200637,111676,207.11561,12329856.175165,0
1782744300000,59320.0,59614.46,59253.69,59469.67,227.66913,1782745199999,13528942.9352384,83528,98.27386,5839195.7664967,0
1782745200000,59469.45,59478.07,59097.58,59258.13,251.20441,1782746099999,14882677.3634586,86065,92.82481,5498551.7962773,0
1782746100000,59258.14,59495.73,59140.0,59491.99,232.62319,1782746999999,13791536.1567697,68770,90.72289,5380856.4679039,0
1782747000000,59492.0,59875.0,59492.0,59831.61,488.63641,1782747899999,29181428.6922515,90897,267.99295,16002459.7942283,0
1782747900000,59831.61,59960.0,59762.0,59824.01,395.59279,1782748799999,23687213.8082335,70662,192.39595,11519198.3219031,0
1782748800000,59824.01,59931.98,59710.01,59732.01,173.24001,1782749699999,10363311.3828796,62626,88.79966,5312468.1199747,0
1782749700000,59732.01,59783.99,59584.48,59603.35,139.80825,1782750599999,8344755.2872509,42307,58.47407,3489865.6928419,0
1782750600000,59603.35,59888.0,59603.35,59877.94,176.063,1782751499999,10522714.7861367,52052,83.27103,4976081.7165776,0
1782751500000,59877.93,60030.0,59826.0,59892.86,173.92406,1782752399999,10418798.8496667,46904,111.88254,6702215.5331053,0
1782752400000,59892.87,60483.49,59892.0,60458.81,566.04087,1782753299999,34131981.8147736,90078,410.77663,24773072.467286,0
1782753300000,60458.8,60641.21,60399.47,60544.01,740.53375,1782754199999,44824337.1272748,107532,549.02296,33234655.8865133,0
1782754200000,60544.0,60683.84,60392.0,60620.01,351.63902,1782755099999,21280079.5145282,54302,121.7589,7370807.8638535,0
1782755100000,60620.0,60653.99,60404.0,60413.99,137.54269,1782755999999,8327217.109432,39167,64.64191,3913796.6020728,0
1782756000000,60413.99,60520.0,60328.36,60519.99,159.6759,1782756899999,9647998.6876534,38198,74.74295,4516730.3415213,0
1782756900000,60520.0,60520.0,60229.32,60275.42,138.67222,1782757799999,8374152.4436813,35206,52.23819,3154262.2749741,0
1782757800000,60275.43,60336.0,60210.07,60288.3,144.08845,1782758699999,8682537.6811458,36587,60.92497,3671425.3904745,0
1782758700000,60288.3,60295.0,60193.87,60295.0,83.05184,1782759599999,5003628.1293108,26636,35.78169,2155876.9242853,0
1782759600000,60295.0,60310.64,60153.35,60200.01,122.24438,1782760499999,7358941.8475859,32734,58.38151,3514287.1153869,0
1782760500000,60200.0,60478.0,60189.97,60460.0,88.62605,1782761399999,5347914.1704553,33556,48.18616,2908062.7670148,0
1782761400000,60460.0,60472.19,60314.0,60466.0,95.96939,1782762299999,5796001.4207562,26354,54.80984,3310362.8705861,0
1782762300000,60466.01,60557.5,60414.26,60433.49,194.1754,1782763199999,11745193.7302373,52406,95.10039,5752516.3694391,0
1782763200000,60433.5,60553.06,60421.31,60437.99,118.86981,1782764099999,7189047.5452363,40329,65.68403,3972525.6023297,0
1782764100000,60438.0,60489.56,60362.0,60400.0,77.72,1782764999999,4695789.5079633,23180,43.70412,2640622.7926534,0
1782765000000,60400.0,60479.0,60399.99,60416.7,65.41055,1782765899999,3953751.0088905,24408,38.32364,2316448.0369222,0
1782765900000,60416.7,60416.7,60295.32,60296.0,50.86213,1782766799999,3069205.3263506,18424,19.88186,1199693.9516547,0
1782766800000,60296.01,60415.0,60261.89,60414.0,94.45213,1782767699999,5697342.9306478,25753,44.84958,2705415.6614248,0
1782767700000,60413.99,60414.0,60306.0,60349.99,47.93482,1782768599999,2892305.794005,11672,17.44513,1052521.595399,0
1782768600000,60350.0,60492.0,60349.99,60464.06,79.09318,1782769499999,4779429.4276904,22136,38.33885,2316598.0796084,0
1782769500000,60464.05,60585.99,60464.05,60479.72,73.2823,1782770399999,4434154.6801914,20538,44.94418,2719335.7218684,0
1782770400000,60479.71,60494.0,60363.18,60450.0,64.9057,1782771299999,3923108.0139049,28502,30.66396,1853503.5579019,0
1782771300000,60450.0,60516.0,60432.17,60445.01,58.12981,1782772199999,3514625.4702084,19931,22.45937,1358103.8762113,0
1782772200000,60445.01,60458.0,60350.0,60385.24,34.25075,1782773099999,2068808.8742828,16669,16.02547,967979.6286025,0
1782773100000,60385.25,60426.64,60352.0,60352.31,54.47576,1782773999999,3289806.5809322,14278,17.70622,1069227.2560911,0
1782774000000,60352.31,60379.23,60328.66,60345.99,41.27402,1782774899999,2490861.1562333,15414,21.75863,1313122.0565262,0
1782774900000,60346.0,60361.47,60194.01,60232.01,79.23633,1782775799999,4776012.64663,17069,27.24393,1642384.7547441,0
1782775800000,60232.0,60296.56,60219.71,60252.0,35.7625,1782776699999,2155131.8738643,15701,13.94623,840460.4846826,0
1782776700000,60252.0,60293.22,60218.62,60260.21,95.91273,1782777599999,5777875.6653134,21373,66.58846,4011054.7278396,0
1782777600000,60260.2,60276.54,60151.04,60202.0,182.17039,1782778499999,10971054.667814,29292,85.00493,5120079.9338082,0
1782778500000,60202.0,60230.0,59915.0,59933.0,178.4961,1782779399999,10721160.8605839,32060,51.94268,3118853.010208,0
1782779400000,59932.99,59935.99,59700.0,59778.41,251.41636,1782780299999,15034055.8887444,67592,91.47203,5469482.2173692,0
1782780300000,59778.41,59933.91,59756.0,59838.01,97.74909,1782781199999,5850248.0559081,37961,52.59714,3147667.1322679,0
1782781200000,59838.01,59871.63,59771.0,59828.8,109.63322,1782782099999,6559093.8915549,48743,54.88101,3283689.6595172,0
1782782100000,59828.8,60044.0,59814.0,60038.0,118.66555,1782782999999,7115372.9908185,37020,69.4538,4164694.0392611,0
1782783000000,60037.99,60048.98,59794.0,59838.98,78.15043,1782783899999,4682931.796756,23975,30.63706,1836208.956532,0
1782783900000,59838.98,59941.95,59832.0,59939.94,34.74615,1782784799999,2081257.254278,12688,21.15968,1267385.7596734,0
1782784800000,59939.94,59945.72,59773.96,59796.01,92.50886,1782785699999,5535539.6916492,17040,43.93773,2628930.2183858,0
1782785700000,59796.01,59992.0,59755.0,59975.98,62.06914,1782786599999,3716114.8855171,20011,41.39176,2478564.1547385,0
1782786600000,59975.98,60026.99,59922.0,60007.01,203.38519,1782787499999,12200712.6899134,19711,120.05997,7201470.7328995,0
1782787500000,60007.0,60042.54,59941.96,59948.24,66.313,1782788399999,3979391.5713341,13869,36.52846,2192097.8416925,0
1782788400000,59948.24,59980.0,59860.84,59899.94,93.26201,1782789299999,5589727.0384957,24180,40.42422,2422736.0212942,0
1782789300000,59899.93,60031.75,59818.0,59858.0,96.46725,1782790199999,5781737.3256288,27703,49.79083,2984739.0832001,0
1782790200000,59858.0,59858.01,59740.52,59740.53,84.38365,1782791099999,5044293.2500283,18564,25.77887,1540788.4527695,0
1782791100000,59740.53,59740.53,59600.0,59627.48,107.7464,1782791999999,6428577.8868093,26908,45.64728,2723045.2198209,0
1782792000000,59627.47,59627.48,59433.36,59563.46,191.12263,1782792899999,11376461.7032007,38304,84.80884,5047347.8787299,0
1782792900000,59563.46,59576.0,59442.99,59550.61,135.90313,1782793799999,8087814.695849,30332,76.02874,4524574.1290459,0
1782793800000,59550.61,59700.0,59541.08,59616.0,184.30374,1782794699999,10985660.8260038,29132,111.59467,6651994.9219797,0
1782794700000,59616.0,59616.0,59446.73,59492.01,263.5187,1782795599999,15683887.3968655,26674,37.75593,2246702.1159236,0
1782795600000,59492.01,59531.99,59366.05,59432.99,243.28627,1782796499999,14467964.6718596,26783,127.14687,7561631.705035,0
1782796500000,59432.99,59493.87,59375.52,59386.01,95.05439,1782797399999,5648547.524975,20857,51.13137,3038918.899533,0
1782797400000,59386.01,59579.99,59360.0,59567.5,182.69951,1782798299999,10855603.251588,28360,118.36151,7032724.005602,0
1782798300000,59567.51,59656.89,59554.0,59652.13,286.88007,1782799199999,17103519.7677507,23061,94.06039,5606820.3461989,0
1782799200000,59652.13,59674.7,59534.56,59566.15,87.30737,1782800099999,5200726.7530875,18776,30.34298,1807577.8317173,0
1782800100000,59566.15,59712.88,59513.72,59700.01,420.70445,1782800999999,25054988.9545365,33145,199.12774,11861265.2681104,0
1782801000000,59700.0,59711.64,59546.3,59557.99,107.59695,1782801899999,6412758.5486836,29021,29.81782,1777161.5549857,0
1782801900000,59558.0,59600.45,59543.37,59592.0,93.16117,1782802799999,5549487.1719774,17051,33.45325,1992787.731783,0
1782802800000,59592.0,59632.0,59444.0,59491.29,190.55019,1782803699999,11347414.9222832,28183,63.36833,3773156.2447059,0
1782803700000,59491.3,59566.16,59447.0,59472.87,143.32036,1782804599999,8527405.501763,28837,53.05837,3156899.183416,0
1782804600000,59472.86,59572.06,59459.6,59512.72,227.10702,1782805499999,13516392.8919185,35693,103.94781,6186623.1947017,0
1782805500000,59512.72,59554.89,59462.75,59524.01,201.42911,1782806399999,11988620.6601287,19605,79.10203,4707576.6110327,0
1782806400000,59524.01,59551.03,59431.86,59431.87,142.64526,1782807299999,8487541.5362095,25403,55.53769,3304485.27685,0
1782807300000,59431.87,59440.0,59371.56,59409.99,148.66219,1782808199999,8830979.9639164,27297,56.27662,3342926.8816372,0
1782808200000,59410.0,59441.95,59210.0,59274.7,328.80771,1782809099999,19497189.6194249,55564,159.09515,9433778.7710558,0
1782809100000,59274.7,59388.89,59189.0,59311.92,259.52557,1782809999999,15384577.7951015,47891,113.77723,6746260.0899129,0
1782810000000,59311.26,59400.09,59280.0,59343.74,141.46181,1782810899999,8395455.2073929,24497,66.1077,3924108.395989,0
1782810900000,59343.74,59366.88,59266.01,59296.0,134.81468,1782811799999,7996958.2164981,21826,42.61357,2527889.8128034,0
1782811800000,59296.01,59388.0,59252.0,59360.28,83.209,1782812699999,4936318.9542554,26638,34.86119,2068147.9310545,0
1782812700000,59360.28,59420.0,59360.27,59374.96,83.17316,1782813599999,4938979.8378449,15474,33.26654,1975358.8061272,0
1782813600000,59374.96,59413.0,59313.47,59370.99,115.53604,1782814499999,6859607.5480041,20407,56.56301,3358584.3258853,0
1782814500000,59370.98,59420.0,59338.0,59371.99,41.87144,1782815399999,2486115.006509,18692,20.95372,1244076.346869,0
1782815400000,59371.98,59372.94,59287.29,59334.0,63.31987,1782816299999,3756464.8586487,16432,20.94264,1242381.7577758,0
1782816300000,59334.0,59400.61,59286.36,59334.01,79.67447,1782817199999,4728567.6670355,22187,28.89109,1714606.3975195,0
1782817200000,59334.01,59413.27,59322.0,59388.25,59.78054,1782818099999,3549780.1583246,19809,36.32664,2157236.0997626,0
1782818100000,59388.26,59396.0,59196.0,59223.31,81.52603,1782818999999,4832441.5509703,29944,33.12947,1963840.4648928,0
1782819000000,59223.31,59275.0,59123.01,59249.14,188.86585,1782819899999,11180009.0917103,36228,88.94364,5265003.8271717,0
1782819900000,59249.14,59340.0,59158.43,59192.7,136.59914,1782820799999,8095251.4742094,33762,67.97141,4028028.3027545,0
1782820800000,59192.71,59192.71,59000.06,59009.9,384.68801,1782821699999,22721747.851263,52137,196.39757,11600085.0084484,0
1782821700000,59009.9,59079.96,58760.16,58865.92,745.66012,1782822599999,43955629.6791622,75301,181.22653,10677314.3802153,0
1782822600000,58865.92,58897.79,58776.33,58843.5,220.02217,1782823499999,12945652.2919797,62149,121.0983,7125385.1015104,0
1782823500000,58843.5,58853.55,58403.51,58412.0,693.02795,1782824399999,40584584.5815411,91979,233.14669,13657501.9733279,0
1782824400000,58411.99,58658.55,58322.63,58458.1,574.5,1782825299999,33601242.9333039,95941,289.35734,16927097.2539623,0
1782825300000,58458.11,58600.0,58454.0,58517.0,330.30602,1782826199999,19330256.6895649,46716,206.61229,12091814.2211079,0
1782826200000,58517.0,58762.0,58228.33,58570.01,1020.54739,1782827099999,59627540.1778876,149459,496.33469,29005164.9526154,0
1782827100000,58570.0,58802.66,58462.4,58737.18,579.15527,1782827999999,33962887.7955839,113704,346.38341,20312959.0566072,0
1782828000000,58737.17,59276.6,58655.0,58995.99,656.63952,1782828899999,38720664.254102,143863,382.05551,22528462.5038993,0
1782828900000,58996.0,59154.27,58894.08,59039.99,379.39768,1782829799999,22405412.9826676,77938,230.01642,13585386.0530986,0
1782829800000,59040.0,59100.0,58586.57,58919.4,404.55648,1782830699999,23804365.2697592,88884,164.75064,9692223.2137609,0
1782830700000,58919.41,58919.41,58433.0,58482.81,339.39638,1782831599999,19882992.3839307,82491,143.1478,8385916.5855809,0
1782831600000,58482.81,58600.0,58201.0,58441.99,549.03494,1782832499999,32040432.4092249,110624,211.39264,12337431.4751468,0
1782832500000,58442.0,58490.0,58204.0,58384.55,446.24043,1782833399999,26031961.6813413,89100,222.86705,13000517.4032,0
1782833400000,58384.55,58500.99,58266.01,58444.0,203.05239,1782834299999,11858231.0752258,53758,114.05991,6661084.4055758,0
1782834300000,58444.01,58796.0,58347.37,58381.99,364.82255,1782835199999,21369445.8463595,76664,173.84888,10183705.4676107,0
1782835200000,58382.0,58632.0,58362.0,58406.0,217.93793,1782836099999,12751674.5504973,56791,102.23523,5981513.2814995,0
1782836100000,58406.0,58470.09,58254.21,58316.0,303.81267,1782836999999,17726030.1153284,43283,122.82037,7165763.290477,0
1782837000000,58316.0,58480.0,58241.79,58324.77,401.7362,1782837899999,23434164.3877864,56139,156.35362,9122490.3934418,0
1782837900000,58324.77,58572.0,58324.76,58497.65,255.41038,1782838799999,14930729.8217656,49209,122.37242,7153111.0938673,0
1782838800000,58497.65,58618.65,58384.0,58404.0,179.35587,1782839699999,10494543.4188882,42613,74.06053,4333853.4921304,0
1782839700000,58404.0,58484.3,58367.22,58387.9,142.57305,1782840599999,8329366.842319,43850,52.7805,3083551.807148,0
1782840600000,58387.9,58458.0,58334.01,58376.01,179.72169,1782841499999,10494040.8137015,46671,67.96861,3968646.7880406,0
1782841500000,58376.0,58431.69,58310.72,58417.99,130.88557,1782842399999,7639965.6929306,31186,51.79011,3023098.1648605,0
1782842400000,58417.99,58498.0,58351.56,58472.0,146.80298,1782843299999,8577500.8656795,40439,52.78074,3083998.9854007,0
1782843300000,58472.0,58699.98,58426.0,58535.99,194.87776,1782844199999,11408993.7252363,47610,91.86798,5379190.6648317,0
1782844200000,58536.0,58552.68,58380.42,58456.0,130.56856,1782845099999,7631682.5496378,36666,55.01599,3215345.0931954,0
1782845100000,58456.0,58686.54,58455.99,58680.87,132.82851,1782845999999,7786085.9037505,33660,67.22348,3940601.5793564,0
1782846000000,58680.86,58723.4,58588.0,58651.11,190.63651,1782846899999,11180620.8991844,39691,95.16487,5581565.5966165,0
1782846900000,58651.11,58669.75,58586.01,58669.44,162.58511,1782847799999,9532492.1096241,38304,64.17733,3762670.0243567,0
1782847800000,58669.44,58807.34,58658.0,58752.0,121.62488,1782848699999,7145446.3178552,37793,57.84467,3398096.5713865,0
1782848700000,58752.0,58839.16,58698.0,58818.05,203.795,1782849599999,11978768.2141054,44363,112.4128,6607123.5012593,0
1782849600000,58818.0,58874.99,58743.34,58865.99,111.25775,1782850499999,6542746.9400617,33099,45.25359,2661392.1281087,0
1782850500000,58866.0,58866.0,58689.6,58742.0,125.33358,1782851399999,7367608.9305856,26097,49.8559,2930610.1724443,0
1782851400000,58742.0,58742.67,58650.0,58660.0,112.46691,1782852299999,6601516.7331921,24537,45.38475,2663931.9143357,0
1782852300000,58660.01,58793.99,58648.26,58732.01,79.76527,1782853199999,4684055.4055317,23763,50.20808,2948159.4128758,0
1782853200000,58732.0,58770.0,58552.49,58582.89,143.02224,1782854099999,8388607.2165526,40137,63.88914,3747009.8116876,0
1782854100000,58582.89,58637.0,58509.99,58596.0,104.33268,1782854999999,6111536.3026853,22354,55.44524,3247858.5837039,0
1782855000000,58596.0,58664.0,58586.0,58586.87,74.00157,1782855899999,4338673.1446571,21275,33.80002,1981516.5083901,0
1782855900000,58586.87,58654.0,58525.09,58639.99,76.78573,1782856799999,4499780.032921,22960,37.13004,2175839.8690062,0
1782856800000,58639.99,58748.17,58639.99,58736.01,84.09992,1782857699999,4937091.4883083,23621,48.6465,2855743.5385369,0
1782857700000,58736.0,58806.91,58650.0,58654.93,76.14965,1782858599999,4471469.8991701,20614,38.05542,2234999.8167482,0
1782858600000,58654.92,58654.92,58513.8,58600.0,80.30187,1782859499999,4703207.1967017,24125,34.14935,2000064.338786,0
1782859500000,58600.0,58630.0,58543.13,58607.99,33.87934,1782860399999,1985034.8241955,13845,14.84935,869990.6878459,0
1782860400000,58607.99,58650.0,58555.0,58610.0,50.53212,1782861299999,2961469.8421524,20137,28.86771,1691856.3188634,0
1782861300000,58610.0,58659.98,58578.65,58616.01,206.03851,1782862199999,12080309.7226317,18861,104.69146,6137568.0331975,0
1782862200000,58616.0,58638.47,58571.44,58612.0,50.93622,1782863099999,2984732.4216866,17730,22.64641,1327041.098526,0
1782863100000,58611.99,58664.0,58589.37,58624.71,244.14393,1782863999999,14313433.7827757,19496,78.04197,4574535.9709822,0
1782864000000,58624.71,58750.68,58607.99,58646.01,331.11534,1782864899999,19432069.5820079,34534,256.19834,15035086.4434207,0
1782864900000,58646.01,58685.04,58310.0,58394.0,199.4103,1782865799999,11656362.5899871,34890,60.51053,3535992.6659736,0
1782865800000,58394.0,58575.72,58393.99,58484.0,73.98708,1782866699999,4326138.373382,30020,44.42402,2597594.9011858,0
1782866700000,58484.0,58617.99,58472.01,58576.0,66.13389,1782867599999,3873117.3331169,24258,46.01658,2695322.2827131,0
1782867600000,58575.99,58584.0,57800.19,58169.81,1821.81482,1782868499999,105771279.7232258,147086,495.93674,28807383.1288584,0
1782868500000,58169.82,58400.0,58030.82,58352.91,388.29688,1782869399999,22618811.5556104,111518,194.5463,11334666.710444,0
1782869400000,58352.91,58998.45,58334.69,58900.39,521.32747,1782870299999,30615810.4111597,100600,314.52181,18466857.9961252,0
1782870300000,58900.16,59022.81,58720.0,58770.57,255.68622,1782871199999,15046017.0363054,57688,165.56586,9744314.3852727,0
1782871200000,58770.58,58865.78,58663.95,58798.0,132.16104,1782872099999,7767461.9904593,39196,81.91132,4814747.9081629,0
1782872100000,58798.0,59031.62,58780.0,58947.87,183.17867,1782872999999,10792442.6428402,40050,88.99487,5243117.8741586,0
1782873000000,58948.0,59159.22,58921.3,59140.14,194.56407,1782873899999,11488152.0652559,53600,95.3747,5631024.4964167,0
1782873900000,59140.13,59171.63,59008.0,59085.0,182.8438,1782874799999,10803935.7912054,35622,116.25951,6869170.1215146,0
1782874800000,59085.0,59119.73,58996.0,58999.23,94.7771,1782875699999,5596146.1608813,26337,46.25743,2731244.1157633,0
1782875700000,58999.23,59003.23,58885.79,58924.0,145.51938,1782876599999,8574144.7668111,25491,60.54287,3566916.5949837,0
1782876600000,58923.99,59148.37,58850.0,58939.18,135.26448,1782877499999,7977533.5586615,36740,56.04226,3305431.2291597,0
1782877500000,58939.18,59318.0,58933.98,59197.13,339.87979,1782878399999,20110401.9049644,44753,222.5135,13164214.7503927,0
1782878400000,59197.12,59197.13,59062.0,59113.31,83.38901,1782879299999,4930093.6137653,27221,29.93701,1769758.0198822,0
1782879300000,59113.32,59274.0,59100.0,59274.0,71.22794,1782880199999,4217191.9171418,26704,43.21609,2558634.6498533,0
1782880200000,59274.0,59373.52,59200.0,59359.9,95.50312,1782881099999,5663176.1243791,30131,48.47014,2874227.7585455,0
1782881100000,59359.9,59457.0,59308.0,59339.99,229.99629,1782881999999,13656203.3192427,33643,75.12555,4462014.5644787,0
1782882000000,59339.99,59376.48,59251.32,59292.03,202.45749,1782882899999,12010643.8650858,26546,50.63169,3003533.3647637,0
1782882900000,59292.02,59357.32,59154.02,59174.0,117.1437,1782883799999,6938326.1403838,29097,49.06306,2906318.0396796,0
1782883800000,59174.0,59204.43,59126.42,59188.39,76.91923,1782884699999,4551017.2608785,20473,25.66014,1518348.5763209,0
1782884700000,59188.4,59203.28,59132.66,59154.33,35.78445,1782885599999,2117208.6775584,11377,13.091,774549.8383387,0
1782885600000,59154.33,59156.0,58911.11,58952.12,172.33972,1782886499999,10167298.5304166,32446,57.36293,3383100.3748803,0
1782886500000,58952.12,58974.0,58692.0,58791.16,161.9419,1782887399999,9525181.4184711,46088,67.9018,3993277.998574,0
1782887400000,58791.16,58834.85,58534.31,58700.0,324.44022,1782888299999,19032266.1421209,47735,139.34808,8175434.5156439,0
1782888300000,58699.99,58775.36,58618.0,58755.8,135.41217,1782889199999,7952681.8187684,23643,72.69962,4269643.319022,0
1782889200000,58755.8,58788.0,58600.0,58681.02,204.63319,1782890099999,12006160.4694964,30993,132.53822,7776264.0249692,0
1782890100000,58681.02,58823.9,58638.0,58740.0,100.19918,1782890999999,5885030.7144513,30031,52.38338,3076584.1993342,0
1782891000000,58740.01,58754.0,58648.15,58689.7,89.50464,1782891899999,5254753.9696507,29442,44.98541,2641005.2174752,0
1782891900000,58689.7,58804.67,58670.0,58768.65,85.52151,1782892799999,5024153.7811625,16964,44.51847,2615043.0275086,0
1782892800000,58768.64,58813.99,58663.34,58700.13,72.17954,1782893699999,4239816.3857675,22192,27.3103,1604052.8660856,0
1782893700000,58700.12,58723.4,58600.0,58620.01,89.47649,1782894599999,5249133.1306929,23476,40.81213,2394049.3288947,0
1782894600000,58620.01,58742.0,58500.0,58739.44,130.90475,1782895499999,7671220.5177833,36789,68.24066,3999895.0111017,0
1782895500000,58739.45,58984.0,58678.67,58973.99,89.37176,1782896399999,5256165.7566649,25915,55.35839,3256149.1834665,0
1782896400000,58973.99,59091.99,58896.75,58956.0,100.80072,1782897299999,5945566.0058792,26527,50.5396,2981382.1379633,0
1782897300000,58955.99,59005.06,58877.14,58888.0,132.76672,1782898199999,7824110.963837,18439,82.87685,4883905.2801023,0
1782898200000,58888.0,58945.0,58825.61,58883.76,72.49077,1782899099999,4268240.3080034,15506,27.36298,1611386.5682038,0
1782899100000,58883.75,58973.79,58850.0,58944.55,111.73584,1782899999999,6582387.3690042,22090,56.51611,3329300.4434727,0
1782900000000,58944.55,58948.47,58754.0,58757.43,84.10576,1782900899999,4949847.1325362,23968,35.40052,2083956.6573856,0
1782900900000,58757.42,58798.03,58665.26,58745.21,141.46701,1782901799999,8310798.5917897,27307,54.824,3220001.0978547,0
1782901800000,58745.2,58756.0,58624.0,58624.01,73.89887,1782902699999,4338186.1325889,22446,20.03291,1175931.8108713,0
1782902700000,58624.01,58698.99,58624.0,58659.98,106.23145,1782903599999,6232066.6359112,18289,46.70891,2740264.3772196,0
1782903600000,58659.97,58742.94,58588.0,58706.01,107.68917,1782904499999,6317380.2496233,33977,49.93474,2929964.9025561,0
1782904500000,58706.0,58755.9,58676.0,58698.23,96.53503,1782905399999,5667629.2237972,22447,64.60368,3793002.2373834,0
1782905400000,58698.22,58736.0,58628.0,58678.0,123.22715,1782906299999,7232270.6934274,29934,61.50946,3609985.4237559,0
1782906300000,58678.0,58700.0,58550.0,58622.03,69.24042,1782907199999,4058827.4813867,20727,18.62036,1091647.4915035,0
1782907200000,58622.02,58676.0,58393.46,58443.63,205.98593,1782908099999,12049728.5205961,40969,61.69939,3609106.0501765,0
1782908100000,58443.63,58592.0,58443.63,58559.99,141.3573,1782908999999,8272585.9041,30338,79.73427,4666663.2397399,0
1782909000000,58559.99,58589.87,58377.02,58398.0,174.57571,1782909899999,10203364.7267727,51477,83.59174,4885450.3664649,0
1782909900000,58397.99,58570.01,58326.0,58538.01,1194.69225,1782910799999,69874284.6616629,58566,470.88093,27531416.9101686,0
1782910800000,58538.0,58790.01,58536.0,58673.28,750.093,1782911699999,44029883.1612203,63274,275.61329,16174702.8615933,0
1782911700000,58673.28,58904.0,58662.25,58820.01,255.84505,1782912599999,15039954.4001732,48422,179.10691,10528364.5725712,0
1782912600000,58820.0,59075.57,58602.0,59020.01,533.49804,1782913499999,31393491.6005798,118453,315.4336,18560193.6695479,0
1782913500000,59020.0,59508.0,58944.31,59498.03,782.35938,1782914399999,46407786.6137582,118618,500.36295,29677351.1191078,0
1782914400000,59498.03,59987.77,59278.0,59978.01,744.95384,1782915299999,44400061.6716841,119612,465.46371,27742559.7786414,0
1782915300000,59978.0,60092.0,59775.79,59777.99,1604.68847,1782916199999,96137844.0733006,122218,1046.35604,62678886.6246538,0
1782916200000,59778.0,59813.6,59540.0,59603.99,943.26751,1782917099999,56304383.7503488,92933,564.79405,33713032.213511,0
1782917100000,59603.98,59762.0,59420.01,59542.0,433.29928,1782917999999,25821270.9446374,71385,247.45565,14743287.2636289,0
1782918000000,59541.99,59986.0,59520.51,59916.47,395.42846,1782918899999,23648457.8049951,84183,236.57803,14147397.8598909,0
1782918900000,59916.58,60536.55,59844.02,60310.83,1182.84401,1782919799999,71308088.6500758,124631,815.26679,49136532.3690742,0
1782919800000,60310.82,60380.04,60136.24,60224.92,440.44629,1782920699999,26534018.0262163,61550,203.65223,12267912.0350546,0
1782920700000,60224.91,60246.0,60076.59,60147.15,303.34335,1782921599999,18244893.8915618,42239,159.48053,9590686.5060083,0
1782921600000,60147.15,60225.08,60072.97,60132.01,361.1059,1782922499999,21722209.5923022,37665,214.26143,12888483.107593,0
1782922500000,60132.0,60267.17,59950.01,60144.01,324.23254,1782923399999,19483802.8676964,53451,176.08885,10581176.2182671,0
1782923400000,60144.01,60172.0,60024.89,60082.0,87.3068,1782924299999,5245928.4514987,25298,43.95318,2641309.3890357,0
1782924300000,60082.0,60090.0,59865.75,59920.0,90.15521,1782925199999,5404520.2757704,30610,33.31736,1997246.7850335,0
1782925200000,59920.0,59937.13,59787.35,59902.01,120.69191,1782926099999,7222335.5763531,39446,50.8556,3043703.9831942,0
1782926100000,59902.01,60205.7,59900.45,60148.29,122.51089,1782926999999,7360005.8900799,39767,79.83194,4795835.5673015,0
1782927000000,60148.28,60239.84,60087.99,60156.84,154.03873,1782927899999,9270389.6595756,33304,90.61739,5453851.474979,0
1782927900000,60156.84,60238.47,60152.0,60190.6,82.84775,1782928799999,4987007.0667796,23984,49.62176,2986982.2114161,0
1782928800000,60190.59,60214.0,60016.4,60078.0,101.81423,1782929699999,6120020.6734217,30873,36.82652,2214289.0270976,0
1782929700000,60077.99,60189.71,60048.0,60140.0,52.24011,1782930599999,3141012.4881721,23671,24.6631,1482942.8748301,0
1782930600000,60139.99,60248.26,60082.0,60221.99,60.56812,1782931499999,3645169.5652894,27157,34.93203,2102448.9538096,0
1782931500000,60222.0,60298.0,60082.0,60171.16,128.69211,1782932399999,7744369.2745767,34898,72.36027,4354206.727289,0
1782932400000,60171.16,60299.98,60163.06,60280.02,93.4592,1782933299999,5631546.5977306,27449,56.44936,3401394.7827626,0
1782933300000,60280.02,60352.93,60101.17,60155.42,102.89043,1782934199999,6197610.085075,25750,40.61649,2446157.6477253,0
1782934200000,60155.42,60276.0,60151.82,60208.59,101.09374,1782935099999,6086121.7475234,26822,40.451,2435323.429297,0
1782935100000,60208.59,60208.6,60000.0,60028.67,250.70488,1782935999999,15063110.4172184,34839,105.23341,6321794.9863665,0
1782936000000,60029.39,60060.0,59909.87,59997.81,115.55497,1782936899999,6930541.4027645,33642,52.93241,3174797.6829607,0
1782936900000,59997.81,60025.64,59876.0,59974.0,69.46514,1782937799999,4164289.1357052,24990,28.47792,1707168.7947756,0
1782937800000,59974.0,60070.0,59960.0,60043.44,61.02054,1782938699999,3662413.0321821,21190,37.09279,2226132.9044807,0
1782938700000,60043.44,60198.0,60029.85,60126.0,67.06212,1782939599999,4031638.5571151,18685,34.48451,2073463.05639,0
1782939600000,60126.0,60462.1,60124.89,60447.21,132.49557,1782940499999,7995349.9617358,39744,88.30731,5328943.9777903,0
1782940500000,60447.21,60600.0,60332.3,60527.98,304.99103,1782941399999,18447937.3182919,54903,181.76786,10994358.1273585,0
1782941400000,60527.99,60846.95,60527.98,60808.27,520.16481,1782942299999,31580360.261683,65150,377.20081,22898980.1389175,0
1782942300000,60808.26,60846.95,60776.0,60815.99,195.9247,1782943199999,11916148.6063181,34418,102.35643,6225644.2333086,0
1782943200000,60815.99,60829.99,60788.0,60812.15,175.04264,1782944099999,10645636.9335515,32746,103.69113,6306249.0810049,0
1782944100000,60812.15,61334.0,60553.19,60555.06,1331.2568,1782944999999,81174897.1349064,103106,629.02012,38356719.7508394,0
1782945000000,60555.05,60675.38,60450.0,60490.41,235.44549,1782945899999,14254671.14214,73377,121.42831,7351068.8331643,0
1782945900000,60490.41,60506.02,60339.0,60478.01,135.87106,1782946799999,8211411.0126599,44200,67.09681,4055070.4174937,0
1782946800000,60478.0,60478.0,60232.43,60246.17,151.70916,1782947699999,9150661.5475424,38524,41.2039,2485119.7906364,0
1782947700000,60246.17,60368.0,60196.85,60208.14,93.60584,1782948599999,5640406.1464462,31446,37.95383,2287261.405571,0
1782948600000,60208.14,60262.5,60034.0,60158.74,123.11036,1782949499999,7405178.9389913,42645,47.10735,2833973.4670496,0
1782949500000,60158.74,60164.0,59984.86,60024.0,205.20043,1782950399999,12319647.2286309,49285,77.24083,4636675.3512727,0
1782950400000,60024.0,60028.0,59900.0,59942.99,170.50829,1782951299999,10221228.0397042,42860,93.1656,5584428.4500214,0
1782951300000,59943.0,59973.41,59742.06,59780.55,148.48952,1782952199999,8884325.3375585,35213,65.45293,3916896.4565044,0
1782952200000,59780.55,59788.0,59588.0,59624.64,237.03201,1782953099999,14145329.9152843,35663,158.89759,9482885.536039,0
1782953100000,59624.65,59847.34,59624.65,59761.73,301.90099,1782953999999,18037744.3983186,38354,225.92338,13499607.3157354,0
1782954000000,59761.74,59942.0,59715.8,59927.97,209.01835,1782954899999,12495232.9141686,39672,96.19874,5752966.2656073,0
1782954900000,59927.96,60023.76,59837.84,60018.0,140.26019,1782955799999,8407715.3174471,35079,84.68485,5076165.855857,0
1782955800000,60018.0,60324.99,60018.0,60202.0,145.16933,1782956699999,8735804.546515,41737,85.5868,5149938.4970197,0
1782956700000,60201.99,60318.0,60087.38,60175.92,139.97297,1782957599999,8421907.1398089,29343,66.12515,3978122.2360298,0
1782957600000,60175.91,60198.0,60015.68,60143.99,99.62731,1782958499999,5990758.4948295,30802,46.53831,2798235.3157942,0
1782958500000,60143.99,60268.0,60137.0,60207.98,78.99577,1782959399999,4755117.0858636,31023,45.70545,2751069.6937849,0
1782959400000,60207.99,60412.46,60184.0,60407.01,124.46818,1782960299999,7507748.0610329,34605,80.52437,4856707.5696729,0
1782960300000,60407.01,60495.24,60335.65,60423.1,217.84844,1782961199999,13166730.654049,28681,140.3027,8480451.6529177,0
1782961200000,60423.11,60480.0,60392.83,60478.88,81.82842,1782962099999,4945930.5462291,19263,26.13865,1579882.8637795,0
1782962100000,60478.87,60721.35,60300.02,60554.65,300.85116,1782962999999,18216564.693561,45696,199.18639,12062758.098025,0
1782963000000,60554.18,60812.46,60484.05,60812.45,183.48833,1782963899999,11129773.5139605,46522,91.6498,5561648.4293811,0
1782963900000,60812.45,61121.78,60736.28,61058.0,325.48578,1782964799999,19838677.0353223,55227,213.06693,12984905.3784217,0
1782964800000,61057.99,61058.0,60870.0,60941.03,147.73924,1782965699999,9006280.0805418,42728,78.41158,4780125.8720945,0
1782965700000,60941.03,60976.92,60805.28,60868.01,229.23989,1782966599999,13953230.8078787,33935,114.60318,6975287.4913544,0
1782966600000,60868.01,60868.01,60728.0,60775.41,323.10999,1782967499999,19638414.4966283,37194,73.93894,4493830.1884219,0
1782967500000,60775.41,60887.91,60745.99,60787.98,93.11676,1782968399999,5662180.1005322,28152,53.65089,3262358.395425,0
1782968400000,60787.98,60870.01,60643.29,60870.01,229.25861,1782969299999,13940500.6643046,43095,168.45239,10245690.3854993,0
1782969300000,60870.0,60877.69,60733.8,60745.64,311.20212,1782970199999,18926879.2535336,31715,59.63927,3626720.0110211,0
1782970200000,60745.64,60874.0,60598.09,60609.79,143.80946,1782971099999,8731448.8054618,39444,46.34461,2814611.2877476,0
1782971100000,60609.8,60658.0,60488.0,60504.54,151.89467,1782971999999,9197162.5874509,34307,63.97686,3874106.6645946,0
1782972000000,60504.54,60520.0,60410.0,60410.0,108.54544,1782972899999,6564178.7252172,28765,50.70027,3066032.1905496,0
1782972900000,60410.01,60561.94,60402.3,60476.54,116.08862,1782973799999,7022819.0683401,31650,81.8005,4949098.866056,0
1782973800000,60476.53,60652.74,60476.53,60534.4,164.18379,1782974699999,9943041.9907018,28861,74.3891,4505624.4582477,0
1782974700000,60534.41,60538.0,60260.0,60274.01,449.71623,1782975599999,27130933.8977996,40587,179.32307,10817020.4024757,0
1782975600000,60274.01,60315.93,60205.0,60240.15,85.56557,1782976499999,5156082.6530931,24684,40.30067,2428494.3266669,0
1782976500000,60240.16,60270.0,60165.25,60165.25,148.13747,1782977399999,8917167.4983062,24807,56.17031,3381343.2775352,0
1782977400000,60165.01,60216.81,60117.7,60136.3,214.57262,1782978299999,12906962.2297273,37035,108.22145,6509689.7827943,0
1782978300000,60136.29,60227.9,60104.0,60149.99,145.71501,1782979199999,8764667.8297671,30425,75.26782,4527082.0554669,0
1782979200000,60149.99,60364.0,60132.51,60308.0,158.49645,1782980099999,9549312.580866,31465,86.25967,5195937.7222851,0
1782980100000,60307.99,60400.0,60307.99,60362.33,125.82964,1782980999999,7595101.469676,25371,70.7657,4271455.0222322,0
1782981000000,60362.33,60500.0,60332.3,60443.82,202.52831,1782981899999,12243636.2263748,24750,144.83145,8757355.6464334,0
1782981900000,60443.82,60555.06,60410.86,60511.99,86.53182,1782982799999,5235674.0031521,23308,45.27605,2739227.2723575,0
1782982800000,60512.0,60520.0,60376.13,60467.4,97.7277,1782983699999,5907070.1418337,27574,45.80655,2769090.0206481,0
1782983700000,60467.39,60630.65,60430.0,60604.91,112.17061,1782984599999,6791237.3828543,29116,72.08488,4363698.7034419,0
1782984600000,60604.91,61213.81,60604.9,61090.01,746.03928,1782985499999,45468298.2270315,97805,434.57384,26475696.4371928,0
1782985500000,61090.0,61437.49,60868.29,61184.0,939.69419,1782986399999,57486642.6037912,112794,522.49015,31963095.0645821,0
1782986400000,61184.0,61240.36,61051.07,61231.11,257.73661,1782987299999,15757850.3148427,47363,152.84258,9345014.5175334,0
1782987300000,61231.1,61300.01,61100.0,61224.54,231.01094,1782988199999,14137378.2784312,47933,121.30758,7422682.006857,0
1782988200000,61224.53,61350.0,61206.0,61206.0,133.12096,1782989099999,8156800.278263,34430,69.7549,4274416.9764004,0
1782989100000,61206.01,61330.0,61147.65,61263.68,89.24009,1782989999999,5466146.8134455,29927,58.04074,3554878.1067863,0
1782990000000,61263.93,61381.88,61214.5,61284.21,336.99232,1782990899999,20661687.868939,42521,215.96421,13240770.9998538,0
1782990900000,61284.21,61354.33,61258.92,61296.1,188.51669,1782991799999,11556453.5524519,36259,74.09275,4541535.6213711,0
1782991800000,61296.1,61360.0,61258.92,61300.01,137.59357,1782992699999,8433586.770497,30484,64.78483,3970860.7358128,0
1782992700000,61300.0,61388.0,61125.58,61358.01,160.1933,1782993599999,9813231.8868783,31892,86.94201,5326799.6683481,0
1782993600000,61358.0,61364.32,61267.98,61360.0,183.39405,1782994499999,11246642.5674532,30069,80.20606,4918527.6358689,0
1782994500000,61360.0,61415.0,61147.23,61346.01,229.6975,1782995399999,14075763.9785335,49275,99.75011,6113698.119296,0
1782995400000,61346.01,61598.01,61192.3,61375.56,629.7538,1782996299999,38665225.6421379,98579,351.49294,21584409.3212313,0
1782996300000,61375.56,61614.0,61369.99,61542.53,433.79756,1782997199999,26684540.4670139,56721,219.54087,13502429.8836397,0
1782997200000,61542.53,61738.74,61506.0,61686.07,360.38356,1782998099999,22210774.5681405,52280,216.95418,13371911.0414701,0
1782998100000,61686.06,61971.0,61654.01,61688.0,684.39071,1782998999999,42308636.2251917,78242,435.13753,26903524.0721193,0
1782999000000,61688.0,62053.0,61526.56,61961.64,943.01772,1782999899999,58354959.9192997,144829,613.9183,37995280.8724624,0
1782999900000,61961.64,62029.65,61810.0,61939.04,515.25707,1783000799999,31904505.0429094,74211,268.70656,16638878.0069156,0
1783000800000,61939.04,62192.01,61850.0,62081.6,576.44368,1783001699999,35744588.8122143,94177,314.80302,19526345.0398413,0
1783001700000,62081.61,62200.0,61570.0,61675.16,615.82482,1783002599999,38070712.8756707,103946,197.6829,12219364.0805191,0
1783002600000,61675.15,61810.23,61394.49,61428.01,321.87402,1783003499999,19817032.9335875,99591,126.36885,7782314.9828246,0
1783003500000,61428.0,61758.13,61428.0,61696.61,320.28901,1783004399999,19723776.8844813,88785,157.32172,9689676.1506694,0
1783004400000,61696.61,61734.37,61427.39,61587.09,385.39969,1783005299999,23753294.1515913,66259,131.05799,8073427.295334,0
1783005300000,61587.09,61850.86,61492.32,61717.94,204.50055,1783006199999,12608930.4016718,59524,102.17154,6302703.93253,0
1783006200000,61717.95,61827.9,61556.0,61708.0,244.83342,1783007099999,15111892.6782498,48181,97.67502,6027382.988419,0
1783007100000,61708.01,61745.5,61533.68,61612.93,120.35534,1783007999999,7414881.4050719,42374,65.74958,4050306.8809143,0
1783008000000,61612.93,61750.0,61508.0,61698.0,152.7439,1783008899999,9413547.9663093,50636,88.1006,5429927.0145576,0
1783008900000,61698.0,61698.01,61108.99,61191.99,577.48836,1783009799999,35410454.4020366,72286,272.91362,16733732.7787865,0
1783009800000,61192.0,61450.72,61192.0,61440.01,284.41625,1783010699999,17439198.9601079,49709,216.69863,13285950.4726776,0
1783010700000,61440.0,61790.13,61434.0,61682.34,512.03201,1783011599999,31573037.5021687,75334,345.0589,21275501.5170362,0
1783011600000,61682.34,61825.0,61624.0,61781.84,221.79147,1783012499999,13690382.0479745,49512,131.70419,8130235.2964436,0
1783012500000,61781.85,61962.43,61750.0,61868.0,239.05915,1783013399999,14790550.4708929,41945,154.369,9550757.3978896,0
1783013400000,61868.0,61868.01,61648.0,61777.01,102.49798,1783014299999,6330519.3402231,30668,50.13154,3095882.174903,0
1783014300000,61777.0,61805.26,61619.69,61667.39,179.49833,1783015199999,11069566.7050072,23938,58.04466,3580391.9493058,0
1783015200000,61667.4,61855.33,61664.39,61828.22,125.95905,1783016099999,7780869.2857545,28078,77.53959,4789317.7342062,0
1783016100000,61828.21,61900.29,61726.62,61868.16,168.0304,1783016999999,10390838.3669981,19847,117.20711,7248851.5738253,0
1783017000000,61868.17,61868.17,61770.42,61776.02,59.75207,1783017899999,3693661.8404472,21084,36.14359,2234249.0955242,0
1783017900000,61776.02,61872.0,61686.41,61761.36,103.50065,1783018799999,6393434.2540343,20387,55.41592,3423917.0408468,0
1783018800000,61761.36,61763.81,61604.0,61663.99,68.07453,1783019699999,4198472.7593519,22807,32.6089,2011153.670089,0
1783019700000,61664.0,61664.0,61513.41,61614.57,85.36358,1783020599999,5254861.2848879,24003,35.67513,2196125.0665826,0
1783020600000,61614.57,61653.36,61525.52,61585.0,87.28304,1783021499999,5375290.1443678,27712,47.16136,2904609.9884095,0
1783021500000,61585.0,61700.0,61424.0,61479.6,327.21264,1783022399999,20142052.5881011,58442,169.66276,10445024.603806,0
1783022400000,61479.59,61540.0,61405.79,61441.08,85.24719,1783023299999,5239851.2940907,24545,50.78111,3121603.6617248,0
1783023300000,61441.09,61513.21,61402.0,61402.0,69.80598,1783024199999,4288947.3204116,19398,49.59562,3047164.6074983,0
1783024200000,61402.0,61432.83,61342.0,61365.98,157.11964,1783025099999,9645078.0751861,24060,79.50502,4880491.4499648,0
1783025100000,61365.98,61596.0,61365.98,61584.78,123.5347,1783025999999,7595244.1326361,26514,82.17619,5052266.9051147,0
1783026000000,61584.77,61653.43,61522.24,61522.63,119.4469,1783026899999,7354201.2181901,21862,51.51162,3171607.9485958,0
1783026900000,61522.63,61546.0,61522.62,61540.42,29.76683,1783027799999,1831818.5296513,6337,17.38858,1070061.2090263,0
1783027800000,61540.42,61556.0,61519.51,61524.99,78.68664,1783028699999,4842079.4440541,10654,42.92087,2641148.9654273,0
1783028700000,61525.0,61611.28,61516.0,61592.26,107.19957,1783029599999,6600035.6633058,17003,30.35806,1868866.6596627,0
1783029600000,61592.26,61596.62,61521.9,61529.66,72.2005,1783030499999,4443731.7986816,18335,34.69894,2135475.7010089,0
1783030500000,61529.66,61566.43,61522.34,61522.35,57.37319,1783031399999,3530833.6180421,8606,36.65275,2255713.1260209,0
1783031400000,61522.35,61547.72,61514.83,61527.31,58.78976,1783032299999,3617238.8237955,6882,29.69445,1827167.9738322,0
1783032300000,61527.31,61554.97,61406.28,61465.26,125.05054,1783033199999,7689814.4982962,14135,55.3044,3400849.7631094,0
1783033200000,61465.26,61465.27,61350.02,61351.9,80.54942,1783034099999,4943701.3447508,17218,44.69137,2742842.0068508,0
1783034100000,61351.9,61538.0,61351.89,61510.61,61.99274,1783034999999,3808686.0557638,26815,38.49161,2365155.7484409,0
1783035000000,61510.61,61606.0,61448.48,61482.83,49.27823,1783035899999,3032134.6070875,19804,29.70537,1827924.8290527,0
1783035900000,61482.82,61600.0,61478.0,61560.0,71.92088,1783036799999,4427630.0420016,17381,44.2501,2723993.6226983,0
1783036800000,61560.0,61578.0,61350.0,61416.0,271.57689,1783037699999,16679182.0696173,35059,44.44722,2731030.7722733,0
1783037700000,61415.99,61457.39,61303.55,61303.55,350.26156,1783038599999,21506185.3510125,28994,205.2001,12600531.7282691,0
1783038600000,61303.55,61368.0,61248.86,61337.99,93.86101,1783039499999,5753895.5631566,36425,55.1461,3380540.0564688,0
1783039500000,61337.99,61411.51,61298.41,61308.75,87.65907,1783040399999,5377438.3255477,28772,34.66919,2127058.0106163,0
1783040400000,61308.75,61728.0,61286.0,61635.28,121.56148,1783041299999,7477297.0468403,49801,82.35525,5066173.0909843,0
1783041300000,61635.28,61651.79,61507.95,61570.0,95.85963,1783042199999,5902702.7696674,38498,50.22135,3092383.6177419,0
1783042200000,61570.01,61733.11,61526.0,61666.17,106.64131,1783043099999,6576509.9490561,34643,63.70226,3928271.9191818,0
1783043100000,61666.17,61673.91,61588.0,61588.0,41.23366,1783043999999,2541485.5795158,22740,24.83561,1530833.0337803,0
1783044000000,61588.0,61664.62,61516.82,61523.62,111.43848,1783044899999,6862595.8538462,24550,47.14764,2903240.5880695,0
1783044900000,61523.62,61585.14,61398.93,61398.93,130.46152,1783045799999,8025458.7576701,23620,44.14641,2715373.6539527,0
1783045800000,61398.93,61462.0,61294.0,61363.84,398.27961,1783046699999,24444268.2729603,47267,175.19852,10754170.217636,0
1783046700000,61363.84,61460.03,61300.18,61440.01,77.97092,1783047599999,4786507.5330963,23094,38.28715,2350592.9490061,0
1783047600000,61440.01,61457.94,61324.0,61329.98,120.46538,1783048499999,7398059.8705922,23914,62.12057,3814996.2308582,0
1783048500000,61329.98,61575.15,61329.97,61536.01,67.92304,1783049399999,4176408.6329734,26373,36.38698,2236969.4383131,0
1783049400000,61536.0,61540.83,61388.0,61400.0,38.16477,1783050299999,2346747.8930968,14982,17.4946,1075913.294924,0
1783050300000,61400.01,61454.77,61356.0,61434.0,365.82382,1783051199999,22456551.0460402,23079,162.2172,9958037.3571552,0
1783051200000,61434.0,61460.75,61332.76,61430.0,89.7676,1783052099999,5511818.0668943,19105,24.08608,1479172.9280206,0
1783052100000,61429.99,61435.03,61345.99,61435.02,54.70575,1783052999999,3358479.6491075,15648,30.16493,1851999.8174456,0
1783053000000,61435.03,61524.01,61410.74,61514.0,201.87242,1783053899999,12414533.511919,18546,127.67926,7851618.2736868,0
1783053900000,61514.0,61514.01,61372.78,61448.0,251.34167,1783054799999,15449210.7499463,27256,72.24845,4439044.7262755,0
1783054800000,61448.0,61558.79,61430.0,61535.99,91.54336,1783055699999,5631738.4770391,23217,61.21218,3765824.1027861,0
1783055700000,61536.0,61682.3,61514.05,61624.99,360.11726,1783056599999,22193621.2743434,34256,150.26693,9259490.9876875,0
1783056600000,61624.99,61808.0,61612.0,61698.59,171.17733,1783057499999,10561402.1958793,36744,91.3975,5638630.3334092,0
1783057500000,61698.58,61750.0,61648.43,61700.49,46.58232,1783058399999,2874139.805328,16374,20.48388,1263897.0354067,0
1783058400000,61700.49,61850.0,61693.96,61725.0,104.18822,1783059299999,6437191.8659931,21714,58.36039,3606300.1376371,0
1783059300000,61725.0,61808.0,61697.37,61719.91,383.1624,1783060199999,23648880.9195067,14294,183.08241,11300845.0889053,0
1783060200000,61719.92,61779.76,61612.0,61641.62,280.51488,1783061099999,17313345.4852773,24229,144.82511,8937944.8515025,0
1783061100000,61641.63,61768.63,61641.63,61710.01,53.7,1783061999999,3313657.2471464,20825,33.52658,2068917.1407727,0
1783062000000,61710.01,61779.46,61659.32,61701.61,70.44418,1783062899999,4347408.8319274,18765,18.07995,1115719.5404529,0
1783062900000,61701.6,61767.01,61701.6,61767.0,156.75264,1783063799999,9679423.0126064,14371,83.69837,5167948.767947,0
1783063800000,61767.0,61842.0,61744.06,61822.71,577.34199,1783064699999,35666504.2329504,36525,297.96877,18407244.9843663,0
1783064700000,61822.71,61864.99,61746.03,61750.47,270.69554,1783065599999,16730871.9273554,24118,86.11605,5322897.1353042,0
1783065600000,61750.47,61829.92,61741.29,61748.01,88.50165,1783066499999,5466638.16221,19794,46.47848,2871116.8309565,0
1783066500000,61748.01,61827.82,61724.6,61779.56,64.4096,1783067399999,3978282.8116955,24335,37.98458,2346014.1744342,0
1783067400000,61779.55,61896.99,61725.29,61872.01,93.22403,1783068299999,5762581.5807006,28916,54.70391,3381563.6993043,0
1783068300000,61872.0,61872.0,61554.07,61584.0,95.46741,1783069199999,5889650.3379433,34332,35.03999,2161218.7818019,0
1783069200000,61583.99,61702.0,61510.01,61700.0,83.05596,1783070099999,5116995.3510959,34379,46.8341,2885674.0645216,0
1783070100000,61700.0,61733.03,61644.0,61685.11,76.32077,1783070999999,4707570.0504318,22490,39.98544,2466289.6075167,0
1783071000000,61685.12,61692.05,61558.01,61657.94,101.30412,1783071899999,6243459.4416218,18691,62.20554,3834517.2102722,0
1783071900000,61657.94,61783.89,61657.94,61718.68,75.82699,1783072799999,4681566.4379224,21690,47.02065,2903058.9077781,0
1783072800000,61718.69,61774.0,61674.0,61724.0,66.77325,1783073699999,4121580.7859407,26980,35.62264,2198727.1425755,0
1783073700000,61724.0,61766.0,61663.98,61746.0,66.84974,1783074599999,4126166.3579151,17410,36.11334,2229239.5205444,0
1783074600000,61746.0,62038.0,61728.0,62012.0,221.58844,1783075499999,13721306.2825233,36200,159.69335,9889948.8580727,0
1783075500000,62011.99,62023.75,61885.73,61916.46,126.18259,1783076399999,7817062.0288302,34678,70.19509,4348511.398388,0
1783076400000,61916.46,62078.92,61840.0,62020.0,214.76296,1783077299999,13304290.4735576,36290,84.68305,5249093.0297196,0
1783077300000,62019.99,62070.58,61942.0,61985.05,154.15634,1783078199999,9559095.487339,32050,72.80744,4516254.9341121,0
1783078200000,61985.06,62028.0,61888.0,61892.0,66.31254,1783079099999,4107482.3210363,16367,24.43769,1514058.9923163,0
1783079100000,61892.0,62103.1,61892.0,62024.02,114.64198,1783079999999,7109341.8761527,27308,57.70645,3577974.5952062,0
1783080000000,62024.01,62174.47,62008.0,62149.99,167.32106,1783080899999,10393394.1863275,42943,103.99569,6460167.4886238,0
1783080900000,62149.99,62164.96,61913.16,61955.98,258.59167,1783081799999,16039593.535051,38388,116.97231,7255744.4116402,0
1783081800000,61955.98,61972.0,61871.66,61929.1,133.10913,1783082699999,8242526.7399797,23669,72.8727,4513168.5442494,0
1783082700000,61929.1,62001.99,61929.1,61983.99,68.69943,1783083599999,4257616.4055897,17392,48.0297,2976669.0575195,0
1783083600000,61984.0,62074.0,61944.0,62062.72,145.17362,1783084499999,9003617.9253284,28512,86.72354,5378780.2942904,0
1783084500000,62062.72,62123.64,62006.19,62099.76,167.44049,1783085399999,10391507.6726103,27272,107.16021,6650683.5604001,0
1783085400000,62099.76,62205.5,62021.28,62151.99,251.36007,1783086299999,15615537.1815556,26939,188.45629,11708514.1311194,0
1783086300000,62152.0,62282.0,62055.34,62116.01,226.30923,1783087199999,14066172.6818956,34761,134.86646,8382639.8283124,0
1783087200000,62116.0,62116.0,61700.0,61768.02,240.79069,1783088099999,14905698.5722636,47000,108.76843,6732295.8485916,0
1783088100000,61768.28,61929.99,61730.0,61929.99,233.36276,1783088999999,14430247.7960195,49134,146.06343,9032939.5926285,0
1783089000000,61929.98,62062.63,61851.06,62060.01,135.75473,1783089899999,8409936.3206808,30307,90.58686,5612351.8018055,0
1783089900000,62060.01,62280.0,62027.64,62167.48,158.8915,1783090799999,9874829.3127084,35252,87.33628,5427214.4687787,0
1783090800000,62167.47,62400.0,62158.75,62192.14,224.06925,1783091699999,13957367.7564396,51616,115.41478,7190034.3614745,0
1783091700000,62192.14,62221.59,61990.9,62011.99,139.12521,1783092599999,8635887.3574436,34872,58.05056,3603065.8105516,0
1783092600000,62011.99,62106.74,61820.0,61844.01,147.82035,1783093499999,9155386.7879047,35986,48.26902,2990902.7714772,0
1783093500000,61844.01,61967.06,61822.0,61922.72,116.65735,1783094399999,7220833.9739894,23800,63.07473,3904597.9535483,0
1783094400000,61922.71,61993.63,61911.65,61926.99,52.63358,1783095299999,3260905.5769641,20508,21.22633,1315114.4025619,0
1783095300000,61926.98,62105.56,61926.98,62074.79,70.21332,1783096199999,4355840.1939308,20396,38.92458,2415066.9684019,0
1783096200000,62074.8,62125.99,61986.0,62052.0,117.19702,1783097099999,7272552.8284571,21337,50.00792,3103220.1520451,0
1783097100000,62052.01,62125.63,62020.0,62104.81,68.05338,1783097999999,4223787.8085705,17548,26.66765,1654935.8329768,0
1783098000000,62104.81,62292.51,62068.78,62192.46,142.47096,1783098899999,8861691.0902478,30067,100.65646,6260674.0309908,0
1783098900000,62192.47,62242.0,62118.0,62186.41,114.82952,1783099799999,7140660.778771,19828,46.74151,2907619.8115964,0
1783099800000,62186.41,62272.32,62167.47,62226.01,51.8574,1783100699999,3227027.7283074,17010,27.11357,1687290.6991633,0
1783100700000,62226.0,62245.92,62169.43,62194.0,36.32003,1783101599999,2259181.0521923,14450,18.48024,1149512.0102093,0
1783101600000,62193.99,62204.03,62118.0,62161.98,74.17018,1783102499999,4610304.6509348,15026,50.73229,3153440.7263404,0
1783102500000,62161.98,62200.0,62138.0,62180.0,45.07747,1783103399999,2802229.511551,13450,24.95695,1551579.1226272,0
1783103400000,62179.99,62238.0,62177.1,62221.99,111.78164,1783104299999,6954035.8474667,16868,75.70877,4709926.9645874,0
1783104300000,62221.99,62250.0,62198.0,62204.01,67.58758,1783105199999,4205078.3259853,13200,42.89108,2668491.1228885,0
1783105200000,62204.0,62254.0,62146.0,62181.33,52.34547,1783106099999,3255498.0981312,17182,24.41186,1518237.4653459,0
1783106100000,62181.34,62305.0,62181.34,62224.01,123.98513,1783106999999,7717370.5989982,20812,86.68258,5395467.7782873,0
1783107000000,62224.0,62317.64,62161.63,62236.0,68.80758,1783107899999,4282672.9669425,25268,38.22476,2379278.0629499,0
1783107900000,62236.0,62267.88,62196.42,62210.0,100.06493,1783108799999,6228354.983193,16116,65.07539,4050907.7791375,0
1783108800000,62210.0,62492.62,62186.01,62438.01,192.84455,1783109699999,12031803.8448379,31051,113.75714,7096370.124485,0
1783109700000,62438.01,62689.0,62393.34,62622.01,392.13109,1783110599999,24545240.4862734,49276,242.13798,15154324.4348759,0
1783110600000,62622.0,62907.77,62604.02,62710.65,312.08167,1783111499999,19591857.9288145,53060,178.71368,11218827.6724412,0
1783111500000,62710.65,62867.99,62684.0,62776.92,206.75905,1783112399999,12982778.8497728,47953,134.29316,8432734.2996018,0
1783112400000,62776.91,62979.86,62726.0,62756.0,200.32559,1783113299999,12586820.7645972,46713,99.26057,6239088.1877554,0
1783113300000,62756.01,62797.38,62612.35,62631.52,126.98809,1783114199999,7959739.6861157,27609,43.98623,2756511.7745029,0
1783114200000,62631.53,62638.82,62518.72,62611.99,102.13529,1783115099999,6391917.7095618,36230,54.08937,3384823.2104389,0
1783115100000,62612.0,62834.65,62611.99,62732.0,100.91725,1783115999999,6330058.8888402,30251,61.89031,3882384.550309,0
1783116000000,62732.0,62748.01,62588.91,62629.99,59.25812,1783116899999,3713053.6738532,22295,28.94516,1813568.5763406,0
1783116900000,62630.0,62712.02,62624.0,62636.0,210.35891,1783117799999,13184324.8858982,12598,91.90824,5759264.2218232,0
1783117800000,62636.0,62636.01,62538.47,62615.75,162.51461,1783118699999,10171969.5833795,18105,80.96157,5067133.6540551,0
1783118700000,62615.76,62664.42,62578.0,62578.0,29.63933,1783119599999,1855946.0254682,9545,9.40728,589033.5938604,0
1783119600000,62578.0,62600.0,62529.03,62562.07,69.35342,1783120499999,4339376.5824668,11073,28.75247,1799055.6260149,0
1783120500000,62562.06,62680.54,62560.46,62621.99,109.86186,1783121399999,6880243.0701077,19710,50.47686,3160827.7475759,0
1783121400000,62621.99,62707.67,62621.99,62680.0,98.30372,1783122299999,6161066.4085678,16124,58.35089,3657200.0190772,0
1783122300000,62680.0,62682.37,62551.43,62583.26,211.17391,1783123199999,13219795.3934735,13321,119.62826,7488037.9728248,0
1783123200000,62583.26,62946.0,62578.55,62827.73,239.57752,1783124099999,15042167.1859702,48007,141.2253,8864733.6544946,0
1783124100000,62827.72,62849.34,62748.19,62765.15,83.60485,1783124999999,5250946.5680171,16852,46.35401,2911603.7419532,0
1783125000000,62765.15,62810.17,62686.93,62713.99,60.32312,1783125899999,3784982.3923531,17634,23.41403,1469017.6312777,0
1783125900000,62713.99,62814.0,62710.0,62756.29,68.31969,1783126799999,4288324.8596187,13274,26.10562,1638534.5552778,0
1783126800000,62756.29,62756.29,62468.3,62510.17,427.81944,1783127699999,26776722.7160768,47302,93.8026,5867325.7780913,0
1783127700000,62510.17,62592.18,62404.25,62492.0,140.97289,1783128599999,8810733.7196567,31286,48.02764,3000891.1827295,0
1783128600000,62492.01,62544.34,62432.28,62445.96,113.83119,1783129499999,7112867.0202205,20244,53.5778,3348094.3550145,0
1783129500000,62445.97,62506.0,62423.99,62468.44,57.93042,1783130399999,3618953.1267671,15671,18.5811,1160711.3919345,0
1783130400000,62468.44,62569.66,62468.43,62522.01,89.15567,1783131299999,5572993.6351257,18882,56.61963,3539021.4188853,0
1783131300000,62522.0,62522.01,62453.27,62495.4,88.49959,1783132199999,5529487.4450468,14534,41.13269,2570061.6493271,0
1783132200000,62495.39,62500.0,62432.0,62493.99,54.93575,1783133099999,3431762.5487738,13800,17.50837,1093665.1959737,0
1783133100000,62493.99,62576.0,62478.0,62538.96,55.81752,1783133999999,3489556.0718546,12874,28.46686,1779370.9860483,0
1783134000000,62538.96,62580.0,62484.01,62561.73,43.68932,1783134899999,2731897.4046982,15231,19.38862,1212262.0671895,0
1783134900000,62561.73,62584.45,62544.88,62572.2,42.66361,1783135799999,2669116.2223989,11866,22.57605,1412405.4522972,0
1783135800000,62572.21,62750.0,62520.0,62714.47,121.48061,1783136699999,7612662.9362072,24887,85.51872,5358952.7144142,0
1783136700000,62714.48,62716.0,62624.09,62627.29,65.03966,1783137599999,4075595.9967482,11465,24.63802,1544115.5339287,0
1783137600000,62627.28,62704.0,62602.23,62655.69,43.11285,1783138499999,2701070.4168566,13453,21.4204,1342085.2571722,0
1783138500000,62655.69,62718.0,62590.06,62666.7,62.5245,1783139399999,3916776.0129046,12447,31.32709,1962602.2635993,0
1783139400000,62666.69,62749.97,62664.0,62692.46,66.84695,1783140299999,4190810.7756902,17249,48.15036,3018713.086685,0
1783140300000,62692.47,62740.0,62641.04,62700.0,199.57626,1783141199999,12510902.6169311,14372,104.38645,6543177.3664636,0
1783141200000,62700.0,62700.01,62579.44,62579.44,29.26922,1783142099999,1832609.7213509,9614,8.56476,536232.9447217,0
1783142100000,62579.45,62579.45,62476.0,62516.0,57.11105,1783142999999,3571106.1288925,13808,16.13754,1008810.9965502,0
1783143000000,62516.0,62575.01,62508.22,62568.01,96.32283,1783143899999,6023175.169339,10640,59.64974,3730184.0101247,0
1783143900000,62568.01,62595.97,62441.29,62471.52,107.20668,1783144799999,6702390.3477446,13635,32.64056,2039570.8942004,0
1783144800000,62471.53,62559.43,62434.0,62434.01,101.62351,1783145699999,6350053.7312904,13359,39.25852,2453064.5794099,0
1783145700000,62434.01,62452.0,62328.24,62422.0,76.04744,1783146599999,4744041.1466761,18275,19.91473,1242383.5050685,0
1783146600000,62422.0,62521.84,62422.0,62460.0,78.95722,1783147499999,4932706.3127572,15401,45.16038,2821332.7691802,0
1783147500000,62460.01,62535.5,62460.0,62500.01,71.58485,1783148399999,4474411.9849384,13618,44.71386,2794820.5705087,0
1783148400000,62500.01,62565.62,62470.0,62551.98,114.78258,1783149299999,7174292.2434129,14330,85.96482,5372950.7658191,0
1783149300000,62551.98,62634.24,62529.98,62544.07,95.56013,1783150199999,5979316.1342699,14234,52.6135,3292300.9431132,0
1783150200000,62544.07,62569.41,62485.95,62504.38,203.67536,1783151099999,12731754.0002835,14303,100.81318,6301600.6804645,0
1783151100000,62504.39,62594.51,62494.0,62576.0,74.35438,1783151999999,4652233.4472551,9783,41.66865,2606886.2443626,0
1783152000000,62576.0,62581.86,62516.46,62551.25,40.42678,1783152899999,2528303.491342,7075,21.0387,1315726.9674131,0
1783152900000,62551.24,62580.0,62520.0,62550.5,44.27046,1783153799999,2769642.4251557,9883,26.88517,1681935.9797379,0
1783153800000,62550.49,62674.47,62548.0,62597.42,111.64451,1783154699999,6989188.9207139,19167,51.70296,3236660.6108308,0
1783154700000,62597.41,62661.67,62553.08,62553.78,129.05454,1783155599999,8080456.3116127,17266,76.12475,4766555.0907484,0
1783155600000,62553.78,62583.99,62450.0,62512.0,66.13122,1783156499999,4135096.2330237,17471,34.83474,2178465.7447179,0
1783156500000,62512.01,62512.01,62458.0,62477.05,35.28637,1783157399999,2204606.199723,8330,21.37289,1335233.2470717,0
1783157400000,62477.04,62486.0,62415.87,62445.82,100.58846,1783158299999,6282001.8246638,14252,16.83939,1051612.2240803,0
1783158300000,62445.82,62508.25,62445.82,62494.0,54.43767,1783159199999,3401765.0993085,9703,35.02144,2188404.1187729,0
1783159200000,62494.01,62494.01,62445.38,62468.01,58.71978,1783160099999,3668256.3809932,11060,26.4205,1650635.2318962,0
1783160100000,62468.0,62531.19,62454.21,62499.9,83.74419,1783160999999,5233961.7119941,11252,70.93829,4433587.7968015,0
1783161000000,62499.91,62499.91,62468.21,62484.0,32.75096,1783161899999,2046479.5425862,6225,19.60551,1225080.7862959,0
1783161900000,62483.99,62545.02,62471.88,62513.0,85.83519,1783162799999,5364725.5604216,8302,44.29089,2768126.7720624,0
1783162800000,62512.99,62525.01,62472.02,62525.0,63.85443,1783163699999,3991289.0462678,8647,45.76902,2860995.5509976,0
1783163700000,62525.0,62549.25,62456.24,62481.93,73.8145,1783164599999,4613104.6377662,7371,11.42727,714171.9458178,0
1783164600000,62481.92,62563.84,62479.99,62495.95,48.59297,1783165499999,3037943.9228047,7673,25.97963,1624302.7237406,0
1783165500000,62495.96,62511.02,62466.41,62482.01,50.49142,1783166399999,3155471.2230942,6830,18.10216,1131280.3849321,0
1783166400000,62482.0,62580.01,62482.0,62569.01,46.48987,1783167299999,2907760.7779228,9528,34.05878,2130170.9888858,0
1783167300000,62569.01,62614.46,62548.0,62590.01,26.49258,1783168199999,1657818.7012208,8142,14.00715,876559.4175912,0
1783168200000,62590.01,62648.0,62586.0,62621.99,38.6,1783169099999,2416801.391737,12132,19.35006,1211521.5542469,0
1783169100000,62621.99,62696.78,62588.0,62664.01,48.54728,1783169999999,3040293.2355539,8988,32.74091,2050576.2243671,0
1783170000000,62664.01,62664.01,62595.1,62609.99,59.95615,1783170899999,3754139.0372069,9582,28.52459,1785948.8885023,0
1783170900000,62610.0,62776.92,62610.0,62654.0,98.07995,1783171799999,6148867.9371614,26084,58.78325,3685536.4495846,0
1783171800000,62654.0,62654.0,62558.0,62584.0,45.61874,1783172699999,2855489.0318191,13696,17.49174,1094770.0310371,0
1783172700000,62584.0,62588.85,62542.0,62588.84,31.25784,1783173599999,1955599.5569016,9806,11.76973,736369.6313851,0
1783173600000,62588.84,62688.0,62585.53,62661.74,40.4908,1783174499999,2536276.2667967,16784,22.83661,1430447.0002901,0
1783174500000,62661.74,62738.28,62638.0,62677.54,77.01258,1783175399999,4826484.5013087,18334,38.20137,2394185.1164962,0
1783175400000,62677.53,62692.0,62627.09,62686.68,50.71068,1783176299999,3177093.4991857,14063,15.88065,994848.573878,0
1783176300000,62686.69,62713.67,62656.0,62693.99,45.91186,1783177199999,2877765.8034692,12815,11.09979,695697.3253886,0
1783177200000,62693.99,63075.46,62687.89,62825.75,313.6259,1783178099999,19723649.8145809,57446,192.58641,12114431.9517379,0
1783178100000,62825.75,62930.0,62760.01,62928.0,136.9913,1783178999999,8609736.3869858,36983,75.6559,4755756.2891484,0
1783179000000,62928.0,63006.0,62849.64,62920.0,166.54959,1783179899999,10478254.1028596,29712,90.62891,5701571.5114811,0
1783179900000,62920.0,63006.0,62867.3,62943.29,129.65425,1783180799999,8160245.9592189,19185,87.09335,5481664.2761369,0
1783180800000,62943.29,62964.0,62786.01,62786.01,121.81076,1783181699999,7660444.2218752,27142,53.83147,3385569.5251724,0
1783181700000,62786.01,62881.2,62786.0,62870.0,92.25965,1783182599999,5798493.2708645,18883,67.68284,4253983.8359159,0
1783182600000,62870.01,62945.73,62870.0,62912.01,93.44733,1783183499999,5879174.9733164,17844,60.46329,3803931.4406937,0
1783183500000,62912.01,62968.29,62866.0,62927.29,138.74386,1783184399999,8729499.7526204,18012,79.79891,5020765.528411,0
1783184400000,62927.3,62946.3,62803.0,62861.99,118.89341,1783185299999,7475325.3551263,20400,50.23311,3157819.3148293,0
1783185300000,62862.0,62981.97,62858.0,62979.37,57.09046,1783186199999,3592629.3486178,11314,34.35193,2161903.4346741,0
1783186200000,62979.36,63194.0,62979.36,63175.99,192.43931,1783187099999,12146191.843152,39940,123.05277,7765946.2629082,0
1783187100000,63175.99,63439.62,63154.0,63280.38,383.91916,1783187999999,24302271.2179303,53570,231.38273,14643398.6884886,0
1783188000000,63280.38,63342.0,63180.01,63328.01,112.33013,1783188899999,7107393.6239107,26165,73.70252,4663862.2346604,0
1783188900000,63328.01,63346.0,63144.58,63186.56,64.48329,1783189799999,4076609.0510296,22497,39.49638,2496649.0415669,0
1783189800000,63186.56,63186.56,63103.99,63114.27,118.56143,1783190699999,7484906.7609975,18135,66.95329,4227020.9265761,0
1783190700000,63114.28,63179.58,63092.02,63172.78,52.21114,1783191599999,3297150.7576301,12828,35.90306,2267547.759007,0
1783191600000,63172.79,63241.96,63123.49,63170.0,73.57616,1783192499999,4650109.2168323,19946,27.85701,1760959.4968313,0
1783192500000,63169.99,63374.0,63169.99,63370.0,86.85744,1783193399999,5497087.2851331,18583,43.51451,2754001.2624051,0
1783193400000,63370.0,63461.99,63280.56,63365.5,70.40547,1783194299999,4461467.8808369,22984,35.76851,2266938.6839304,0
1783194300000,63365.5,63365.5,63280.06,63294.72,97.85089,1783195199999,6196141.7598281,16331,18.62703,1179350.9736243,0
1783195200000,63294.72,63392.0,63286.0,63338.45,41.62987,1783196099999,2637251.1554645,15070,23.46037,1486167.8822687,0
1783196100000,63338.44,63344.0,63155.37,63172.0,118.92704,1783196999999,7517691.2133406,23677,59.19108,3742229.41323,0
1783197000000,63171.99,63320.0,63160.0,63289.32,78.07712,1783197899999,4937708.0123815,19592,39.8455,2519786.4371851,0
1783197900000,63289.32,63333.64,63228.84,63233.78,48.49005,1783198799999,3069755.4251454,15038,33.4342,2116673.3311598,0
1783198800000,63233.79,63372.0,63202.0,63354.74,53.68283,1783199699999,3396022.5156868,16260,23.45199,1483869.4382549,0
1783199700000,63354.74,63446.0,63350.36,63439.87,66.64573,1783200599999,4225966.389555,14392,28.96011,1836249.4688322,0
1783200600000,63439.87,63448.0,63290.96,63290.96,59.69292,1783201499999,3783989.849726,15395,19.71896,1250151.9568525,0
1783201500000,63290.97,63329.43,63270.21,63297.84,59.05819,1783202399999,3738375.7059273,11233,8.0267,508103.0704031,0
1783202400000,63297.83,63310.0,63216.6,63246.0,48.11812,1783203299999,3043968.516739,13715,27.47516,1738078.8641681,0
1783203300000,63245.99,63303.87,63200.0,63222.6,56.31072,1783204199999,3560273.2786647,11854,41.32424,2612711.3955574,0
1783204200000,63222.81,63242.01,63180.0,63214.0,82.04441,1783205099999,5186647.5904422,9787,23.80813,1504930.0228339,0
1783205100000,63214.0,63238.3,63160.0,63184.99,300.40427,1783205999999,18982882.54524,11784,255.13529,16121907.0483942,0
1783206000000,63185.0,63234.0,62991.18,62999.96,224.43811,1783206899999,14173006.9262606,23001,104.47023,6594981.7685096,0
1783206900000,62999.96,63098.0,62927.98,63097.99,75.73599,1783207799999,4771726.8020988,21761,35.18371,2217045.2049155,0
1783207800000,63097.99,63225.8,63097.99,63209.94,51.86226,1783208699999,3275183.4801304,15666,31.17672,1968844.5599492,0
1783208700000,63209.94,63241.33,63144.0,63144.01,231.9804,1783209599999,14663511.7805742,14372,159.87011,10105224.7614886,0
1783209600000,63144.01,63144.01,63024.04,63059.99,76.03251,1783210499999,4794626.3511847,20526,33.65157,2121851.3971556,0
1783210500000,63060.0,63060.0,62978.75,63053.21,58.16651,1783211399999,3666101.4236273,18714,24.26834,1529528.4809675,0
1783211400000,63053.22,63124.0,62999.99,63089.96,74.20075,1783212299999,4680479.6727676,17956,20.61604,1300133.407286,0
1783212300000,63089.96,63105.97,62888.86,62991.29,140.26197,1783213199999,8835718.2776233,20365,72.48014,4566064.5787791,0
1783213200000,62991.3,63043.15,62926.0,62994.0,172.07667,1783214099999,10840069.9019934,22774,73.01378,4599597.5699924,0
1783214100000,62994.01,62994.01,62838.0,62940.04,70.62569,1783214999999,4442255.885711,20505,31.43756,1977289.7244356,0
1783215000000,62940.04,62940.04,62800.0,62870.0,140.1168,1783215899999,8806039.6384407,26526,61.20942,3846872.5272581,0
1783215900000,62870.0,62906.0,62838.3,62887.94,64.79856,1783216799999,4074748.0688532,13624,12.57378,790581.3876738,0
1783216800000,62887.93,62926.0,62738.37,62740.0,78.07187,1783217699999,4902915.8140751,18715,20.6446,1296689.227875,0
1783217700000,62740.01,62784.0,62651.37,62756.36,96.88073,1783218599999,6074212.4596724,24765,47.25745,2962961.9337983,0
1783218600000,62756.36,62792.0,62642.28,62642.29,52.82801,1783219499999,3314784.5537822,14422,20.33415,1276276.2790245,0
1783219500000,62642.29,62693.56,62596.08,62693.56,79.86133,1783220399999,5002951.9074186,22477,32.43095,2031752.4171369,0
1783220400000,62693.57,62788.0,62693.57,62768.79,54.19275,1783221299999,3401087.6529373,9249,40.13963,2519216.2492349,0
1783221300000,62768.78,62776.0,62658.0,62670.0,38.67325,1783222199999,2425134.8412289,14922,15.16582,951046.7192581,0
1783222200000,62670.01,62775.48,62670.0,62736.0,36.63709,1783223099999,2298298.8062051,13380,21.67534,1359766.0981359,0
1783223100000,62736.01,62796.39,62732.0,62769.04,82.22255,1783223999999,5160832.5825862,12607,38.83729,2437791.6218137,0
1783224000000,62769.03,62819.66,62712.0,62794.0,63.85823,1783224899999,4008034.7865413,14528,25.25418,1585145.1832958,0
1783224900000,62794.0,62887.1,62792.0,62866.01,71.37463,1783225799999,4485019.2760227,11289,55.72926,3501807.2728186,0
1783225800000,62866.01,62952.93,62866.01,62944.91,81.63449,1783226699999,5136471.5631706,14354,21.63726,1361352.579321,0
1783226700000,62944.91,62944.91,62815.99,62815.99,71.56024,1783227599999,4498484.5527311,12697,16.75364,1052889.9534594,0
1783227600000,62815.99,62815.99,62732.84,62750.57,64.28534,1783228499999,4034692.9721474,12291,41.46627,2602460.0843067,0
1783228500000,62750.57,62788.44,62746.0,62755.0,67.1981,1783229399999,4217264.800816,10944,15.454,969857.2383857,0
1783229400000,62755.0,62810.0,62659.65,62672.83,95.88159,1783230299999,6016059.2884842,20663,61.77006,3875780.0530821,0
1783230300000,62672.82,62766.0,62672.82,62740.5,85.24716,1783231199999,5348711.9374651,12153,24.27535,1522886.893399,0
1783231200000,62740.5,62740.5,62669.99,62715.0,51.9314,1783232099999,3256390.9750683,16274,16.27199,1020381.5974432,0
1783232100000,62715.0,62800.0,62712.02,62796.26,68.37045,1783232999999,4291447.1694572,15050,54.77848,3438208.231557,0
1783233000000,62796.25,62819.91,62740.0,62753.64,44.01349,1783233899999,2763288.0949788,9350,20.77504,1304452.3096043,0
1783233900000,62753.64,62798.0,62741.5,62782.18,105.32379,1783234799999,6610960.7624647,10196,79.73559,5004496.1493929,0
1783234800000,62782.18,62798.0,62758.01,62758.02,40.06869,1783235699999,2515385.2112969,6743,15.05563,945193.54006,0
1783235700000,62758.01,62833.75,62718.31,62749.99,159.45377,1783236599999,10008485.9141727,16284,61.33386,3849275.1836968,0
1783236600000,62749.99,62974.14,62749.99,62924.38,126.38355,1783237499999,7951991.1204094,14958,105.83772,6659639.3888706,0
1783237500000,62924.38,63059.99,62898.58,63020.21,67.81094,1783238399999,4271135.6451483,17647,44.74342,2818424.5216194,0
1783238400000,63020.21,63104.0,62948.89,63014.01,88.41846,1783239299999,5573007.8248287,17530,39.40821,2484075.1891498,0
1783239300000,63014.01,63049.9,62919.99,62935.6,36.59198,1783240199999,2304508.8043909,13212,15.94426,1004245.9910298,0
1783240200000,62935.6,62990.18,62913.71,62938.0,96.26285,1783241099999,6059988.0404154,13469,55.97684,3524311.8869772,0
1783241100000,62938.01,62984.59,62900.0,62915.0,116.18643,1783241999999,7311498.4310749,10596,34.92089,2197582.1959298,0
1783242000000,62915.0,62930.16,62815.6,62871.52,169.70094,1783242899999,10670345.8926032,12239,35.66487,2243023.1459644,0
1783242900000,62871.52,62874.38,62733.96,62735.01,89.74225,1783243799999,5635863.9123898,14289,40.1387,2520806.4962869,0
1783243800000,62735.01,62780.61,62436.59,62528.0,184.12779,1783244699999,11523093.6344593,48054,66.26146,4146846.6195021,0
1783244700000,62528.0,62636.64,62510.11,62622.18,118.70128,1783245599999,7429663.4305605,26144,71.06013,4448266.2142334,0
1783245600000,62622.18,62731.66,62536.57,62688.51,53.67455,1783246499999,3362303.7814729,21176,29.1156,1824041.3766303,0
1783246500000,62688.51,62747.98,62631.22,62694.02,65.40852,1783247399999,4101739.5932594,12798,47.05547,2951079.0263819,0
1783247400000,62694.02,62735.66,62670.02,62692.25,42.22275,1783248299999,2646865.6482469,9783,16.2651,1019578.0655978,0
1783248300000,62692.26,62756.25,62684.11,62756.12,22.02036,1783249199999,1381420.034417,10317,14.75231,925438.425815,0
1783249200000,62756.12,62812.0,62680.99,62706.0,44.35618,1783250099999,2782504.4669117,15944,16.86138,1057915.1111051,0
1783250100000,62706.0,62706.0,62600.03,62624.99,73.38482,1783250999999,4596100.6345455,8826,25.77195,1614173.988244,0
1783251000000,62624.99,62719.99,62616.0,62710.0,80.11444,1783251899999,5023333.5712981,9796,36.23409,2271675.7790695,0
1783251900000,62710.0,62726.0,62638.24,62658.92,70.3484,1783252799999,4409232.7132384,9121,26.85502,1682951.8428394,0
1783252800000,62658.92,62658.92,62569.37,62620.0,117.0977,1783253699999,7330776.7481822,13423,36.89051,2309545.59015,0
1783253700000,62620.0,62750.0,62620.0,62750.0,63.59465,1783254599999,3986370.7103532,18091,47.94267,3005159.3465263,0
1783254600000,62750.0,62772.0,62645.13,62710.1,87.91674,1783255499999,5513451.1502008,18188,27.08239,1698588.7041105,0
1783255500000,62710.1,62745.01,62710.0,62745.01,25.93947,1783256399999,1627266.2639584,5727,19.14605,1201103.0977823,0
1783256400000,62745.0,62818.0,62700.0,62738.0,62.54898,1783257299999,3925291.3510621,13963,35.16748,2207136.044193,0
1783257300000,62738.0,62767.18,62644.12,62695.68,200.06165,1783258199999,12546106.839142,13521,117.90571,7392981.0652521,0
1783258200000,62695.69,62760.65,62674.63,62753.55,27.88317,1783259099999,1748667.9113393,9663,15.59973,978347.7979463,0
1783259100000,62753.55,62819.66,62753.55,62792.0,46.94951,1783259999999,2948188.5365423,16265,31.15172,1956180.2747188,0
1783260000000,62791.99,62818.37,62705.17,62750.0,78.61219,1783260899999,4932013.0685974,16132,42.09054,2640511.7168618,0
1783260900000,62750.0,62750.01,62672.04,62712.0,58.20794,1783261799999,3649747.210684,10392,20.78302,1303047.694684,0
1783261800000,62712.01,62784.0,62656.02,62742.24,49.71867,1783262699999,3117731.3480142,15602,26.29271,1648596.7619446,0
1783262700000,62742.24,62812.25,62714.01,62812.25,32.82012,1783263599999,2059177.2415519,9740,16.85792,1057814.2556413,0
1783263600000,62812.25,62943.59,62793.72,62807.88,99.57539,1783264499999,6260486.0959632,29305,54.29238,3413748.0486472,0
1783264500000,62807.87,62822.3,62736.83,62770.0,39.03693,1783265399999,2450830.0376887,17181,13.21662,829768.1909813,0
1783265400000,62770.0,62908.0,62690.81,62704.01,71.79284,1783266299999,4507496.9258872,21378,25.926,1628424.8491551,0
1783266300000,62704.0,62760.0,62679.76,62740.01,33.41843,1783267199999,2096376.3296784,11174,12.0014,752687.7679077,0
1783267200000,62740.01,62772.86,62700.0,62707.7,94.31771,1783268099999,5916864.2433538,16420,42.65079,2675392.1310384,0
1783268100000,62707.7,62725.27,62603.74,62617.99,74.11939,1783268999999,4646810.5534411,15342,47.43408,2974196.9628646,0
1783269000000,62618.0,62669.69,62618.0,62631.28,84.00462,1783269899999,5261735.7965505,11844,44.6167,2794553.0997609,0
1783269900000,62631.28,62656.0,62590.02,62637.48,92.11566,1783270799999,5769629.5508366,12827,15.51802,971872.5395918,0
1783270800000,62637.48,62738.0,62637.48,62722.74,85.20247,1783271699999,5343176.7426741,14315,67.01268,4202477.139186,0
1783271700000,62722.74,62820.0,62686.0,62686.01,70.57897,1783272599999,4429658.7519237,21068,17.95196,1126542.5464118,0
1783272600000,62686.01,62710.0,62606.0,62606.01,73.27683,1783273499999,4592861.2200279,16450,19.97614,1252078.7444405,0
1783273500000,62606.01,62668.0,62594.38,62624.93,46.03649,1783274399999,2882774.0852391,12976,13.19318,826179.1962777,0
1783274400000,62624.93,62688.0,62616.0,62659.86,214.28485,1783275299999,13426354.2801055,13810,174.11705,10909473.3661559,0
1783275300000,62659.86,62722.94,62659.85,62681.94,33.73914,1783276199999,2115276.2155013,9851,11.40182,714843.5457119,0
1783276200000,62681.94,62771.22,62681.93,62770.47,50.93158,1783277099999,3194755.8999642,10592,30.79924,1931988.2209132,0
1783277100000,62770.48,62880.0,62738.0,62820.33,73.18382,1783277999999,4597003.2761241,22840,38.0582,2390815.5852655,0
1783278000000,62820.33,62870.0,62780.78,62840.81,115.62724,1783278899999,7265006.3410714,19217,46.48238,2920363.9500494,0
1783278900000,62840.81,62888.14,62714.98,62791.7,99.55617,1783279799999,6250975.7013603,20544,33.28104,2090216.0202356,0
1783279800000,62791.7,62832.0,62770.0,62804.25,29.40187,1783280699999,1846369.7678742,12052,12.00849,754088.3996065,0
1783280700000,62804.25,62834.87,62762.46,62768.88,52.75513,1783281599999,3312114.5554438,10089,26.43119,1659354.1439398,0
1783281600000,62768.87,62836.01,62766.36,62816.64,54.9189,1783282499999,3448316.838593,10027,18.92173,1188001.7958978,0
1783282500000,62816.63,62817.82,62700.0,62720.0,24.3376,1783283399999,1527266.5818911,10588,7.38269,463359.6780709,0
1783283400000,62719.99,62742.0,62700.0,62741.99,32.87836,1783284299999,2062117.2738937,7231,22.82549,1431591.5222246,0
1783284300000,62742.0,62759.47,62730.6,62730.61,52.42894,1783285199999,3289752.8068704,6728,25.22489,1582844.9177306,0
1783285200000,62730.61,62771.72,62609.47,62738.29,72.98818,1783286099999,4574871.3870327,18572,31.17086,1954652.2865552,0
1783286100000,62738.28,62936.8,62720.0,62922.01,79.3277,1783286999999,4986055.1058914,25242,46.46682,2920702.6722841,0
1783287000000,62922.0,63045.99,62894.71,63024.0,115.45714,1783287899999,7268208.1671246,28461,58.71248,3696654.3909256,0
1783287900000,63023.99,63220.0,62948.0,63092.01,160.73782,1783288799999,10143322.3977297,32172,101.41456,6397592.4545004,0
1783288800000,63092.0,63220.0,63005.04,63220.0,96.03671,1783289699999,6059179.4162773,42861,50.66709,3196995.640852,0
1783289700000,63219.99,63742.83,63190.0,63717.99,662.26983,1783290599999,42057423.9806754,91171,460.33425,29228430.2613858,0
1783290600000,63718.0,63964.48,63542.19,63559.19,577.52247,1783291499999,36816513.0180811,86646,307.579,19612301.2482359,0
1783291500000,63559.2,63744.0,63559.19,63736.0,176.68344,1783292399999,11243257.712336,43189,88.52898,5633761.1867748,0
1783292400000,63735.99,63989.54,63715.8,63978.0,204.62201,1783293299999,13061541.6555283,45131,97.27184,6209159.3803012,0
1783293300000,63978.0,63999.0,63679.64,63680.01,259.83323,1783294199999,16599669.6127257,48764,121.905,7789075.4620804,0
1783294200000,63680.01,63739.71,63626.0,63703.49,156.97341,1783295099999,9996617.301237,27345,91.47976,5826143.3204409,0
1783295100000,63703.48,63703.48,63577.36,63650.0,129.45062,1783295999999,8235434.2786254,25831,53.87727,3427267.5502863,0
1783296000000,63650.01,63713.47,63480.01,63594.0,189.21741,1783296899999,12035281.8211842,44802,48.70251,3098000.2220022,0
1783296900000,63594.0,63711.99,63415.04,63418.0,435.71927,1783297799999,27667122.2379756,43180,203.87149,12949406.5930769,0
1783297800000,63418.01,63653.44,63350.0,63604.0,108.14514,1783298699999,6869194.2951411,39744,61.0996,3881665.780009,0
1783298700000,63604.0,63772.52,63604.0,63761.99,121.30142,1783299599999,7726793.9568515,29946,89.92266,5728189.7700226,0
1783299600000,63761.98,63854.0,63692.07,63806.0,134.08211,1783300499999,8550605.1520947,40512,62.86622,4009441.8519308,0
1783300500000,63805.99,63844.0,63606.0,63742.01,114.20842,1783301399999,7279085.666657,27787,46.93709,2991412.8590438,0
1783301400000,63742.01,63920.0,63696.06,63724.38,92.79886,1783302299999,5922928.2531188,31934,55.8968,3567954.928865,0
1783302300000,63724.38,63724.38,63550.0,63576.0,91.88731,1783303199999,5845604.7828288,23824,28.70809,1825891.6828982,0
1783303200000,63576.0,63669.45,63415.0,63455.72,132.5994,1783304099999,8426282.2937996,33151,49.25745,3129378.3189191,0
1783304100000,63455.72,63661.54,63444.0,63522.01,74.04815,1783304999999,4705569.7366113,27844,37.78171,2400807.1775959,0
1783305000000,63522.01,63630.0,63388.32,63391.99,120.33366,1783305899999,7642317.8623408,31884,55.17731,3504782.4732445,0
1783305900000,63392.0,63484.96,63373.13,63460.01,71.03101,1783306799999,4504908.0333798,26495,32.73532,2076227.1947052,0
1783306800000,63460.01,63495.14,63400.0,63414.64,50.14168,1783307699999,3181152.2250503,17586,21.49817,1363993.1522836,0
1783307700000,63414.63,63427.24,63203.0,63223.14,172.75083,1783308599999,10937340.5344464,33963,68.90285,4364016.7213696,0
1783308600000,63223.15,63321.6,63136.01,63207.08,143.70898,1783309499999,9084259.9510706,30933,81.82944,5172746.326874,0
1783309500000,63207.07,63294.0,63190.0,63294.0,54.29863,1783310399999,3433411.435326,20059,30.10332,1903516.0387294,0
1783310400000,63294.0,63386.84,63236.97,63345.01,67.54944,1783311299999,4276668.3934242,22674,30.05326,1902850.3514729,0
1783311300000,63345.0,63361.13,63187.98,63235.99,79.02865,1783312199999,5002448.688436,16688,27.13292,1717211.8706044,0
1783312200000,63236.0,63402.77,63199.3,63314.0,75.56841,1783313099999,4783772.2910054,26133,43.11258,2728929.6788093,0
1783313100000,63314.0,63353.7,63232.79,63267.99,56.48403,1783313999999,3575071.512321,16723,18.45673,1168542.1489129,0
1783314000000,63267.99,63268.0,63166.0,63208.78,65.30981,1783314899999,4128718.9282527,19859,30.18158,1908042.2091294,0
1783314900000,63208.77,63237.23,62996.14,63016.01,311.68068,1783315799999,19675999.4304201,35397,131.25761,8288323.6874274,0
1783315800000,63016.01,63156.21,62950.0,63100.0,205.53125,1783316699999,12964735.981444,32409,115.82903,7306715.3649828,0
1783316700000,63100.0,63164.0,63082.92,63114.0,120.22851,1783317599999,7588053.5174789,15237,62.44634,3941049.7185528,0
1783317600000,63113.99,63146.0,63044.8,63121.27,249.80487,1783318499999,15761215.5093475,24958,94.31681,5950619.3914806,0
1783318500000,63121.27,63152.7,62999.85,63033.99,186.07094,1783319399999,11726972.6596312,25498,64.98121,4095593.3282438,0
1783319400000,63034.0,63072.0,62972.0,63072.0,111.90676,1783320299999,7052730.844323,24281,47.55892,2997534.9023055,0
1783320300000,63072.0,63085.73,62975.98,62976.0,74.66741,1783321199999,4704606.6504049,19830,26.03077,1640215.4634879,0
1783321200000,62976.0,62985.89,62890.0,62960.0,119.00978,1783322099999,7489989.1695851,29117,70.27844,4423183.2693046,0
1783322100000,62960.0,63030.0,62952.0,62971.99,123.83252,1783322999999,7800605.5810991,17376,79.83515,5029181.2152688,0
1783323000000,62971.99,63115.91,62920.7,63103.42,143.0298,1783323899999,9010791.5045871,23286,50.54881,3185253.9029042,0
1783323900000,63103.41,63120.0,63068.0,63089.42,143.47991,1783324799999,9052312.7832593,14829,63.86038,4029053.9890694,0
1783324800000,63089.42,63244.0,63011.77,63060.0,194.24049,1783325699999,12267416.7934515,24823,107.94392,6817737.0157168,0
1783325700000,63060.0,63092.0,62988.0,63070.0,60.67484,1783326599999,3825905.3962709,15575,30.97756,1953500.5972195,0
1783326600000,63070.0,63070.0,62800.13,62911.15,198.49321,1783327499999,12480949.1772985,22315,44.25058,2782712.3969523,0
1783327500000,62911.15,62944.92,62885.3,62904.01,82.66026,1783328399999,5199754.8254313,17314,44.50345,2799418.2609556,0
1783328400000,62904.01,62914.0,62844.93,62864.55,56.90252,1783329299999,3578085.2622857,14284,28.6586,1802100.5542159,0
1783329300000,62864.55,62880.58,62742.0,62752.0,116.48417,1783330199999,7313754.921055,21541,50.82621,3191374.2478232,0
1783330200000,62752.0,62764.0,62630.85,62688.01,181.47554,1783331099999,11375105.2620654,32280,74.21018,4651720.7189185,0
1783331100000,62688.0,62698.19,62632.01,62664.77,77.39864,1783331999999,4850298.393712,17468,42.24411,2647345.4827925,0
1783332000000,62664.77,62844.0,62664.76,62840.01,162.96377,1783332899999,10231300.0033333,27825,75.95809,4767859.1418612,0
1783332900000,62840.01,62883.54,62836.75,62882.01,103.26802,1783333799999,6491429.8642449,14961,42.66801,2682199.6437642,0
1783333800000,62882.01,63030.0,62871.45,62921.68,103.29387,1783334699999,6502330.0860635,28497,46.72328,2941113.6853328,0
1783334700000,62921.67,62925.08,62806.78,62822.06,85.3021,1783335599999,5361879.9947467,18080,48.68934,3060245.6857861,0
1783335600000,62822.07,62885.15,62800.0,62807.68,71.75865,1783336499999,4509975.4821394,16696,37.21315,2338798.18584,0
1783336500000,62807.69,62923.06,62783.46,62881.97,74.20043,1783337399999,4663713.7118513,16317,49.49513,3111086.989003,0
1783337400000,62881.97,62998.3,62872.2,62968.01,71.02297,1783338299999,4469639.7799088,19141,48.51575,3053008.2822898,0
1783338300000,62968.0,63000.0,62483.83,62483.84,393.81791,1783339199999,24676017.0790724,39224,110.72085,6939708.5511513,0
1783339200000,62483.84,62487.98,61798.58,61985.63,1320.59059,1783340099999,81949564.9987737,177817,595.59643,36962097.3785453,0
1783340100000,61985.64,62144.26,61906.9,62080.44,377.50767,1783340999999,23416011.9914093,61517,243.26974,15090503.7309921,0
1783341000000,62080.43,62184.0,61770.0,61803.77,434.34647,1783341899999,26914280.3558565,50949,169.2193,10494058.0558176,0
1783341900000,61803.76,61891.3,61668.2,61754.01,294.21078,1783342799999,18172688.6677536,64901,134.84949,8330403.3924334,0
1783342800000,61754.01,61819.12,61589.0,61640.02,522.07828,1783343699999,32218102.3884583,66478,335.68913,20716546.7399391,0
1783343700000,61640.01,61704.0,61428.57,61456.0,572.85611,1783344599999,35262121.5565629,58715,290.64137,17889862.3416453,0
1783344600000,61456.0,61645.86,61306.84,61645.86,1967.62252,1783345499999,121163051.730662,149027,1574.07132,96952327.1802514,0
1783345500000,61645.85,62034.0,61618.25,61768.21,561.35325,1783346399999,34741944.0796299,94415,395.91064,24504164.9259799,0
1783346400000,61768.2,61989.0,61744.0,61931.57,273.18362,1783347299999,16897844.5883692,59077,170.84183,10567282.1382709,0
1783347300000,61931.56,62411.41,61712.54,62080.0,438.92969,1783348199999,27230455.5702208,100228,248.82252,15437677.335851,0
1783348200000,62080.0,62213.46,61951.06,62048.0,325.37917,1783349099999,20207189.0755111,68250,219.59543,13639578.6390781,0
1783349100000,62048.0,62080.01,61888.0,62052.0,166.29456,1783349999999,10308245.7971871,45011,80.64173,4999820.8459816,0
1783350000000,62052.0,62580.62,62052.0,62484.01,343.43117,1783350899999,21421021.5377074,86679,221.73615,13831548.289177,0
1783350900000,62484.0,62558.44,62304.61,62464.0,272.86365,1783351799999,17032501.3862895,68391,124.5596,7776241.5933206,0
1783351800000,62464.0,62947.35,62274.0,62912.31,415.66324,1783352699999,26039035.1907204,79543,251.57919,15756688.2417496,0
1783352700000,62912.31,63550.0,62805.68,63545.98,1121.41583,1783353599999,70967603.3022983,141666,760.09212,48102103.9354947,0
1783353600000,63545.98,63863.0,63386.01,63749.23,697.2339,1783354499999,44351933.8471348,115598,411.45582,26178150.9946232,0
1783354500000,63749.22,63794.01,63404.43,63464.36,520.30883,1783355399999,33096839.3117901,86865,247.70642,15761075.3277072,0
1783355400000,63464.37,63804.62,63462.0,63740.0,365.29709,1783356299999,23250102.1160657,71080,176.37646,11225329.0766907,0
1783356300000,63739.99,63787.4,63665.64,63732.0,166.14617,1783357199999,10586507.1108003,42150,92.65623,5903759.3234674,0
1783357200000,63732.0,63935.01,63674.0,63852.23,372.84598,1783358099999,23787460.7921441,58869,191.31486,12206289.8820564,0
1783358100000,63852.23,63976.16,63824.32,63889.86,171.73705,1783358999999,10974343.1630566,39617,93.91915,6001282.5900488,0
1783359000000,63889.86,63944.0,63664.46,63708.0,216.17184,1783359899999,13786235.8302686,48610,89.47033,5707174.2699345,0
1783359900000,63708.0,63758.77,63570.16,63587.38,124.69435,1783360799999,7937103.1469998,32798,44.12597,2809177.7163771,0
1783360800000,63587.38,63751.91,63560.0,63695.88,117.59107,1783361699999,7488034.4090604,33397,64.15454,4085634.3237205,0
1783361700000,63695.87,63886.0,63614.25,63755.98,121.4112,1783362599999,7741532.0178872,32005,63.3424,4038983.440357,0
1783362600000,63755.99,63850.0,63698.0,63801.35,61.29144,1783363499999,3909024.5217669,25653,29.20595,1862747.1343853,0
1783363500000,63801.34,63818.0,63690.77,63696.4,45.47052,1783364399999,2899430.4281139,17777,17.72699,1130482.9458204,0
1783364400000,63696.4,63767.44,63652.42,63748.01,72.64944,1783365299999,4628151.1771611,23700,38.29773,2439970.690096,0
1783365300000,63748.0,63887.93,63738.0,63841.45,90.80209,1783366199999,5795744.9130187,22344,55.23561,3525271.3665882,0
1783366200000,63841.45,63852.63,63764.0,63842.0,53.65507,1783367099999,3423315.3899387,20358,29.15342,1860082.1262295,0
1783367100000,63842.0,63871.94,63708.03,63738.52,91.00767,1783367999999,5805715.9397318,24445,36.60796,2335086.1970633,0
1783368000000,63738.52,63749.52,63589.41,63602.06,90.10573,1783368899999,5733663.8593006,21041,46.09967,2933161.9128857,0
1783368900000,63602.07,63762.24,63602.07,63758.4,74.53944,1783369799999,4746184.9880766,22412,48.30864,3076418.6309954,0
1783369800000,63758.41,63886.39,63754.08,63832.0,81.64849,1783370699999,5212899.2074059,23357,34.79569,2221357.8866059,0
1783370700000,63831.99,63892.65,63777.15,63828.0,68.63671,1783371599999,4381677.016934,16426,26.74241,1707280.4494887,0
1783371600000,63828.0,64700.0,63810.0,64305.91,968.85418,1783372499999,62331434.3700246,105257,535.75945,34440689.0545273,0
1783372500000,64305.91,64376.0,64198.07,64224.48,213.20154,1783373399999,13704009.2744894,53788,113.74032,7311032.8943619,0
1783373400000,64224.49,64312.68,64154.6,64223.41,139.79806,1783374299999,8977199.4459885,29527,78.49328,5040420.5068963,0
1783374300000,64223.41,64534.89,64170.3,64489.98,167.65646,1783375199999,10792459.1520075,49695,86.16451,5545368.1803752,0
1783375200000,64489.97,64500.0,64292.09,64365.99,97.41566,1783376099999,6270182.9509199,29345,37.26287,2398464.0481632,0
1783376100000,64365.99,64480.0,64200.01,64220.0,84.56561,1783376999999,5440304.6668043,26340,37.30284,2400118.2934449,0
1783377000000,64220.0,64229.76,64174.96,64205.96,76.41187,1783377899999,4905570.5439922,16048,35.86586,2302525.8847198,0
1783377900000,64205.97,64294.41,64151.01,64244.0,55.08557,1783378799999,3537599.9640401,19433,28.88195,1854824.5500658,0
1783378800000,64244.0,64340.76,64224.94,64269.53,61.24548,1783379699999,3937229.7248886,19501,29.36559,1887493.786818,0
1783379700000,64269.53,64290.66,64090.01,64096.0,116.52844,1783380599999,7474474.1689407,22675,27.09543,1738342.2076677,0
1783380600000,64095.99,64178.0,64062.01,64067.99,85.56301,1783381499999,5485419.6340933,18554,40.43941,2592665.7302347,0
1783381500000,64067.99,64124.0,64017.78,64042.02,84.57537,1783382399999,5418493.3871454,22286,37.59939,2408833.6784691,0
1783382400000,64042.93,64099.0,64018.64,64024.99,160.19993,1783383299999,10260367.5977174,25343,104.25112,6676733.8389697,0
1783383300000,64024.99,64314.0,63997.5,64250.0,186.46682,1783384199999,11960683.730401,37916,123.81555,7941572.0297102,0
1783384200000,64250.0,64257.77,64016.13,64081.98,98.50598,1783385099999,6316020.1463719,28394,44.39362,2846524.2400459,0
1783385100000,64081.99,64270.0,64081.98,64203.99,100.63189,1783385999999,6459681.9059219,24084,56.83202,3647474.6770807,0
1783386000000,64203.99,64204.0,63872.08,63972.0,167.11127,1783386899999,10694443.5585097,44000,57.1229,3655295.566222,0
1783386900000,63972.01,64048.0,63918.39,63942.0,89.99297,1783387799999,5758489.4051567,29727,36.61526,2342972.3048431,0
1783387800000,63941.99,63974.0,63767.04,63946.0,234.21468,1783388699999,14961339.9676206,38256,83.28801,5320452.9710885,0
1783388700000,63945.99,64012.0,63824.0,63840.0,109.46578,1783389599999,7000365.0574771,22075,43.00473,2750349.5106483,0
1783389600000,63840.0,63908.0,63790.91,63828.0,117.4376,1783390499999,7497744.0466411,30430,64.08656,4091284.5069225,0
1783390500000,63828.0,63874.0,63561.93,63570.01,190.92811,1783391399999,12159173.4016269,34685,62.08092,3953994.4374554,0
1783391400000,63570.01,63600.0,63435.71,63596.82,143.69006,1783392299999,9126401.6824322,36397,53.07846,3371543.529314,0
1783392300000,63596.82,63619.11,63288.01,63322.01,172.28364,1783393199999,10921867.4121941,39732,73.39748,4652027.2962628,0
1783393200000,63322.01,63414.0,63270.07,63330.86,133.15196,1783394099999,8434872.9005817,31154,50.10211,3174390.3131808,0
1783394100000,63330.86,63372.0,63237.43,63292.2,68.48885,1783394999999,4335908.4594959,25495,27.55895,1744761.3256543,0
1783395000000,63292.2,63352.0,63176.13,63208.84,94.62111,1783395899999,5985797.4850519,24609,47.2588,2989456.4270687,0
1783395900000,63208.84,63208.84,63150.0,63191.01,82.03854,1783396799999,5183010.2658248,18332,38.80266,2451524.3464017,0
1783396800000,63191.01,63270.06,63146.8,63198.01,172.16807,1783397699999,10880921.202489,30193,109.34843,6910886.2563826,0
1783397700000,63198.02,63281.99,63167.99,63265.17,83.39388,1783398599999,5271784.2423699,22080,39.04513,2468145.0035866,0
1783398600000,63265.16,63288.33,63154.19,63154.19,273.15213,1783399499999,17276617.677212,24551,131.24125,8300727.4313184,0
1783399500000,63154.19,63170.3,63077.0,63084.94,69.37621,1783400399999,4378078.6709664,8390,21.79607,1375321.5316817,0
