trade_id,strategy_version,source_file,symbol,entry_time,exit_time,entry_price,exit_price,quantity,notional,leverage,stop_loss,take_profit,exit_reason,gross_profit,fees,entry_fee,exit_fee,net_profit,result,ai_score,entry_rsi,entry_atr_pct,entry_volume_ratio,entry_ema_gap_pct,balance_after
7791e7dcdae3293462a7,v0.1.0,reports\backtest_v0.1.0\trade_journal.csv,BNBUSDT,2025-07-11 16:30:00+00:00,2025-07-11 20:30:00+00:00,690.617123,692.452202,13.69570856,,5.0,686.96634438,699.74406955,EMA20_EXIT,25.13270717,,4.72924542,4.74181178,15.66164997,WIN,100.0,,,,,5015.66164997
bd2cff5a074289138d72,v0.1.0,reports\backtest_v0.1.0\trade_journal.csv,BNBUSDT,2025-07-14 06:00:00+00:00,2025-07-14 07:30:00+00:00,696.80898,705.28538948,14.4326307,,5.0,693.33375656,705.49703859,TAKE_PROFIT,122.33688766,,5.02839334,5.08956178,112.21893254,WIN,100.0,,,,,5127.88058252
8ca8ea970a17259b06c1,v0.1.0,reports\backtest_v0.1.0\trade_journal.csv,BNBUSDT,2025-07-20 22:45:00+00:00,2025-07-21 00:15:00+00:00,755.666632,748.49810983,7.38472131,,5.0,748.72272665,773.02639537,STOP_LOSS,-52.93753842,,2.79019374,2.76372497,-58.49145713,LOSS,100.0,,,,,5069.38912539
8b0352d92cd16d305997,v0.1.0,reports\backtest_v0.1.0\trade_journal.csv,BNBUSDT,2025-07-22 02:45:00+00:00,2025-07-22 03:15:00+00:00,766.409854,760.47283568,8.87994327,,5.0,760.70104599,780.68187401,STOP_LOSS,-52.72038591,,3.40283801,3.37647782,-59.49970174,LOSS,100.0,,,,,5009.88942365
d0b12efbd60d76a21c94,v0.1.0,reports\backtest_v0.1.0\trade_journal.csv,BNBUSDT,2025-07-27 11:30:00+00:00,2025-07-27 12:30:00+00:00,796.959016,793.78146678,17.04424723,,5.0,794.01967268,804.30737429,STOP_LOSS,-54.15893452,,6.79178325,6.76470378,-67.71542156,LOSS,100.0,,,,,4942.17400209
506aea5927266aaaebeb,v0.1.0,reports\backtest_v0.1.0\trade_journal.csv,BNBUSDT,2025-08-18 23:30:00+00:00,2025-08-19 00:15:00+00:00,849.05464,844.57710124,11.69997439,,5.0,844.83055041,859.61486398,STOP_LOSS,-52.38708877,,4.96695877,4.94076523,-62.29481276,LOSS,100.0,,,,,4879.87918933
48609ba3c2010443019f,v0.1.0,reports\backtest_v0.1.0\trade_journal.csv,BNBUSDT,2025-08-19 01:00:00+00:00,2025-08-19 01:45:00+00:00,848.444457,843.16360016,9.70573268,,5.0,843.41662515,861.01403663,STOP_LOSS,-51.25458479,,4.11738755,4.09176025,-59.46373259,LOSS,100.0,,,,,4820.41545674
c4c60bc8716b1e41bc4c,v0.1.0,reports\backtest_v0.1.0\trade_journal.csv,BNBUSDT,2025-09-09 23:15:00+00:00,2025-09-10 00:45:00+00:00,879.783856,877.01871406,16.4372718,,5.0,877.28189863,886.03874942,STOP_LOSS,-45.45138963,,7.23062318,7.20789749,-59.8899103,LOSS,100.0,,,,,4760.52554644
87b6de8b69fd8fe05d4a,v0.1.0,reports\backtest_v0.1.0\trade_journal.csv,BNBUSDT,2025-09-10 01:15:00+00:00,2025-09-10 04:45:00+00:00,879.2637,879.895952,16.24265467,,5.0,876.5224527,886.11681825,EMA20_EXIT,10.2694509,,7.14078832,7.14592305,-4.01726047,LOSS,100.0,,,,,4756.50828597
d9b249d2457b036a3334,v0.1.0,reports\backtest_v0.1.0\trade_journal.csv,BNBUSDT,2025-09-10 08:30:00+00:00,2025-09-10 13:00:00+00:00,883.144864,890.0575929,16.1576265,,5.0,880.27293348,890.32469031,TAKE_PROFIT,111.69329171,,7.13476243,7.19060907,97.36792021,WIN,100.0,,,,,4853.87620618
393610b8486e64eed288,v0.1.0,reports\backtest_v0.1.0\trade_journal.csv,BNBUSDT,2025-09-11 11:45:00+00:00,2025-09-11 12:30:00+00:00,899.339721,896.31252352,16.19146612,,5.0,896.58149797,906.23527858,STOP_LOSS,-49.01476543,,7.28081431,7.25630693,-63.55188667,LOSS,100.0,,,,,4790.32431951
e6cb2465c92c3a8481bf,v0.1.0,reports\backtest_v0.1.0\trade_journal.csv,BNBUSDT,2025-09-12 10:15:00+00:00,2025-09-12 11:45:00+00:00,907.662217,904.56146212,15.83295271,,5.0,904.83291199,914.73547952,STOP_LOSS,-49.09410544,,7.18548648,7.16093943,-63.44053134,LOSS,100.0,,,,,4726.88378817
b89c225c714d57bbaf31,v0.1.0,reports\backtest_v0.1.0\trade_journal.csv,BNBUSDT,2025-09-18 09:00:00+00:00,2025-09-18 18:15:00+00:00,996.528869,989.92519817,7.49513316,,5.0,990.22226485,1012.29537937,STOP_LOSS,-49.49539221,,3.73455829,3.70981059,-56.93976109,LOSS,100.0,,,,,4669.94402708
c3877a93d40b26b64b74,v0.1.0,reports\backtest_v0.1.0\trade_journal.csv,BNBUSDT,2025-09-20 08:45:00+00:00,2025-09-20 14:45:00+00:00,996.828959,1007.41951989,10.71788434,,5.0,992.47180802,1007.72183644,TAKE_PROFIT,113.5084067,,5.34194874,5.39870295,102.76775501,WIN,100.0,,,,,4772.7117821
6f398a166c1e6470347d,v0.1.0,reports\backtest_v0.1.0\trade_journal.csv,BNBUSDT,2025-09-24 00:45:00+00:00,2025-09-24 02:30:00+00:00,1017.615193,1018.134468,6.72991154,,5.0,1010.52340323,1035.34466742,EMA20_EXIT,3.49467481,,3.42423012,3.42597745,-3.35553275,LOSS,100.0,,,,,4769.35624934
fe38ed9d22e4fb86f21a,v0.1.0,reports\backtest_v0.1.0\trade_journal.csv,BNBUSDT,2025-09-27 22:30:00+00:00,2025-09-27 23:15:00+00:00,972.041525,967.68019017,11.71560367,,5.0,967.97058134,982.21888415,STOP_LOSS,-51.09567039,,5.69402663,5.66847879,-62.45817581,LOSS,100.0,,,,,4706.89807353
fc762afad7a26a9e43b3,v0.1.0,reports\backtest_v0.1.0\trade_journal.csv,BNBUSDT,2025-10-02 00:30:00+00:00,2025-10-02 01:45:00+00:00,1025.417533,1036.37661455,10.44112995,,5.0,1020.90949786,1036.68762084,TAKE_PROFIT,114.42519464,,5.35325886,5.41047145,103.66146432,WIN,100.0,,,,,4810.55953785
0a0a215dd3173ea914e8,v0.1.0,reports\backtest_v0.1.0\trade_journal.csv,BNBUSDT,2025-10-03 04:30:00+00:00,2025-10-03 07:00:00+00:00,1099.049616,1089.0221407,4.95899688,,5.0,1089.34894538,1123.30129255,STOP_LOSS,-49.72621874,,2.72509181,2.7002287,-55.15153925,LOSS,100.0,,,,,4755.4079986
2d6a20e4760ad424b3cd,v0.1.0,reports\backtest_v0.1.0\trade_journal.csv,BNBUSDT,2025-10-08 00:45:00+00:00,2025-10-08 02:00:00+00:00,1315.864641,1296.51929525,2.50861967,,5.0,1296.90836776,1363.25532409,STOP_LOSS,-48.53011487,,1.65050196,1.6262369,-51.80685374,LOSS,100.0,,,,,4703.60114486
6d8a0b530b5cae4ba41a,v0.1.0,reports\backtest_v0.1.0\trade_journal.csv,BNBUSDT,2025-10-08 09:15:00+00:00,2025-10-08 13:45:00+00:00,1310.232952,1294.24537172,3.01528547,,5.0,1294.63376185,1349.23092737,STOP_LOSS,-48.20711851,,1.97536319,1.95125963,-52.13374134,LOSS,100.0,,,,,4651.46740353
487924ba8ef5ce5311e9,v0.1.0,reports\backtest_v0.1.0\trade_journal.csv,BNBUSDT,2025-10-26 14:15:00+00:00,2025-10-26 16:30:00+00:00,1132.73972,1126.37878734,7.72294708,,5.0,1126.71680238,1147.79701404,STOP_LOSS,-49.12514632,,4.37404446,4.34948188,-57.84867266,LOSS,100.0,,,,,4593.61873087
489e07717254814d75b8,v0.1.0,reports\backtest_v0.1.0\trade_journal.csv,BNBUSDT,2025-10-27 08:45:00+00:00,2025-10-27 10:15:00+00:00,1152.74572,1152.95401,5.37584565,,5.0,1144.20079697,1174.10802758,EMA20_EXIT,1.11973489,,3.09849153,3.0990514,-5.07780804,LOSS,100.0,,,,,4588.54092283
6f5bc750e307e26b167d,v0.1.0,reports\backtest_v0.1.0\trade_journal.csv,BNBUSDT,2025-11-08 19:15:00+00:00,2025-11-08 22:15:00+00:00,995.388527,995.40129,5.96344281,,5.0,987.69407755,1014.62465064,EMA20_EXIT,0.07611142,,2.96797128,2.96800933,-5.85986919,LOSS,100.0,,,,,4582.68105364
6ebcb4a25803c6faa31e,v0.1.0,reports\backtest_v0.1.0\trade_journal.csv,BNBUSDT,2025-11-09 23:00:00+00:00,2025-11-10 00:00:00+00:00,999.129649,992.66069475,7.42607606,,5.0,992.95858232,1014.55731569,STOP_LOSS,-48.03894632,,3.70980638,3.68578691,-55.43453962,LOSS,100.0,,,,,4527.24651402
dbf913539a7fcd84f90b,v0.1.0,reports\backtest_v0.1.0\trade_journal.csv,BNBUSDT,2025-11-23 16:15:00+00:00,2025-11-23 23:00:00+00:00,847.2541,849.505072,10.10414569,,5.0,842.77351683,858.45555792,EMA20_EXIT,22.74414903,,4.28038943,4.29176151,14.17199809,WIN,100.0,,,,,4541.41851211
e5eb055a256a42d0d0cc,v0.1.0,reports\backtest_v0.1.0\trade_journal.csv,BNBUSDT,2025-11-26 14:45:00+00:00,2025-11-26 16:45:00+00:00,859.827871,871.83127264,9.25684384,,5.0,854.9218592,872.09290051,TAKE_PROFIT,111.11361453,,3.97964617,4.03520297,103.09876539,WIN,100.0,,,,,4644.5172775
41ba69e745501575ed0e,v0.1.0,reports\backtest_v0.1.0\trade_journal.csv,BNBUSDT,2025-11-28 14:30:00+00:00,2025-11-28 16:15:00+00:00,895.178473,889.18016746,8.10353384,,5.0,889.44700156,909.5071516,STOP_LOSS,-48.60747193,,3.62705452,3.60275079,-55.83727724,LOSS,100.0,,,,,4588.68000026
76ea27b2d65f39833729,v0.1.0,reports\backtest_v0.1.0\trade_journal.csv,BNBUSDT,2025-12-08 14:15:00+00:00,2025-12-08 14:45:00+00:00,909.262697,905.34025779,12.56912394,,5.0,905.61194137,918.38958608,STOP_LOSS,-49.30162461,,5.71431777,5.68966695,-60.70560933,LOSS,100.0,,,,,4527.97439093
ad96d273f38749afc66b,v0.1.0,reports\backtest_v0.1.0\trade_journal.csv,BNBUSDT,2025-12-12 15:00:00+00:00,2025-12-12 15:15:00+00:00,889.2667,885.71128854,13.76443685,,5.0,885.97708166,897.49074585,STOP_LOSS,-48.93823658,,6.12012767,6.09565855,-61.1540228,LOSS,100.0,,,,,4466.82036814
1ba061135234696177b1,v0.1.0,reports\backtest_v0.1.0\trade_journal.csv,BNBUSDT,2025-12-19 17:00:00+00:00,2025-12-19 17:30:00+00:00,849.474766,844.12255079,8.76035659,,5.0,844.37586355,862.22202213,STOP_LOSS,-46.88731378,,3.72085093,3.69740728,-54.30557199,LOSS,100.0,,,,,4412.51479615
71e9d673d8007edc5890,v0.1.0,reports\backtest_v0.1.0\trade_journal.csv,BNBUSDT,2025-12-21 00:30:00+00:00,2025-12-21 01:30:00+00:00,853.946107,852.28597924,15.50161571,,5.0,852.54174176,857.4570201,STOP_LOSS,-25.7346626,,6.61877219,6.60590486,-38.95933966,LOSS,100.0,,,,,4373.55545649
69ba5677c481a55f57fb,v0.1.0,reports\backtest_v0.1.0\trade_journal.csv,BNBUSDT,2025-12-22 09:45:00+00:00,2025-12-22 13:30:00+00:00,862.468663,862.751097,10.74476013,,5.0,858.39825528,872.6446823,EMA20_EXIT,3.03468558,,4.63350945,4.63502679,-6.23385066,LOSS,100.0,,,,,4367.32160583
17c79fc93b4dee3b1191,v0.1.0,reports\backtest_v0.1.0\trade_journal.csv,BNBUSDT,2025-12-22 16:30:00+00:00,2025-12-22 19:15:00+00:00,867.120058,862.49968596,10.01324557,,5.0,862.75851351,878.02391922,STOP_LOSS,-46.2649199,,4.34134304,4.31821058,-54.92447352,LOSS,100.0,,,,,4312.39713231
ac2da31e120348358d67,v0.1.0,reports\backtest_v0.1.0\trade_journal.csv,BNBUSDT,2025-12-27 22:30:00+00:00,2025-12-28 01:00:00+00:00,842.062543,842.107292,15.36369419,,5.0,840.29409565,846.48366138,EMA20_EXIT,0.68750995,,6.4685957,6.46893945,-12.2500252,LOSS,100.0,,,,,4300.1471071
0b582d5256d8a7992856,v0.1.0,reports\backtest_v0.1.0\trade_journal.csv,BNBUSDT,2025-12-29 01:00:00+00:00,2025-12-29 02:00:00+00:00,861.038234,868.37506553,14.15002016,,5.0,857.99926511,868.63565623,TAKE_PROFIT,103.8163141,,6.09185418,6.14376234,91.58069758,WIN,100.0,,,,,4391.72780468
afc9241af3f2cd11456f,v0.1.0,reports\backtest_v0.1.0\trade_journal.csv,BNBUSDT,2025-12-31 14:30:00+00:00,2025-12-31 14:45:00+00:00,869.490769,865.89833664,13.1781423,,5.0,866.1581841,877.82223126,STOP_LOSS,-47.34158478,,5.72913654,5.70546575,-58.77618707,LOSS,100.0,,,,,4332.95161761
4172037c4720491b6278,v0.1.0,reports\backtest_v0.1.0\trade_journal.csv,BNBUSDT,2026-01-02 11:00:00+00:00,2026-01-02 11:30:00+00:00,869.580796,866.68447401,14.94841527,,5.0,866.94455738,876.17139256,STOP_LOSS,-43.29542382,,6.49942742,6.47777971,-56.27263096,LOSS,100.0,,,,,4276.67898665
47656f5a6e60482a7585,v0.1.0,reports\backtest_v0.1.0\trade_journal.csv,BNBUSDT,2026-01-04 06:30:00+00:00,2026-01-04 08:00:00+00:00,885.545584,882.51528234,14.48828518,,5.0,882.78011637,892.45925307,STOP_LOSS,-43.9038747,,6.41501848,6.39306654,-56.71195973,LOSS,100.0,,,,,4219.96702693
0fc827224ba81679f96f,v0.1.0,reports\backtest_v0.1.0\trade_journal.csv,BNBUSDT,2026-01-04 15:00:00+00:00,2026-01-04 15:45:00+00:00,887.886286,885.20873033,14.25847125,,5.0,885.47437264,893.91606939,STOP_LOSS,-38.17785057,,6.32995054,6.31086162,-50.81866272,LOSS,100.0,,,,,4169.1483642
106ceccc377fb466b96b,v0.1.0,reports\backtest_v0.1.0\trade_journal.csv,BNBUSDT,2026-01-05 14:45:00+00:00,2026-01-05 20:15:00+00:00,904.781353,914.93518836,9.99469968,,5.0,900.60999368,915.20975129,TAKE_PROFIT,101.48453507,,4.52150895,4.57225122,92.3907749,WIN,100.0,,,,,4261.5391391
349841aebc8672acc7d3,v0.1.0,reports\backtest_v0.1.0\trade_journal.csv,BNBUSDT,2026-01-13 07:45:00+00:00,2026-01-13 12:00:00+00:00,910.323015,906.91071093,13.57113581,,5.0,907.18286579,918.17338804,STOP_LOSS,-46.30884196,,6.17705863,6.15390421,-58.6398048,LOSS,100.0,,,,,4202.8993343
231857ee307b65adf9aa,v0.1.0,reports\backtest_v0.1.0\trade_journal.csv,BNBUSDT,2026-01-18 14:15:00+00:00,2026-01-18 14:45:00+00:00,947.68422,945.06360075,13.30474618,,5.0,945.34720491,953.52675773,STOP_LOSS,-34.86667398,,6.304349,6.28691567,-47.45793864,LOSS,100.0,,,,,4155.44139566
cf48286aa4580692643d,v0.1.0,reports\backtest_v0.1.0\trade_journal.csv,BNBUSDT,2026-01-27 15:15:00+00:00,2026-01-27 16:00:00+00:00,882.684726,890.32975263,13.12984506,,5.0,879.51984372,890.59693171,TAKE_PROFIT,100.37801514,,5.79475684,5.84494585,88.73831244,WIN,100.0,,,,,4244.1797081
fc9d8329b47b62ebcf84,v0.1.0,reports\backtest_v0.1.0\trade_journal.csv,BNBUSDT,2026-02-14 23:15:00+00:00,2026-02-15 01:15:00+00:00,632.569714,629.50147031,14.74013055,,5.0,629.69037742,639.76805544,STOP_LOSS,-45.2263126,,4.66208008,4.63946693,-54.52785961,LOSS,100.0,,,,,4189.65184849
0522060e62e2b3a720c5,v0.1.0,reports\backtest_v0.1.0\trade_journal.csv,BNBUSDT,2026-03-02 14:15:00+00:00,2026-03-02 14:45:00+00:00,621.906516,631.09835924,11.16498596,,5.0,618.15402418,631.28774556,TAKE_PROFIT,102.62680068,,3.47178876,3.52310216,95.63190976,WIN,100.0,,,,,4285.28375825
ccbec659b9f7eb797c34,v0.1.0,reports\backtest_v0.1.0\trade_journal.csv,BNBUSDT,2026-03-09 19:30:00+00:00,2026-03-09 22:30:00+00:00,637.911316,637.878579,9.15078759,,5.0,633.22834886,649.61873386,EMA20_EXIT,-0.29956933,,2.91869548,2.91854569,-6.1368105,LOSS,100.0,,,,,4279.14694775
6c7b56a110ab28fbaa59,v0.1.0,reports\backtest_v0.1.0\trade_journal.csv,BNBUSDT,2026-03-10 15:30:00+00:00,2026-03-10 18:00:00+00:00,647.504193,643.02285917,9.97849501,,5.0,643.21582392,658.2251157,STOP_LOSS,-44.71696723,,3.23055868,3.2082002,-51.15572611,LOSS,100.0,,,,,4227.99122164
e8080e22055ea7761434,v0.1.0,reports\backtest_v0.1.0\trade_journal.csv,BNBUSDT,2026-03-12 15:30:00+00:00,2026-03-12 16:00:00+00:00,652.305633,648.10178956,10.54531636,,5.0,648.29627844,662.3290194,STOP_LOSS,-44.33085904,,3.43938463,3.4172192,-51.18746287,LOSS,100.0,,,,,4176.80375877
0d6423dc35f711cb3371,v0.1.0,reports\backtest_v0.1.0\trade_journal.csv,BNBUSDT,2026-03-17 00:15:00+00:00,2026-03-17 03:30:00+00:00,681.154285,676.08378592,8.58080478,,5.0,676.28667192,693.3233177,STOP_LOSS,-43.50896276,,2.92242597,2.90067149,-49.33206022,LOSS,100.0,,,,,4127.47169855
38bff6b36ee2975060e7,v0.1.0,reports\backtest_v0.1.0\trade_journal.csv,BNBUSDT,2026-03-25 07:45:00+00:00,2026-03-25 09:30:00+00:00,643.763071,649.31101472,17.96804238,,5.0,641.46595281,649.50586648,TAKE_PROFIT,99.68568788,,5.78358107,5.83342392,88.0686829,WIN,100.0,,,,,4215.54038145
508c95b0e7868b5decd0,v0.1.0,reports\backtest_v0.1.0\trade_journal.csv,BNBUSDT,2026-03-25 16:45:00+00:00,2026-03-25 18:45:00+00:00,647.754268,644.25737326,12.76060063,,5.0,644.45070847,656.01316684,STOP_LOSS,-44.62247725,,4.13286676,4.11055552,-52.86589954,LOSS,100.0,,,,,4162.67448191
f628837a1e6d29732ceb,v0.1.0,reports\backtest_v0.1.0\trade_journal.csv,BNBUSDT,2026-04-07 10:15:00+00:00,2026-04-07 10:30:00+00:00,601.800486,599.32505055,18.13340099,,5.0,599.50490202,607.53944596,STOP_LOSS,-44.88806365,,5.45634476,5.43390073,-55.77830915,LOSS,100.0,,,,,4106.89617276
e5d5b008bb864db1548c,v0.1.0,reports\backtest_v0.1.0\trade_journal.csv,BNBUSDT,2026-04-15 02:15:00+00:00,2026-04-15 03:15:00+00:00,617.625232,615.07248324,17.34205453,,5.0,615.25706036,623.5456611,STOP_LOSS,-44.26990816,,5.35544523,5.33331027,-54.95866366,LOSS,100.0,,,,,4051.9375091
d92e72a05874f63157fb,v0.1.0,reports\backtest_v0.1.0\trade_journal.csv,BNBUSDT,2026-04-15 15:30:00+00:00,2026-04-15 19:30:00+00:00,618.805586,625.19762014,15.39571897,,5.0,616.17372612,625.38523571,TAKE_PROFIT,98.40996126,,4.76347845,4.81268343,88.83379938,WIN,100.0,,,,,4140.77130848
4a65afcb293310517f30,v0.1.0,reports\backtest_v0.1.0\trade_journal.csv,BNBUSDT,2026-04-15 20:30:00+00:00,2026-04-15 23:00:00+00:00,622.856801,622.783109,16.27495678,,5.0,620.31254152,629.2174497,EMA20_EXIT,-1.19933412,,5.06848376,5.06788409,-11.33570196,LOSS,100.0,,,,,4129.43560651
ec6c1b0319e50e59e739,v0.1.0,reports\backtest_v0.1.0\trade_journal.csv,BNBUSDT,2026-04-18 02:45:00+00:00,2026-04-18 03:15:00+00:00,644.353248,641.63057551,16.32106994,,5.0,641.82312245,650.67856188,STOP_LOSS,-44.43692808,,5.25826721,5.23604875,-54.93124404,LOSS,100.0,,,,,4074.50436247
188457a8bdb10dca6795,v0.1.0,reports\backtest_v0.1.0\trade_journal.csv,BNBUSDT,2026-04-24 16:00:00+00:00,2026-04-24 17:30:00+00:00,638.881607,636.47998502,18.43149483,,5.0,636.67098632,644.4081587,STOP_LOSS,-44.26548303,,5.88777152,5.86563878,-56.01889333,LOSS,100.0,,,,,4018.48546914
581c3ffdaea6a86b549f,v0.1.0,reports\backtest_v0.1.0\trade_journal.csv,BNBUSDT,2026-05-03 17:30:00+00:00,2026-05-03 21:30:00+00:00,619.925922,618.56599406,19.44660802,,5.0,618.75161955,622.86167812,STOP_LOSS,-26.4459855,,6.0277282,6.01450521,-38.48821892,LOSS,100.0,,,,,3979.99725022
b53bfad226cca35aa1f8,v0.1.0,reports\backtest_v0.1.0\trade_journal.csv,BNBUSDT,2026-05-04 06:15:00+00:00,2026-05-04 10:00:00+00:00,629.178697,625.21653905,10.54433316,,5.0,625.4041603,638.61503875,STOP_LOSS,-41.77831344,,3.3171349,3.29624574,-48.39169408,LOSS,100.0,,,,,3931.60555614
2b667189182fee090867,v0.1.0,reports\backtest_v0.1.0\trade_journal.csv,BNBUSDT,2026-05-05 04:30:00+00:00,2026-05-05 09:00:00+00:00,626.38786,626.751918,18.82989346,,5.0,624.50070193,631.10575518,EMA20_EXIT,6.85517335,,5.89740833,5.90083592,-4.9430709,LOSS,100.0,,,,,3926.66248524
344c4bcd36d0579934d9,v0.1.0,reports\backtest_v0.1.0\trade_journal.csv,BNBUSDT,2026-05-07 09:15:00+00:00,2026-05-07 10:15:00+00:00,649.434772,646.60337283,14.88861043,,5.0,646.79741205,656.02817187,STOP_LOSS,-42.15559927,,4.83459066,4.81351286,-51.80370279,LOSS,100.0,,,,,3874.85878245
a680521680402f80d9fb,v0.1.0,reports\backtest_v0.1.0\trade_journal.csv,BNBUSDT,2026-05-12 12:30:00+00:00,2026-05-12 13:15:00+00:00,663.028849,660.34991995,15.61961482,,5.0,660.54808438,669.23076054,STOP_LOSS,-41.84383982,,5.17812762,5.1572057,-52.17917313,LOSS,100.0,,,,,3822.67960932
3b7f5713330f786e75cf,v0.1.0,reports\backtest_v0.1.0\trade_journal.csv,BNBUSDT,2026-05-15 09:15:00+00:00,2026-05-15 12:00:00+00:00,683.865098,684.034728,9.88226416,,5.0,679.99687555,693.53565413,EMA20_EXIT,1.67632847,,3.37906777,3.37990594,-5.08264524,LOSS,100.0,,,,,3817.59696408
af6af4d9405a9067f9d1,v0.1.0,reports\backtest_v0.1.0\trade_journal.csv,BNBUSDT,2026-05-25 15:15:00+00:00,2026-05-25 17:00:00+00:00,668.610523,666.03910479,16.0974998,,5.0,666.23897648,674.5393893,STOP_LOSS,-41.39340417,,5.38147888,5.36078218,-52.13566523,LOSS,100.0,,,,,3765.46129885
d0aa5dc6bebffa5fc731,v0.1.0,reports\backtest_v0.1.0\trade_journal.csv,BNBUSDT,2026-05-26 13:15:00+00:00,2026-05-26 14:15:00+00:00,661.568411,667.07222169,16.50362165,,5.0,659.28681404,667.27240341,TAKE_PROFIT,90.83280924,,5.45913738,5.50455378,79.86911809,WIN,100.0,,,,,3845.33041694
c24694f14bcb81bbb252,v0.1.0,reports\backtest_v0.1.0\trade_journal.csv,BNBUSDT,2026-05-26 15:00:00+00:00,2026-05-26 15:30:00+00:00,663.569011,660.00940225,11.43917065,,5.0,660.20746449,671.97287727,STOP_LOSS,-40.71897193,,3.79533958,3.77498009,-48.2892916,LOSS,100.0,,,,,3797.04112534
3e507436ad0c7bdefedc,v0.1.0,reports\backtest_v0.1.0\trade_journal.csv,BNBUSDT,2026-06-08 13:15:00+00:00,2026-06-08 20:15:00+00:00,600.190003,605.628257,9.67245055,,5.0,596.26437825,610.00406487,EMA20_EXIT,52.60124289,,2.90265406,2.92895468,46.76963415,WIN,100.0,,,,,3843.81075949
766b2dd7350a3f2d5476,v0.1.0,reports\backtest_v0.1.0\trade_journal.csv,BNBUSDT,2026-06-14 07:00:00+00:00,2026-06-14 12:45:00+00:00,610.573117,611.076622,18.88624304,,5.0,608.99893034,614.50858364,EMA20_EXIT,9.5093178,,5.76571614,5.7704708,-2.02686914,LOSS,100.0,,,,,3841.78389035
0206b7ff9e3f76d64769,v0.1.0,reports\backtest_v0.1.0\trade_journal.csv,BNBUSDT,2026-06-15 15:15:00+00:00,2026-06-15 17:15:00+00:00,624.447278,625.31235,10.50490048,,5.0,620.79014303,633.59011543,EMA20_EXIT,9.08749527,,3.27987826,3.284422,2.52319501,WIN,100.0,,,,,3844.30708536
4ca45ae68c78376168f8,v0.1.0,reports\backtest_v0.1.0\trade_journal.csv,BNBUSDT,2026-06-20 15:30:00+00:00,2026-06-20 17:30:00+00:00,586.866007,584.18449479,15.33916102,,5.0,584.35980273,593.13151768,STOP_LOSS,-41.13214758,,4.50101609,4.48045002,-50.11361368,LOSS,100.0,,,,,3794.19347167
7978e8b8196c77488de7,v0.1.0,reports\backtest_v0.1.0\trade_journal.csv,BNBUSDT,2026-06-21 04:45:00+00:00,2026-06-21 08:30:00+00:00,589.416772,587.66407441,19.31159912,,5.0,587.84042654,593.35763565,STOP_LOSS,-33.8473932,,5.69129021,5.67436651,-45.21304992,LOSS,100.0,,,,,3748.98042176
864c1dbccb62b58b8fca,v0.1.0,reports\backtest_v0.1.0\trade_journal.csv,BNBUSDT,2026-07-01 22:30:00+00:00,2026-07-01 23:30:00+00:00,554.046164,551.14613086,13.70922996,,5.0,551.31152432,560.8827632,STOP_LOSS,-39.75722117,,3.79777314,3.77789452,-47.33288883,LOSS,100.0,,,,,3701.64753293
1bf53f8d8c59fa505025,v0.1.0,reports\backtest_v0.1.0\trade_journal.csv,BNBUSDT,2026-07-03 15:15:00+00:00,2026-07-03 20:15:00+00:00,565.639641,571.69093284,14.87118915,,5.0,563.15050076,571.86249159,TAKE_PROFIT,89.98990559,,4.20586705,4.250862,81.53317655,WIN,100.0,,,,,3783.18070947
4cd247749635cbfb1820,v0.1.0,reports\backtest_v0.1.0\trade_journal.csv,BNBUSDT,2026-07-04 10:15:00+00:00,2026-07-04 15:00:00+00:00,572.431678,577.50592761,18.02354564,,5.0,570.33265665,577.67923138,TAKE_PROFIT,91.45596945,,5.15862424,5.20435222,81.09299299,WIN,100.0,,,,,3864.27370246
3c4cfe29464c98a42a87,v0.1.0,reports\backtest_v0.1.0\trade_journal.csv,BNBUSDT,2026-07-05 11:00:00+00:00,2026-07-05 12:15:00+00:00,575.312542,580.9742664,16.55341001,,5.0,572.97811441,581.14861098,TAKE_PROFIT,93.7208453,,4.7616922,4.80855262,84.15060049,WIN,100.0,,,,,3948.42430295
8b5953810d1251c771c2,v0.1.0,reports\backtest_v0.1.0\trade_journal.csv,BNBUSDT,2026-07-06 01:15:00+00:00,2026-07-06 02:00:00+00:00,590.347051,586.92002515,12.14564566,,5.0,587.096154,598.47429351,STOP_LOSS,-41.6234416,,3.58507305,3.56426133,-48.77277597,LOSS,100.0,,,,,3899.65152698
54ed3d5e75983a8d3fe6,v0.1.0,reports\backtest_v0.1.0\trade_journal.csv,BTCUSDT,2025-07-14 00:45:00+00:00,2025-07-14 03:30:00+00:00,119097.11842,120162.50917712,0.11348673,,7.0,118656.5382889,120198.56874774,TAKE_PROFIT,120.9077132,,6.75797126,6.81842512,107.33131682,WIN,100.0,,,,,5107.33131682
809bcd419b6c08e19579,v0.1.0,reports\backtest_v0.1.0\trade_journal.csv,BTCUSDT,2025-07-14 12:45:00+00:00,2025-07-14 13:30:00+00:00,121954.5754,121459.64521811,0.11139671,,7.0,121496.09404632,123100.77878421,STOP_LOSS,-55.13359394,,6.79266923,6.76510244,-68.69136561,LOSS,100.0,,,,,5038.6399512
5aef25e503434a6b91f7,v0.1.0,reports\backtest_v0.1.0\trade_journal.csv,BTCUSDT,2025-07-27 23:00:00+00:00,2025-07-28 03:15:00+00:00,119263.758397,119245.085739,0.1474262,,7.0,118921.98469393,120118.19265468,EMA20_EXIT,-2.75283901,,8.79130135,8.78992493,-20.33406529,LOSS,100.0,,,,,5018.30588591
8d093d40f7a569e226fe,v0.1.0,reports\backtest_v0.1.0\trade_journal.csv,BTCUSDT,2025-08-04 08:45:00+00:00,2025-08-04 09:45:00+00:00,114580.613875,114285.84355242,0.18394809,,7.0,114320.1395943,115231.79957675,STOP_LOSS,-54.22243783,,10.53844254,10.51133132,-75.27221168,LOSS,100.0,,,,,4943.03367423
9179f7f81b0acfb870ef,v0.1.0,reports\backtest_v0.1.0\trade_journal.csv,BTCUSDT,2025-08-04 14:45:00+00:00,2025-08-04 18:45:00+00:00,114771.201034,114923.152708,0.12248056,,7.0,114367.62404221,115780.14351347,EMA20_EXIT,18.61112612,,7.02862049,7.03792605,4.54457959,WIN,100.0,,,,,4947.57825382
1a3b3e6243bdda62f5d3,v0.1.0,reports\backtest_v0.1.0\trade_journal.csv,BTCUSDT,2025-08-13 13:30:00+00:00,2025-08-13 13:45:00+00:00,120380.123206,121348.76648989,0.12306688,,7.0,119978.0996706,121385.1820445,TAKE_PROFIT,119.20790678,,7.40740309,7.46700704,104.33349665,WIN,100.0,,,,,5051.91175047
653573e4ccf2cf3b3948,v0.1.0,reports\backtest_v0.1.0\trade_journal.csv,BTCUSDT,2025-08-13 14:45:00+00:00,2025-08-13 19:45:00+00:00,120926.997219,122542.58287473,0.07643482,,7.0,120266.05343391,122579.35668173,TAKE_PROFIT,123.48699879,,4.62151663,4.68326013,114.18222202,WIN,100.0,,,,,5166.09397249
972af47c4391853e5e87,v0.1.0,reports\backtest_v0.1.0\trade_journal.csv,BTCUSDT,2025-09-02 22:00:00+00:00,2025-09-03 01:00:00+00:00,111153.325997,111187.603709,0.1111979,,7.0,110688.74041267,112314.78995781,EMA20_EXIT,3.81160959,,6.18000821,6.18191402,-8.55031264,LOSS,100.0,,,,,5157.54365985
a53a580b25292260aba8,v0.1.0,reports\backtest_v0.1.0\trade_journal.csv,BTCUSDT,2025-09-03 13:45:00+00:00,2025-09-03 16:30:00+00:00,111508.512521,111700.119908,0.12326139,,7.0,111090.08923828,112554.57072779,EMA20_EXIT,23.61779286,,6.87234713,6.88415602,9.86128971,WIN,100.0,,,,,5167.40494956
6d36c1d67f82b46a7e81,v0.1.0,reports\backtest_v0.1.0\trade_journal.csv,BTCUSDT,2025-09-07 14:45:00+00:00,2025-09-07 17:15:00+00:00,111178.933677,110955.07957479,0.19520875,,7.0,110988.37608762,111655.32765045,STOP_LOSS,-43.69827947,,10.85155033,10.82970119,-65.379531,LOSS,100.0,,,,,5102.02541856
b142befe14bb7fae56db,v0.1.0,reports\backtest_v0.1.0\trade_journal.csv,BTCUSDT,2025-09-07 20:00:00+00:00,2025-09-08 00:15:00+00:00,111196.338897,110967.05939618,0.19270874,,7.0,111000.35950403,111686.28737943,STOP_LOSS,-44.18416371,,10.71425318,10.6921611,-65.59057799,LOSS,100.0,,,,,5036.43484057
5f18cac5f839f0df931e,v0.1.0,reports\backtest_v0.1.0\trade_journal.csv,BTCUSDT,2025-09-09 13:15:00+00:00,2025-09-09 14:00:00+00:00,112843.14279,112495.78243942,0.16059984,,7.0,112529.54130181,113627.14651047,STOP_LOSS,-55.78601673,,9.06129534,9.03340233,-73.88071439,LOSS,100.0,,,,,4962.55412617
e41049957b1dcea35b74,v0.1.0,reports\backtest_v0.1.0\trade_journal.csv,BTCUSDT,2025-09-10 20:00:00+00:00,2025-09-11 00:30:00+00:00,113709.412593,113722.852906,0.11820971,,7.0,113289.60324474,114758.93596365,EMA20_EXIT,1.5887755,,6.72077834,6.72157273,-11.85357557,LOSS,100.0,,,,,4950.7005506
1e41fad09bc41b46aac0,v0.1.0,reports\backtest_v0.1.0\trade_journal.csv,BTCUSDT,2025-09-16 08:15:00+00:00,2025-09-16 09:45:00+00:00,115790.006584,115473.37977234,0.17557269,,7.0,115508.03218199,116494.94258901,STOP_LOSS,-55.59102105,,10.16478147,10.13698596,-75.89278847,LOSS,100.0,,,,,4874.80776213
6c11e0ba8fdb79bc69bf,v0.1.0,reports\backtest_v0.1.0\trade_journal.csv,BTCUSDT,2025-09-18 15:00:00+00:00,2025-09-18 17:30:00+00:00,117445.693141,117448.075004,0.14595205,,7.0,117111.69249487,118280.69475633,EMA20_EXIT,0.34763779,,8.57071984,8.57089366,-16.79397571,LOSS,100.0,,,,,4858.01378642
f8f05c0853d343449926,v0.1.0,reports\backtest_v0.1.0\trade_journal.csv,BTCUSDT,2025-09-29 10:30:00+00:00,2025-09-29 13:30:00+00:00,112079.573788,112647.67863702,0.18204618,,7.0,111838.81007043,112681.48308194,TAKE_PROFIT,103.4213176,,10.20182913,10.25353979,82.96594868,WIN,100.0,,,,,4940.9797351
294316d12f6f022f44cb,v0.1.0,reports\backtest_v0.1.0\trade_journal.csv,BTCUSDT,2025-09-30 00:15:00+00:00,2025-09-30 03:15:00+00:00,114204.961213,114291.772179,0.1817094,,7.0,113941.72651377,114863.04796108,EMA20_EXIT,15.77436855,,10.37605749,10.38394467,-4.98563362,LOSS,100.0,,,,,4935.99410148
127d70436262d455eab3,v0.1.0,reports\backtest_v0.1.0\trade_journal.csv,BTCUSDT,2025-10-01 02:45:00+00:00,2025-10-01 06:15:00+00:00,114306.431645,114354.143462,0.16121626,,7.0,114000.25942718,115071.86218954,EMA20_EXIT,7.69192069,,9.2140277,9.21787366,-10.73998067,LOSS,100.0,,,,,4925.25412081
5acac73d8dfeca446a3b,v0.1.0,reports\backtest_v0.1.0\trade_journal.csv,BTCUSDT,2025-10-01 07:30:00+00:00,2025-10-01 08:30:00+00:00,114571.711205,115347.95859455,0.15185238,,7.0,114247.36634038,115382.57336656,TAKE_PROFIT,117.87501357,,8.69899351,8.75793102,100.41808904,WIN,100.0,,,,,5025.67220985
aaad07cc77d82c4d3881,v0.1.0,reports\backtest_v0.1.0\trade_journal.csv,BTCUSDT,2025-10-06 00:45:00+00:00,2025-10-06 04:30:00+00:00,123384.294187,123681.374453,0.10930559,,7.0,122924.51235663,124533.74876293,EMA20_EXIT,32.47253375,,6.74329654,6.7595328,18.96970441,WIN,100.0,,,,,5044.64191426
adcc1f312bb16275dec3,v0.1.0,reports\backtest_v0.1.0\trade_journal.csv,BTCUSDT,2025-10-20 15:00:00+00:00,2025-10-20 16:00:00+00:00,111068.220473,110571.59815307,0.1088519,,7.0,110604.77958695,112226.82268813,STOP_LOSS,-54.05828311,,6.04499341,6.01796427,-66.12124079,LOSS,100.0,,,,,4978.52067347
0e8e5a1702faec440e04,v0.1.0,reports\backtest_v0.1.0\trade_journal.csv,BTCUSDT,2025-10-20 16:00:00+00:00,2025-10-20 16:30:00+00:00,111102.400724,110542.65652175,0.09454597,,7.0,110575.82927053,112418.82935767,STOP_LOSS,-52.92155855,,5.25214212,5.22568134,-63.39938202,LOSS,100.0,,,,,4915.12129145
a1ae0e4154f7cd966f0f,v0.1.0,reports\backtest_v0.1.0\trade_journal.csv,BTCUSDT,2025-11-10 14:00:00+00:00,2025-11-10 14:30:00+00:00,106276.243311,105859.71711598,0.12774554,,7.0,105891.48456135,107238.14018512,STOP_LOSS,-53.20936371,,6.78815805,6.76155336,-66.75907512,LOSS,100.0,,,,,4848.36221633
408bf34cb3f8776a5ddd,v0.1.0,reports\backtest_v0.1.0\trade_journal.csv,BTCUSDT,2025-11-11 01:45:00+00:00,2025-11-11 04:00:00+00:00,106142.193108,106136.759417,0.07518156,,7.0,105497.30598332,107754.4109197,EMA20_EXIT,-0.40851337,,3.98996783,3.98976357,-8.38824477,LOSS,100.0,,,,,4839.97397156
5f3ca2c5c25771174a3d,v0.1.0,reports\backtest_v0.1.0\trade_journal.csv,BTCUSDT,2025-11-28 14:30:00+00:00,2025-11-28 16:15:00+00:00,92038.10315,91460.1590879,0.08791995,,7.0,91487.60536951,93414.34760123,STOP_LOSS,-50.81281304,,4.04599271,4.02058631,-58.87939206,LOSS,100.0,,,,,4781.0945795
144016b61e45df69a2ef,v0.1.0,reports\backtest_v0.1.0\trade_journal.csv,BTCUSDT,2025-12-03 20:45:00+00:00,2025-12-04 00:30:00+00:00,93008.324129,93020.415501,0.07802313,,7.0,92395.54500945,94540.27192789,EMA20_EXIT,0.94340669,,3.62840028,3.62887199,-6.31386558,LOSS,100.0,,,,,4774.78071392
b7deff7a58caa274ca10,v0.1.0,reports\backtest_v0.1.0\trade_journal.csv,BTCUSDT,2025-12-04 01:15:00+00:00,2025-12-04 03:30:00+00:00,93412.305287,93449.506735,0.07816487,,7.0,92801.4451257,94939.45569026,EMA20_EXIT,2.90784635,,3.65078035,3.65223427,-4.39516828,LOSS,100.0,,,,,4770.38554565
9b4cc371d45184f174f0,v0.1.0,reports\backtest_v0.1.0\trade_journal.csv,BTCUSDT,2025-12-10 19:15:00+00:00,2025-12-10 20:00:00+00:00,92495.460316,94225.876624,0.06781153,,7.0,91791.98329446,94254.15286986,TAKE_PROFIT,117.34217738,,3.13612934,3.19480043,111.01124761,WIN,100.0,,,,,4881.39679326
dea637aa8526a5834182,v0.1.0,reports\backtest_v0.1.0\trade_journal.csv,BTCUSDT,2025-12-18 14:30:00+00:00,2025-12-18 16:45:00+00:00,87853.128034,87987.5958,0.06496086,,7.0,87101.69146552,89731.71945521,EMA20_EXIT,8.73514172,,2.85350738,2.85787495,3.0237594,WIN,100.0,,,,,4884.42055266
4a8e6129de52aef2785e,v0.1.0,reports\backtest_v0.1.0\trade_journal.csv,BTCUSDT,2025-12-19 14:45:00+00:00,2025-12-19 17:15:00+00:00,88206.464003,87643.33934497,0.09098741,,7.0,87669.64023704,89548.52341789,STOP_LOSS,-51.23725414,,4.01283885,3.98722023,-59.23731322,LOSS,100.0,,,,,4825.18323944
9ff496feac87d5112dc6,v0.1.0,reports\backtest_v0.1.0\trade_journal.csv,BTCUSDT,2025-12-21 22:15:00+00:00,2025-12-22 00:00:00+00:00,88384.30734,88989.42370143,0.1909236,,7.0,88131.57886,89016.12853999,TAKE_PROFIT,115.53099414,,8.43732507,8.49509057,98.5985785,WIN,100.0,,,,,4923.78181794
0f781f92207518684bea,v0.1.0,reports\backtest_v0.1.0\trade_journal.csv,BTCUSDT,2025-12-22 00:45:00+00:00,2025-12-22 02:00:00+00:00,88648.98672,88161.20375407,0.10673092,,7.0,88187.66005209,89802.30338978,STOP_LOSS,-52.06152471,,4.73079395,4.70476319,-61.49708186,LOSS,100.0,,,,,4862.28473608
b772e6a7cae515a5b701,v0.1.0,reports\backtest_v0.1.0\trade_journal.csv,BTCUSDT,2025-12-28 10:30:00+00:00,2025-12-28 16:15:00+00:00,87880.316188,87719.87360051,0.23237964,,7.0,87746.19745975,88215.61300863,STOP_LOSS,-37.28359072,,10.21079812,10.19215632,-57.68654516,LOSS,100.0,,,,,4804.59819092
9ddc7c9cb3eb1146130c,v0.1.0,reports\backtest_v0.1.0\trade_journal.csv,BTCUSDT,2026-01-02 07:45:00+00:00,2026-01-02 09:45:00+00:00,88884.267283,89403.78480588,0.21985116,,7.0,88665.72860017,89430.61399008,TAKE_PROFIT,114.21653005,,9.77065463,9.8277629,94.61811251,WIN,100.0,,,,,4899.21630343
242295f66c0592883771,v0.1.0,reports\backtest_v0.1.0\trade_journal.csv,BTCUSDT,2026-01-02 15:45:00+00:00,2026-01-02 17:15:00+00:00,89444.935433,90920.10830625,0.08152007,,7.0,88843.9525966,90947.39252401,TAKE_PROFIT,120.25619589,,3.6457787,3.7059068,112.90451039,WIN,100.0,,,,,5012.12081383
c5c5f9baf4fa8b5f8f79,v0.1.0,reports\backtest_v0.1.0\trade_journal.csv,BTCUSDT,2026-01-03 04:00:00+00:00,2026-01-03 05:15:00+00:00,90279.0756,90011.40827232,0.20826927,,7.0,90038.41979826,90880.71510435,STOP_LOSS,-55.74687894,,9.40117859,9.37330515,-74.52136267,LOSS,100.0,,,,,4937.59945116
7521cf7b21d7254e2437,v0.1.0,reports\backtest_v0.1.0\trade_journal.csv,BTCUSDT,2026-01-05 07:30:00+00:00,2026-01-05 12:30:00+00:00,92575.16422,92789.064927,0.16870502,,7.0,92282.48771506,93306.85548235,EMA20_EXIT,36.08612305,,7.80894747,7.82699053,20.45018506,WIN,100.0,,,,,4958.04963622
0d5f44715df9b155b867,v0.1.0,reports\backtest_v0.1.0\trade_journal.csv,BTCUSDT,2026-01-06 14:45:00+00:00,2026-01-06 15:30:00+00:00,93864.961043,93506.29594532,0.14996908,,7.0,93534.3562522,94691.47302,STOP_LOSS,-53.78867473,,7.03842093,7.01152659,-67.83862224,LOSS,100.0,,,,,4890.21101397
5d236d5ad4c95e263441,v0.1.0,reports\backtest_v0.1.0\trade_journal.csv,BTCUSDT,2026-01-11 15:00:00+00:00,2026-01-11 15:45:00+00:00,90934.302109,90763.00984853,0.22586511,,7.0,90790.24692261,91294.44007497,STOP_LOSS,-38.68894525,,10.26944307,10.2500986,-59.20848693,LOSS,100.0,,,,,4831.00252705
e88577e3392839df0355,v0.1.0,reports\backtest_v0.1.0\trade_journal.csv,BTCUSDT,2026-01-12 00:30:00+00:00,2026-01-12 01:00:00+00:00,90853.857983,91637.38952472,0.14891547,,7.0,90529.44557963,91664.88899142,TAKE_PROFIT,116.6799678,,6.76477248,6.82311247,103.09208285,WIN,100.0,,,,,4934.09460989
e559713c2a556180a4aa,v0.1.0,reports\backtest_v0.1.0\trade_journal.csv,BTCUSDT,2026-01-15 17:45:00+00:00,2026-01-15 18:30:00+00:00,96665.340905,95983.95635676,0.07560895,,7.0,96012.76018482,98296.79270546,STOP_LOSS,-51.51877024,,3.65438246,3.62862308,-58.80177578,LOSS,100.0,,,,,4875.29283411
e9c649fe456d93dc6b8a,v0.1.0,reports\backtest_v0.1.0\trade_journal.csv,BTCUSDT,2026-01-28 18:00:00+00:00,2026-01-28 19:00:00+00:00,89843.44495,89236.92794869,0.08409478,,7.0,89263.70706081,91292.78967297,STOP_LOSS,-51.00491379,,3.77768237,3.75217991,-58.53477607,LOSS,100.0,,,,,4816.75805804
3c4f5b0388ee6a0f4ebb,v0.1.0,reports\backtest_v0.1.0\trade_journal.csv,BTCUSDT,2026-03-02 05:45:00+00:00,2026-03-02 06:15:00+00:00,66750.799234,66233.86514736,0.09690536,,7.0,66253.74126974,67993.44414465,STOP_LOSS,-50.09368376,,3.23425512,3.20920827,-56.53714715,LOSS,100.0,,,,,4760.22091089
3e88eccd0ec493ca24b7,v0.1.0,reports\backtest_v0.1.0\trade_journal.csv,BTCUSDT,2026-03-04 01:45:00+00:00,2026-03-04 03:30:00+00:00,68425.5215,67857.05242287,0.08684857,,7.0,67877.41564756,69795.7861311,STOP_LOSS,-49.37072644,,2.97132935,2.94664398,-55.28869977,LOSS,100.0,,,,,4704.93221112
d7da7dea9a312a2b7960,v0.1.0,reports\backtest_v0.1.0\trade_journal.csv,BTCUSDT,2026-03-10 01:30:00+00:00,2026-03-10 02:30:00+00:00,69003.554858,69989.40439071,0.11682276,,7.0,68600.81379602,70010.40751296,TAKE_PROFIT,115.16966336,,4.03059286,4.0881777,107.0508928,WIN,100.0,,,,,4811.98310392
2a41d57de0b9602072fd,v0.1.0,reports\backtest_v0.1.0\trade_journal.csv,BTCUSDT,2026-03-11 15:00:00+00:00,2026-03-11 19:00:00+00:00,70168.734307,70452.237986,0.07183494,,7.0,69498.86768254,71843.40086814,EMA20_EXIT,20.36546977,,2.52028341,2.53046614,15.31472022,WIN,100.0,,,,,4827.29782414
19df71d20c00799c46ea,v0.1.0,reports\backtest_v0.1.0\trade_journal.csv,BTCUSDT,2026-03-12 20:15:00+00:00,2026-03-13 00:15:00+00:00,70328.122109,71386.33619445,0.11178064,,7.0,69896.26754379,71407.75852201,TAKE_PROFIT,118.28784773,,3.93066125,3.98980517,110.36738131,WIN,100.0,,,,,4937.66520544
33303d6080a569074f24,v0.1.0,reports\backtest_v0.1.0\trade_journal.csv,BTCUSDT,2026-03-15 22:00:00+00:00,2026-03-15 22:45:00+00:00,71818.329037,72611.01662905,0.1515593,,7.0,71492.5380634,72632.80647099,TAKE_PROFIT,120.13917657,,5.44236784,5.50243743,109.19437131,WIN,100.0,,,,,5046.85957675
6d1778dfb411360f8a3d,v0.1.0,reports\backtest_v0.1.0\trade_journal.csv,BTCUSDT,2026-03-16 11:45:00+00:00,2026-03-16 14:15:00+00:00,73574.835831,73596.404453,0.1317051,,7.0,73191.6418807,74532.82070676,EMA20_EXIT,2.84069752,,4.84509056,4.8465109,-6.85090394,LOSS,100.0,,,,,5040.0086728
3c3cbe58750b473bdf7d,v0.1.0,reports\backtest_v0.1.0\trade_journal.csv,BTCUSDT,2026-03-16 23:00:00+00:00,2026-03-17 01:00:00+00:00,74414.81775,75591.87402859,0.10502288,,7.0,73934.92149156,75614.55839611,TAKE_PROFIT,123.6178403,,3.90762924,3.96943816,115.7407729,WIN,100.0,,,,,5155.74944571
614b761e225cdc02e76e,v0.1.0,reports\backtest_v0.1.0\trade_journal.csv,BTCUSDT,2026-03-24 00:00:00+00:00,2026-03-24 00:30:00+00:00,70807.785965,70414.53979128,0.13855241,,7.0,70435.67049243,71738.07464643,STOP_LOSS,-54.48520509,,4.9052947,4.87805209,-64.26855188,LOSS,100.0,,,,,5091.48089383
0fd2e991f775269dc874,v0.1.0,reports\backtest_v0.1.0\trade_journal.csv,BTCUSDT,2026-03-30 13:30:00+00:00,2026-03-30 13:45:00+00:00,67734.674308,67420.45466066,0.17318702,,7.0,67440.68686672,68469.64291119,STOP_LOSS,-54.41876435,,5.8653832,5.83817381,-66.12232136,LOSS,100.0,,,,,5025.35857247
226b6710c5a3d2024d0e,v0.1.0,reports\backtest_v0.1.0\trade_journal.csv,BTCUSDT,2026-04-05 22:15:00+00:00,2026-04-05 22:45:00+00:00,67456.840983,68043.47882405,0.20695579,,7.0,67214.01817882,68063.89799345,TAKE_PROFIT,121.40809784,,6.98029191,7.04099596,107.38680997,WIN,100.0,,,,,5132.74538244
6c9b45cd885d49568f75,v0.1.0,reports\backtest_v0.1.0\trade_journal.csv,BTCUSDT,2026-04-06 16:45:00+00:00,2026-04-06 17:00:00+00:00,69820.079742,69407.26711787,0.13094266,,7.0,69428.09554653,70800.04023068,STOP_LOSS,-54.05478309,,4.57121348,4.54418609,-63.17018266,LOSS,100.0,,,,,5069.57519978
f64d5f418230ae927760,v0.1.0,reports\backtest_v0.1.0\trade_journal.csv,BTCUSDT,2026-04-10 21:30:00+00:00,2026-04-10 22:30:00+00:00,73085.929203,72716.96099871,0.14603558,,7.0,72738.7826335,73953.79562676,STOP_LOSS,-53.88248572,,5.33657303,5.30963179,-64.52869053,LOSS,100.0,,,,,5005.04650925
2306edd6e1c71514a20e,v0.1.0,reports\backtest_v0.1.0\trade_journal.csv,BTCUSDT,2026-04-14 14:45:00+00:00,2026-04-14 15:00:00+00:00,75036.124086,74585.9973377,0.11701026,,7.0,74608.37985166,76105.48467185,STOP_LOSS,-52.66944785,,4.38999819,4.36366347,-61.42310952,LOSS,100.0,,,,,4943.62339973
122b18a2fd84d6b4f2d6,v0.1.0,reports\backtest_v0.1.0\trade_journal.csv,BTCUSDT,2026-04-16 00:45:00+00:00,2026-04-16 01:00:00+00:00,74837.54453,74459.85243803,0.13912084,,7.0,74482.19709716,75725.91311211,STOP_LOSS,-52.5448411,,5.20573103,5.17945861,-62.93003073,LOSS,100.0,,,,,4880.693369
9fb4b421fc7b48eb8973,v0.1.0,reports\backtest_v0.1.0\trade_journal.csv,BTCUSDT,2026-04-16 04:45:00+00:00,2026-04-16 08:00:00+00:00,74966.633245,74596.12402129,0.14019999,,7.0,74618.50957416,75836.9424221,STOP_LOSS,-51.94538946,,5.25516062,5.22918792,-62.429738,LOSS,100.0,,,,,4818.263631
63509491a0c966685292,v0.1.0,reports\backtest_v0.1.0\trade_journal.csv,BTCUSDT,2026-04-17 22:00:00+00:00,2026-04-17 23:15:00+00:00,77438.684638,77040.57089442,0.12848887,,7.0,77063.69000142,78376.17122944,STOP_LOSS,-51.15318504,,4.97500454,4.94942795,-61.07761754,LOSS,100.0,,,,,4757.18601347
6334316573893da7e3e9,v0.1.0,reports\backtest_v0.1.0\trade_journal.csv,BTCUSDT,2026-04-23 16:45:00+00:00,2026-04-23 17:00:00+00:00,78127.151116,77721.1976353,0.12432858,,7.0,77744.5209916,79083.726427,STOP_LOSS,-50.4716198,,4.85671888,4.83148307,-60.15982175,LOSS,100.0,,,,,4697.02619172
cef9b12a4500a9941984,v0.1.0,reports\backtest_v0.1.0\trade_journal.csv,BTCUSDT,2026-04-24 13:45:00+00:00,2026-04-24 14:00:00+00:00,78117.218137,77784.7783827,0.15195946,,7.0,77808.12081895,78889.96143212,STOP_LOSS,-50.51736555,,5.93532514,5.91006646,-62.36275715,LOSS,100.0,,,,,4634.66343457
0fb4f4089872669d539e,v0.1.0,reports\backtest_v0.1.0\trade_journal.csv,BTCUSDT,2026-04-26 22:30:00+00:00,2026-04-27 00:45:00+00:00,78305.004456,79203.43654078,0.12564146,,7.0,77936.12435752,79227.20470219,TAKE_PROFIT,112.88031884,,4.91917754,4.9756177,102.9855236,WIN,100.0,,,,,4737.64895817
96d49b78b75a03fda05d,v0.1.0,reports\backtest_v0.1.0\trade_journal.csv,BTCUSDT,2026-05-11 00:15:00+00:00,2026-05-11 02:15:00+00:00,81704.493997,81201.78304621,0.0990429,,7.0,81226.15089148,82900.35176081,STOP_LOSS,-49.78995043,,4.04612501,4.02123004,-57.85730548,LOSS,100.0,,,,,4679.79165269
195b33f8fa82d23f3ed4,v0.1.0,reports\backtest_v0.1.0\trade_journal.csv,BTCUSDT,2026-05-11 13:30:00+00:00,2026-05-11 14:15:00+00:00,81103.383718,80786.09384457,0.15969436,,7.0,80810.33694565,81836.00064888,STOP_LOSS,-50.66940327,,6.47587648,6.45054178,-63.59582153,LOSS,100.0,,,,,4616.19583116
17438571022e6f3ca4cd,v0.1.0,reports\backtest_v0.1.0\trade_journal.csv,BTCUSDT,2026-05-15 00:15:00+00:00,2026-05-15 01:45:00+00:00,81484.438,81156.01669081,0.15181499,,7.0,81180.37080205,82244.60599488,STOP_LOSS,-49.85927777,,6.18527957,6.16034993,-62.20490727,LOSS,100.0,,,,,4553.99092389
2445d395afa7b741afbf,v0.1.0,reports\backtest_v0.1.0\trade_journal.csv,BTCUSDT,2026-05-21 08:30:00+00:00,2026-05-21 09:30:00+00:00,77950.368097,77696.20676379,0.19727443,,7.0,77719.52262058,78527.48178806,STOP_LOSS,-50.13953214,,7.68880722,7.66373745,-65.4920768,LOSS,100.0,,,,,4488.49884709
10168ba77df914851032,v0.1.0,reports\backtest_v0.1.0\trade_journal.csv,BTCUSDT,2026-05-24 03:30:00+00:00,2026-05-24 07:45:00+00:00,76780.417217,76776.950003,0.18614884,,7.0,76539.29302255,77383.22770312,EMA20_EXIT,-0.64541786,,7.1462928,7.14597009,-14.93768075,LOSS,100.0,,,,,4473.56116633
3579b376fe27a805f317,v0.1.0,reports\backtest_v0.1.0\trade_journal.csv,BTCUSDT,2026-05-25 08:00:00+00:00,2026-05-25 11:15:00+00:00,77316.638035,77393.215068,0.19142439,,7.0,77082.93943073,77900.88454567,EMA20_EXIT,14.65871183,,7.40014514,7.40747449,-0.1489078,LOSS,100.0,,,,,4473.41225853
96870cbb6c64dafc6450,v0.1.0,reports\backtest_v0.1.0\trade_journal.csv,BTCUSDT,2026-06-08 07:00:00+00:00,2026-06-08 10:15:00+00:00,63103.495371,63133.0544,0.10441459,,7.0,62675.06748144,64174.56509491,EMA20_EXIT,3.08639389,,3.2944628,3.296006,-3.5040749,LOSS,100.0,,,,,4469.90818363
cbcb0d47fc4a65445678,v0.1.0,reports\backtest_v0.1.0\trade_journal.csv,BTCUSDT,2026-06-08 13:15:00+00:00,2026-06-08 16:30:00+00:00,63612.087903,63658.886603,0.09034913,,7.0,63117.35060846,64848.93113936,EMA20_EXIT,4.22822183,,2.8736484,2.87576251,-1.52118908,LOSS,100.0,,,,,4468.38699455
e0b04aed8afbf6f63eb3,v0.1.0,reports\backtest_v0.1.0\trade_journal.csv,BTCUSDT,2026-06-20 17:30:00+00:00,2026-06-21 04:15:00+00:00,63882.85911,64522.46738485,0.16952143,,7.0,63619.27078047,64541.82993383,TAKE_PROFIT,108.42730939,,5.41475681,5.46897047,97.54358211,WIN,100.0,,,,,4565.93057666
11644c4507467fbc3b3d,v0.1.0,reports\backtest_v0.1.0\trade_journal.csv,BTCUSDT,2026-06-21 11:30:00+00:00,2026-06-21 11:45:00+00:00,64312.938095,64114.30085346,0.25451518,,7.0,64133.54091573,64761.43104317,STOP_LOSS,-50.55619329,,8.18430951,8.15903141,-66.89953421,LOSS,100.0,,,,,4499.03104246
60db6b6f92890d264d46,v0.1.0,reports\backtest_v0.1.0\trade_journal.csv,BTCUSDT,2026-06-22 05:15:00+00:00,2026-06-22 12:30:00+00:00,64254.57059,65048.78272076,0.13822203,,7.0,63929.07754131,65068.30321172,TAKE_PROFIT,109.77761296,,4.44069859,4.4955874,100.84132697,WIN,100.0,,,,,4599.87236943
2d20e5b863d11d598d24,v0.1.0,reports\backtest_v0.1.0\trade_journal.csv,BTCUSDT,2026-06-22 14:30:00+00:00,2026-06-22 16:30:00+00:00,64927.482403,64547.6798769,0.12762094,,7.0,64567.0499919,65828.56343074,STOP_LOSS,-48.47075539,,4.14305317,4.11881779,-56.73262635,LOSS,100.0,,,,,4543.13974308
68826ab2d521c43a03fb,v0.1.0,reports\backtest_v0.1.0\trade_journal.csv,ETHUSDT,2025-07-11 10:00:00+00:00,2025-07-11 11:45:00+00:00,2999.129469,2970.59240839,1.80860506,,5.0,2971.48385355,3068.24350763,STOP_LOSS,-51.61227221,,2.71212037,2.68631423,-57.01070681,LOSS,100.0,,,,,4942.98929319
a8ae1e36ec080e2540c8,v0.1.0,reports\backtest_v0.1.0\trade_journal.csv,ETHUSDT,2025-07-13 11:30:00+00:00,2025-07-13 12:45:00+00:00,2963.618819,2985.32579955,5.00366909,,5.0,2954.57768018,2986.22166605,TAKE_PROFIT,108.61454762,,7.41448394,7.46879121,93.73127246,WIN,100.0,,,,,5036.72056566
892dabc3b267114873d3,v0.1.0,reports\backtest_v0.1.0\trade_journal.csv,ETHUSDT,2025-07-13 14:45:00+00:00,2025-07-13 17:00:00+00:00,2988.746355,2970.57191877,2.91426337,,5.0,2971.46335778,3031.95384805,STOP_LOSS,-52.96509377,,4.35499701,4.32851447,-61.64860525,LOSS,100.0,,,,,4975.07196041
02953a37ea079ceffe67,v0.1.0,reports\backtest_v0.1.0\trade_journal.csv,ETHUSDT,2025-07-14 06:00:00+00:00,2025-07-14 12:00:00+00:00,3029.788664,3049.58485,1.95588207,,5.0,3004.35220215,3093.37981862,EMA20_EXIT,38.71900525,,2.96295466,2.98231416,32.77373643,WIN,100.0,,,,,5007.84569684
7335de7f369f39b9c1b1,v0.1.0,reports\backtest_v0.1.0\trade_journal.csv,ETHUSDT,2025-07-15 14:30:00+00:00,2025-07-15 14:45:00+00:00,3017.324926,2987.59545604,1.73684985,,5.0,2988.49200364,3089.40723189,STOP_LOSS,-51.63562544,,2.62032017,2.59450236,-56.85044797,LOSS,100.0,,,,,4950.99524886
bff0d305dc6b1af6e9f1,v0.1.0,reports\backtest_v0.1.0\trade_journal.csv,ETHUSDT,2025-07-15 18:30:00+00:00,2025-07-16 00:30:00+00:00,3058.287211,3145.48902451,1.40420713,,5.0,3023.02891364,3146.4329544,TAKE_PROFIT,122.44940828,,2.14723435,2.20845906,118.09371487,WIN,100.0,,,,,5069.08896373
31684fedbc170a7bfc11,v0.1.0,reports\backtest_v0.1.0\trade_journal.csv,ETHUSDT,2025-07-16 13:30:00+00:00,2025-07-16 14:30:00+00:00,3175.35232,3226.25659631,2.44305483,,5.0,3154.6033425,3227.22476374,TAKE_PROFIT,124.36193811,,3.87877991,3.94096088,116.54219732,WIN,100.0,,,,,5185.63116105
836425b1e0fe50e2cd5f,v0.1.0,reports\backtest_v0.1.0\trade_journal.csv,ETHUSDT,2025-07-17 22:45:00+00:00,2025-07-18 01:00:00+00:00,3467.669989,3565.74017214,1.30765063,,5.0,3428.01389852,3566.8102152,TAKE_PROFIT,128.24153676,,2.26725042,2.33137119,123.64291515,WIN,100.0,,,,,5309.2740762
4c9c8dec5caa3b0e825f,v0.1.0,reports\backtest_v0.1.0\trade_journal.csv,ETHUSDT,2025-07-18 13:30:00+00:00,2025-07-18 14:15:00+00:00,3638.831322,3603.67756519,1.55823632,,5.0,3604.75899289,3724.01214478,STOP_LOSS,-54.77786064,,2.83507956,2.80769063,-60.42063084,LOSS,100.0,,,,,5248.85344536
a568b9ce7b11407a8211,v0.1.0,reports\backtest_v0.1.0\trade_journal.csv,ETHUSDT,2025-07-20 17:00:00+00:00,2025-07-20 17:45:00+00:00,3777.192818,3743.1721819,1.59552482,,5.0,3744.29547054,3859.43618664,STOP_LOSS,-54.28076929,,3.01330245,2.98616206,-60.2802338,LOSS,100.0,,,,,5188.57321156
1769ed7b28a4c37fcf88,v0.1.0,reports\backtest_v0.1.0\trade_journal.csv,ETHUSDT,2025-07-21 12:00:00+00:00,2025-07-21 15:45:00+00:00,3804.34096,3809.226889,1.75645719,,5.0,3774.80096755,3878.19094113,EMA20_EXIT,8.58192512,,3.34108102,3.34537198,1.89547213,WIN,100.0,,,,,5190.46868369
94a3f4f84b4da1f60d25,v0.1.0,reports\backtest_v0.1.0\trade_journal.csv,ETHUSDT,2025-07-23 02:30:00+00:00,2025-07-23 04:30:00+00:00,3733.059582,3732.000064,1.89188901,,5.0,3705.6242057,3801.64802274,EMA20_EXIT,-2.00449046,,3.5312672,3.53026495,-9.06602261,LOSS,100.0,,,,,5181.40266108
4f26890ce6e04ce1b0f8,v0.1.0,reports\backtest_v0.1.0\trade_journal.csv,ETHUSDT,2025-07-26 10:45:00+00:00,2025-07-26 11:30:00+00:00,3761.057979,3741.09913688,2.75077212,,5.0,3742.22180342,3808.14841795,STOP_LOSS,-54.90222645,,5.17290672,5.1454556,-65.22058877,LOSS,100.0,,,,,5116.18207231
0e2682677003e6b1f15c,v0.1.0,reports\backtest_v0.1.0\trade_journal.csv,ETHUSDT,2025-07-26 22:15:00+00:00,2025-07-27 05:15:00+00:00,3748.444196,3798.54236839,2.49627931,,5.0,3727.94896517,3799.68227307,TAKE_PROFIT,125.0590312,,4.67858185,4.74111136,115.63933799,WIN,100.0,,,,,5231.8214103
98061eb3ff958a4417d5,v0.1.0,reports\backtest_v0.1.0\trade_journal.csv,ETHUSDT,2025-07-27 12:30:00+00:00,2025-07-27 19:45:00+00:00,3814.163906,3827.171504,2.25426368,,5.0,3790.95534585,3872.18530637,EMA20_EXIT,29.32255574,,4.29906558,4.31372686,20.70976329,WIN,100.0,,,,,5252.53117359
ddbfbfc585b5017d4a44,v0.1.0,reports\backtest_v0.1.0\trade_journal.csv,ETHUSDT,2025-07-27 23:00:00+00:00,2025-07-28 01:00:00+00:00,3844.45299,3851.74413,2.13898215,,5.0,3819.89677214,3905.84353466,EMA20_EXIT,15.59561831,,4.11160816,4.11940597,7.36460418,WIN,100.0,,,,,5259.89577778
4da24f63ccc2ae935b88,v0.1.0,reports\backtest_v0.1.0\trade_journal.csv,ETHUSDT,2025-08-06 15:00:00+00:00,2025-08-06 21:30:00+00:00,3629.168424,3660.651475,1.88002831,,5.0,3601.1906762,3699.1127935,EMA20_EXIT,59.18902717,,3.41146969,3.4410642,52.33649327,WIN,100.0,,,,,5312.23227105
6cc1a6843f936940ef04,v0.1.0,reports\backtest_v0.1.0\trade_journal.csv,ETHUSDT,2025-08-07 01:30:00+00:00,2025-08-07 01:45:00+00:00,3692.587444,3670.94955977,2.58675629,,5.0,3672.05117512,3743.92811619,STOP_LOSS,-55.97193314,,4.7759119,4.74792593,-65.49577097,LOSS,100.0,,,,,5246.73650008
f394a723137b1fa6568e,v0.1.0,reports\backtest_v0.1.0\trade_journal.csv,ETHUSDT,2025-08-07 14:30:00+00:00,2025-08-07 16:45:00+00:00,3818.705268,3789.35103253,1.85941806,,5.0,3790.48817898,3889.24799054,STOP_LOSS,-54.58179558,,3.55028477,3.52299387,-61.65507422,LOSS,100.0,,,,,5185.08142586
53cbd35bd4b41de5cd78,v0.1.0,reports\backtest_v0.1.0\trade_journal.csv,ETHUSDT,2025-08-08 00:45:00+00:00,2025-08-08 05:00:00+00:00,3901.330048,3909.396829,1.6488025,,5.0,3869.88248873,3979.94894619,EMA20_EXIT,13.30052868,,3.21626137,3.22291163,6.86135568,WIN,100.0,,,,,5191.94278154
d970b2e00b90ad5fd494,v0.1.0,reports\backtest_v0.1.0\trade_journal.csv,ETHUSDT,2025-08-08 15:00:00+00:00,2025-08-08 18:00:00+00:00,3957.58692,4043.41184071,1.49128093,,5.0,3922.77159669,4044.62522828,TAKE_PROFIT,127.98906758,,2.95093695,3.01493149,122.02319914,WIN,100.0,,,,,5313.96598068
b8aaf59c225980f6873f,v0.1.0,reports\backtest_v0.1.0\trade_journal.csv,ETHUSDT,2025-08-09 15:15:00+00:00,2025-08-09 20:00:00+00:00,4201.280006,4282.65523217,1.60716784,,5.0,4168.21584268,4283.94041429,TAKE_PROFIT,130.78364647,,3.37608106,3.44147288,123.96609253,WIN,100.0,,,,,5437.93207321
6aba17c7608e6fc46fe1,v0.1.0,reports\backtest_v0.1.0\trade_journal.csv,ETHUSDT,2025-08-09 22:30:00+00:00,2025-08-10 03:00:00+00:00,4273.111549,4237.04832021,1.56299547,,5.0,4238.31981615,4360.09088114,STOP_LOSS,-56.36666324,,3.339427,3.31124367,-63.0173339,LOSS,100.0,,,,,5374.9147393
cc2bc7deda54ceacda1c,v0.1.0,reports\backtest_v0.1.0\trade_journal.csv,ETHUSDT,2025-08-10 23:30:00+00:00,2025-08-11 01:30:00+00:00,4248.594196,4310.43984146,2.12820153,,5.0,4223.33852981,4311.73336147,TAKE_PROFIT,131.6199973,,4.52093233,4.58674233,122.51232263,WIN,100.0,,,,,5497.42706193
8eca5905afc79b2762ee,v0.1.0,reports\backtest_v0.1.0\trade_journal.csv,ETHUSDT,2025-08-12 08:45:00+00:00,2025-08-12 10:00:00+00:00,4311.943195,4282.08099547,1.92371157,,5.0,4283.36600527,4383.38616932,STOP_LOSS,-57.44625874,,4.14746751,4.11874438,-65.71247063,LOSS,100.0,,,,,5431.7145913
dcaa3ea95ef450d5da5d,v0.1.0,reports\backtest_v0.1.0\trade_journal.csv,ETHUSDT,2025-08-13 12:45:00+00:00,2025-08-13 13:45:00+00:00,4687.315773,4652.72748312,1.63645034,,5.0,4654.12372024,4770.2959049,STOP_LOSS,-56.60201873,,3.83527975,3.80697874,-64.24427721,LOSS,100.0,,,,,5367.47031409
1c06092f5db593110920,v0.1.0,reports\backtest_v0.1.0\trade_journal.csv,ETHUSDT,2025-08-13 22:45:00+00:00,2025-08-14 05:00:00+00:00,4735.730293,4735.958786,1.13659478,,5.0,4688.50615994,4853.79062565,EMA20_EXIT,0.25970395,,2.69130317,2.69143302,-5.12303223,LOSS,100.0,,,,,5362.34728186
6893e5e3c89634dd6da9,v0.1.0,reports\backtest_v0.1.0\trade_journal.csv,ETHUSDT,2025-08-23 15:15:00+00:00,2025-08-23 20:30:00+00:00,4746.063392,4745.265993,1.70451201,,5.0,4714.6036706,4824.71269549,EMA20_EXIT,-1.35917617,,4.04486103,4.04418144,-9.44821864,LOSS,100.0,,,,,5352.89906323
0cd44a8cd6bbde672af7,v0.1.0,reports\backtest_v0.1.0\trade_journal.csv,ETHUSDT,2025-08-24 01:00:00+00:00,2025-08-24 06:00:00+00:00,4776.93265,4780.135529,2.26210969,,5.0,4753.26934536,4836.09091161,EMA20_EXIT,7.24526362,,5.40297282,5.40659545,-3.56430465,LOSS,100.0,,,,,5349.33475858
9002ec632bb5cc7b94de,v0.1.0,reports\backtest_v0.1.0\trade_journal.csv,ETHUSDT,2025-08-27 05:15:00+00:00,2025-08-27 06:45:00+00:00,4625.677287,4586.87128236,1.42917496,,5.0,4588.24775669,4719.25111279,STOP_LOSS,-55.46057012,,3.30545108,3.27772079,-62.04374199,LOSS,100.0,,,,,5287.29101659
6e8bf958fe2eb06c3f36,v0.1.0,reports\backtest_v0.1.0\trade_journal.csv,ETHUSDT,2025-08-27 13:30:00+00:00,2025-08-27 14:00:00+00:00,4627.88795,4587.05977585,1.34019538,,5.0,4588.43630674,4726.51705816,STOP_LOSS,-54.71773037,,3.10113702,3.07377816,-60.89264556,LOSS,100.0,,,,,5226.39837103
1a59299da28543b7138a,v0.1.0,reports\backtest_v0.1.0\trade_journal.csv,ETHUSDT,2025-08-27 14:15:00+00:00,2025-08-27 18:45:00+00:00,4634.019789,4590.08279362,1.22801991,,5.0,4591.46023169,4740.41868227,STOP_LOSS,-53.95550511,,2.84533428,2.81835653,-59.61919592,LOSS,100.0,,,,,5166.77917511
14a04249957243af47f3,v0.1.0,reports\backtest_v0.1.0\trade_journal.csv,ETHUSDT,2025-08-31 11:45:00+00:00,2025-08-31 14:00:00+00:00,4478.323094,4456.07263028,2.47057796,,5.0,4457.40985324,4530.6061959,STOP_LOSS,-54.97150526,,5.53202317,5.50453741,-66.00806584,LOSS,100.0,,,,,5100.77110927
15a8c100043a6b065019,v0.1.0,reports\backtest_v0.1.0\trade_journal.csv,ETHUSDT,2025-09-05 13:45:00+00:00,2025-09-05 14:00:00+00:00,4444.13284,4406.57561137,1.40769723,,5.0,4407.89798076,4534.7199881,STOP_LOSS,-52.86920671,,3.12799674,3.10156214,-59.0987656,LOSS,100.0,,,,,5041.67234367
6ead46cfaa2803733049,v0.1.0,reports\backtest_v0.1.0\trade_journal.csv,ETHUSDT,2025-09-08 13:15:00+00:00,2025-09-08 13:45:00+00:00,4341.261988,4317.85357197,2.27999245,,5.0,4319.14931677,4396.54366607,STOP_LOSS,-53.3710118,,4.94902228,4.92233677,-63.24237085,LOSS,100.0,,,,,4978.42997282
f91ec163b6732cb3676f,v0.1.0,reports\backtest_v0.1.0\trade_journal.csv,ETHUSDT,2025-09-08 14:30:00+00:00,2025-09-08 17:45:00+00:00,4344.90308,4317.25883706,1.88944213,,5.0,4318.55440338,4410.77477155,STOP_LOSS,-52.23219726,,4.10472147,4.07860537,-60.4155241,LOSS,100.0,,,,,4918.01444872
7bc77045f969b79f6bdc,v0.1.0,reports\backtest_v0.1.0\trade_journal.csv,ETHUSDT,2025-09-10 08:15:00+00:00,2025-09-10 09:00:00+00:00,4329.948595,4312.32103596,3.01100323,,5.0,4313.6151205,4370.78228125,STOP_LOSS,-53.07663719,,6.5187446,6.49220628,-66.08758808,LOSS,100.0,,,,,4851.92686064
ea330140e98118c41b92,v0.1.0,reports\backtest_v0.1.0\trade_journal.csv,ETHUSDT,2025-09-12 16:30:00+00:00,2025-09-12 17:45:00+00:00,4560.637781,4626.55852673,1.80210577,,5.0,4533.71412908,4627.9469108,TAKE_PROFIT,118.79615624,,4.10937583,4.16877391,110.5180065,WIN,100.0,,,,,4962.44486714
0bbd3e62e8c2b6ec3d3d,v0.1.0,reports\backtest_v0.1.0\trade_journal.csv,ETHUSDT,2025-09-18 14:30:00+00:00,2025-09-18 23:00:00+00:00,4601.470027,4575.03262178,1.97987118,,5.0,4576.40554344,4664.13123591,STOP_LOSS,-52.34265668,,4.55515895,4.52898762,-61.42680324,LOSS,100.0,,,,,4901.0180639
9f61d8c1cb96fc5775d9,v0.1.0,reports\backtest_v0.1.0\trade_journal.csv,ETHUSDT,2025-09-19 01:30:00+00:00,2025-09-19 02:30:00+00:00,4607.201746,4587.78007227,2.71600885,,5.0,4589.15681932,4652.3140627,STOP_LOSS,-52.74943772,,6.25660036,6.23022564,-65.23626372,LOSS,100.0,,,,,4835.78180018
028d50661b9c7c036bca,v0.1.0,reports\backtest_v0.1.0\trade_journal.csv,ETHUSDT,2025-09-28 00:30:00+00:00,2025-09-28 01:00:00+00:00,4026.377551,4009.901231,3.16623152,,5.0,4011.10456237,4064.56002258,STOP_LOSS,-52.16784371,,6.37422176,6.34813783,-64.89020331,LOSS,100.0,,,,,4770.89159688
951193b3b21331f0d5ba,v0.1.0,reports\backtest_v0.1.0\trade_journal.csv,ETHUSDT,2025-09-29 08:45:00+00:00,2025-09-29 11:00:00+00:00,4123.53669,4105.020475,2.7602395,,5.0,4106.25235071,4166.74753823,STOP_LOSS,-51.10918802,,5.69097443,5.66541983,-62.46558228,LOSS,100.0,,,,,4708.4260146
86cdd12ee4640b36fbc4,v0.1.0,reports\backtest_v0.1.0\trade_journal.csv,ETHUSDT,2025-10-02 13:15:00+00:00,2025-10-02 14:45:00+00:00,4395.11814,4374.20381228,2.40205317,,5.0,4375.51646722,4444.12232194,STOP_LOSS,-50.2373272,,5.27865373,5.25353507,-60.769516,LOSS,100.0,,,,,4647.6564986
f42c53143957611a83bf,v0.1.0,reports\backtest_v0.1.0\trade_journal.csv,ETHUSDT,2025-10-03 03:45:00+00:00,2025-10-03 05:45:00+00:00,4501.940177,4470.9114468,1.56554991,,5.0,4472.25312274,4576.15781266,STOP_LOSS,-48.57702577,,3.52400602,3.49971751,-55.60074929,LOSS,100.0,,,,,4592.05574931
8b14e34be9333e51a1ef,v0.1.0,reports\backtest_v0.1.0\trade_journal.csv,ETHUSDT,2025-10-03 15:30:00+00:00,2025-10-03 16:30:00+00:00,4502.720411,4578.51577019,1.48765578,,5.0,4471.85268056,4579.88973711,TAKE_PROFIT,112.75740419,,3.34924902,3.40562772,106.00252745,WIN,100.0,,,,,4698.05827676
6b5a992e494deeee2002,v0.1.0,reports\backtest_v0.1.0\trade_journal.csv,ETHUSDT,2025-10-03 16:45:00+00:00,2025-10-03 17:00:00+00:00,4526.777626,4483.83891473,1.12952676,,5.0,4485.18447007,4630.76051583,STOP_LOSS,-48.50042342,,2.55655823,2.53230802,-53.58928967,LOSS,100.0,,,,,4644.46898708
7c578e96a1be53eb86c1,v0.1.0,reports\backtest_v0.1.0\trade_journal.csv,ETHUSDT,2025-10-03 17:00:00+00:00,2025-10-03 17:45:00+00:00,4521.786129,4475.30341886,1.02890966,,5.0,4476.64641278,4634.63541955,STOP_LOSS,-47.82650949,,2.32625471,2.30234146,-52.45510566,LOSS,100.0,,,,,4592.01388142
526880a2b325a4d415d2,v0.1.0,reports\backtest_v0.1.0\trade_journal.csv,ETHUSDT,2025-10-06 03:45:00+00:00,2025-10-06 05:00:00+00:00,4538.441124,4513.81076544,1.97286972,,5.0,4515.16531503,4596.63064644,STOP_LOSS,-48.5924886,,4.47687653,4.45258029,-57.52194543,LOSS,100.0,,,,,4534.49193599
aee79b2372e4b6ffa702,v0.1.0,reports\backtest_v0.1.0\trade_journal.csv,ETHUSDT,2025-10-06 11:30:00+00:00,2025-10-06 13:45:00+00:00,4578.763217,4633.17977105,2.03133031,,5.0,4556.44044696,4634.57014209,TAKE_PROFIT,110.5379956,,4.65049025,4.70575925,101.1817461,WIN,100.0,,,,,4635.67368209
b0e44dea3e1383e8326c,v0.1.0,reports\backtest_v0.1.0\trade_journal.csv,ETHUSDT,2025-10-15 09:15:00+00:00,2025-10-15 10:15:00+00:00,4154.74605,4117.35669728,1.28221014,,5.0,4118.59227496,4245.13048759,STOP_LOSS,-47.94100719,,2.66362876,2.63965825,-53.2442942,LOSS,100.0,,,,,4582.42938789
bd6cdc08e984af1f29f6,v0.1.0,reports\backtest_v0.1.0\trade_journal.csv,ETHUSDT,2025-10-19 05:45:00+00:00,2025-10-19 06:30:00+00:00,3898.379163,3881.74031458,2.96137795,,5.0,3882.90518614,3937.06410516,STOP_LOSS,-49.27391881,,5.77228705,5.74765009,-60.79385595,LOSS,100.0,,,,,4521.63553194
c8be84dda99ae1581d52,v0.1.0,reports\backtest_v0.1.0\trade_journal.csv,ETHUSDT,2025-10-21 17:00:00+00:00,2025-10-21 20:15:00+00:00,4015.60432,3962.31378453,0.86785157,,5.0,3963.50283538,4145.85803156,STOP_LOSS,-46.24827487,,1.74247426,1.71935012,-49.71009925,LOSS,100.0,,,,,4471.92543269
e22477bc2be336b6da06,v0.1.0,reports\backtest_v0.1.0\trade_journal.csv,ETHUSDT,2025-10-24 07:30:00+00:00,2025-10-24 11:30:00+00:00,3950.104676,3926.16863369,1.96500449,,5.0,3927.34683774,4006.99927166,STOP_LOSS,-47.03443061,,3.88098671,3.8574695,-54.77288682,LOSS,100.0,,,,,4417.15254587
a106c36c0e082fb1284b,v0.1.0,reports\backtest_v0.1.0\trade_journal.csv,ETHUSDT,2025-10-24 12:45:00+00:00,2025-10-24 13:30:00+00:00,3965.159191,3935.60470966,1.55679102,,5.0,3936.78574538,4036.09280506,STOP_LOSS,-46.01015116,,3.08646211,3.06345704,-52.1600703,LOSS,100.0,,,,,4364.99247557
434b909ff854476e7b96,v0.1.0,reports\backtest_v0.1.0\trade_journal.csv,ETHUSDT,2025-10-25 07:30:00+00:00,2025-10-25 10:00:00+00:00,3931.969237,3933.31965,3.04812583,,5.0,3917.64898673,3967.76986268,EMA20_EXIT,4.11622875,,5.9925685,5.99462661,-7.87096636,LOSS,100.0,,,,,4357.1215092
b99a06d6328806246e5f,v0.1.0,reports\backtest_v0.1.0\trade_journal.csv,ETHUSDT,2025-11-01 15:30:00+00:00,2025-11-01 17:15:00+00:00,3885.76538,3869.25538919,2.83872538,,5.0,3870.41651414,3924.13754464,STOP_LOSS,-46.86732995,,5.5153104,5.49187674,-57.87451709,LOSS,100.0,,,,,4299.24699212
e806ed490d614d1934a2,v0.1.0,reports\backtest_v0.1.0\trade_journal.csv,ETHUSDT,2025-11-02 07:00:00+00:00,2025-11-02 09:30:00+00:00,3896.76868,3883.13718668,3.30985543,,5.0,3884.30247742,3927.93418645,STOP_LOSS,-45.11827219,,6.44887049,6.42631135,-57.99345403,LOSS,100.0,,,,,4241.25353808
cd8b05cacf42bc56dbbc,v0.1.0,reports\backtest_v0.1.0\trade_journal.csv,ETHUSDT,2025-11-10 00:00:00+00:00,2025-11-10 00:45:00+00:00,3580.993976,3650.17280124,1.50882301,,5.0,3552.88429372,3651.26818169,TAKE_PROFIT,104.37860332,,2.70154305,2.75373236,98.92332791,WIN,100.0,,,,,4340.17686599
b351049b4fa63a91c929,v0.1.0,reports\backtest_v0.1.0\trade_journal.csv,ETHUSDT,2025-11-11 01:30:00+00:00,2025-11-11 02:00:00+00:00,3598.419202,3563.59932623,1.28596023,,5.0,3564.66872685,3682.79538989,STOP_LOSS,-44.77697545,,2.31371199,2.2913235,-49.38201095,LOSS,100.0,,,,,4290.79485504
d879d0a52f4dcc24cfbb,v0.1.0,reports\backtest_v0.1.0\trade_journal.csv,ETHUSDT,2025-11-11 02:00:00+00:00,2025-11-11 04:00:00+00:00,3589.906649,3589.682772,1.18436344,,5.0,3553.67794848,3680.47840029,EMA20_EXIT,-0.26515173,,2.12587709,2.12574452,-4.51677335,LOSS,100.0,,,,,4286.2780817
414851f86f9e90608ee4,v0.1.0,reports\backtest_v0.1.0\trade_journal.csv,ETHUSDT,2025-11-12 14:30:00+00:00,2025-11-12 14:45:00+00:00,3548.234151,3521.40276057,1.6629819,,5.0,3522.45949842,3612.67078245,STOP_LOSS,-44.62011664,,2.95032459,2.92801453,-50.49845575,LOSS,100.0,,,,,4235.77962595
6eb646d47a90fe777f60,v0.1.0,reports\backtest_v0.1.0\trade_journal.csv,ETHUSDT,2025-11-23 13:00:00+00:00,2025-11-23 16:45:00+00:00,2825.257323,2806.72388246,2.39429018,,5.0,2807.56615231,2869.48524973,STOP_LOSS,-44.37443468,,3.38224293,3.36005571,-51.11673332,LOSS,100.0,,,,,4184.66289263
11481b071b80a76d440b,v0.1.0,reports\backtest_v0.1.0\trade_journal.csv,ETHUSDT,2025-11-24 02:30:00+00:00,2025-11-24 04:15:00+00:00,2841.862303,2811.21367714,1.40401331,,5.0,2812.05729433,2916.37482466,STOP_LOSS,-43.03107864,,1.99500625,1.97349071,-46.9995756,LOSS,100.0,,,,,4137.66331703
a862bb709533a770a42b,v0.1.0,reports\backtest_v0.1.0\trade_journal.csv,ETHUSDT,2025-11-25 20:15:00+00:00,2025-11-26 02:45:00+00:00,2932.249411,2955.91296,1.33100639,,5.0,2901.16268343,3009.96622992,EMA20_EXIT,31.49633493,,1.95142135,1.96716952,27.57774406,WIN,100.0,,,,,4165.24106109
d4a981df94f90f25dfd2,v0.1.0,reports\backtest_v0.1.0\trade_journal.csv,ETHUSDT,2025-11-26 16:45:00+00:00,2025-11-26 17:30:00+00:00,2947.133875,3008.2547669,1.67889256,,5.0,2922.32441934,3009.15751415,TAKE_PROFIT,102.61541066,,2.47396057,2.52526827,97.61618182,WIN,100.0,,,,,4262.85724291
4cbb72b671d00feafa28,v0.1.0,reports\backtest_v0.1.0\trade_journal.csv,ETHUSDT,2025-11-27 02:45:00+00:00,2025-11-27 12:15:00+00:00,3038.371238,3013.08165883,1.74811984,,5.0,3013.98585459,3099.33469653,STOP_LOSS,-44.20921509,,2.65571852,2.63361391,-49.49854752,LOSS,100.0,,,,,4213.35869539
15e2dbff08abc5bc0697,v0.1.0,reports\backtest_v0.1.0\trade_journal.csv,ETHUSDT,2025-11-28 14:30:00+00:00,2025-11-28 16:00:00+00:00,3056.656722,3057.242552,1.67041093,,5.0,3031.43323581,3119.71543749,EMA20_EXIT,0.97857684,,2.5529364,2.55342569,-4.12778525,LOSS,100.0,,,,,4209.23091014
9224858aa98395ec0fe8,v0.1.0,reports\backtest_v0.1.0\trade_journal.csv,ETHUSDT,2025-11-30 14:30:00+00:00,2025-11-30 18:30:00+00:00,3029.858685,3030.0907,3.01321416,,5.0,3015.88944589,3064.78178278,EMA20_EXIT,0.69911088,,4.56480655,4.5651561,-8.43085176,LOSS,100.0,,,,,4200.80005837
c49152331a71be699841,v0.1.0,reports\backtest_v0.1.0\trade_journal.csv,ETHUSDT,2025-12-03 07:00:00+00:00,2025-12-03 14:00:00+00:00,3059.297514,3037.15092973,1.97822807,,5.0,3038.06234843,3112.38542791,STOP_LOSS,-43.81099467,,3.02599411,3.00408861,-49.84107739,LOSS,100.0,,,,,4150.95898099
cd7e6342b9b518489c7c,v0.1.0,reports\backtest_v0.1.0\trade_journal.csv,ETHUSDT,2025-12-08 01:45:00+00:00,2025-12-08 11:30:00+00:00,3099.179475,3142.986821,1.20088152,,5.0,3064.61354235,3185.59430663,EMA20_EXIT,52.60743225,,1.86087368,1.8871774,48.85938118,WIN,100.0,,,,,4199.81836216
680d3d242887f87b9167,v0.1.0,reports\backtest_v0.1.0\trade_journal.csv,ETHUSDT,2025-12-10 10:15:00+00:00,2025-12-10 11:30:00+00:00,3328.528259,3308.93150389,2.25750835,,5.0,3309.92448123,3375.03770342,STOP_LOSS,-44.2398383,,3.75709017,3.73497025,-51.73189872,LOSS,100.0,,,,,4148.08646344
7a1753f878d3974c6acb,v0.1.0,reports\backtest_v0.1.0\trade_journal.csv,ETHUSDT,2025-12-10 13:30:00+00:00,2025-12-10 14:45:00+00:00,3331.059018,3310.16559292,2.08445745,,5.0,3311.1589406,3380.8092115,STOP_LOSS,-43.55145557,,3.47172539,3.44994967,-50.47313063,LOSS,100.0,,,,,4097.61333282
267a572a7f3b801dc396,v0.1.0,reports\backtest_v0.1.0\trade_journal.csv,ETHUSDT,2025-12-10 16:00:00+00:00,2025-12-10 18:30:00+00:00,3343.812843,3402.8756138,1.70495366,,5.0,3319.77926707,3403.89678283,TAKE_PROFIT,100.69928724,,2.85052297,2.90087262,94.94789165,WIN,100.0,,,,,4192.56122446
2b209ade9c3dbb780935,v0.1.0,reports\backtest_v0.1.0\trade_journal.csv,ETHUSDT,2025-12-10 19:15:00+00:00,2025-12-10 21:00:00+00:00,3377.122833,3334.67349149,1.01150757,,5.0,3335.67419375,3480.74443113,STOP_LOSS,-42.93783028,,1.70799266,1.68652374,-46.33234667,LOSS,100.0,,,,,4146.22887779
488cd52a34d0a410eb19,v0.1.0,reports\backtest_v0.1.0\trade_journal.csv,ETHUSDT,2025-12-19 14:15:00+00:00,2025-12-19 15:15:00+00:00,2961.748258,3012.70228011,1.99883362,,5.0,2941.00501639,3013.60636202,TAKE_PROFIT,101.84861247,,2.960021,3.0109453,95.87764617,WIN,100.0,,,,,4242.10652396
287ce67d1150a909096d,v0.1.0,reports\backtest_v0.1.0\trade_journal.csv,ETHUSDT,2025-12-19 15:15:00+00:00,2025-12-19 17:15:00+00:00,2967.379947,2969.428904,1.30772508,,5.0,2934.94112181,3048.47700998,EMA20_EXIT,2.67947246,,1.94025859,1.94159833,-1.20238446,LOSS,100.0,,,,,4240.90413951
1cf90823c14381f2ec1a,v0.1.0,reports\backtest_v0.1.0\trade_journal.csv,ETHUSDT,2025-12-28 10:15:00+00:00,2025-12-28 15:15:00+00:00,2943.28272,2960.16434726,4.32262668,,5.0,2936.17474278,2961.05266306,TAKE_PROFIT,72.9729724,,6.36135621,6.39784269,60.2137735,WIN,100.0,,,,,4301.11791301
8658525ee92e3040ef1f,v0.1.0,reports\backtest_v0.1.0\trade_journal.csv,ETHUSDT,2025-12-30 15:45:00+00:00,2025-12-30 17:45:00+00:00,2990.666931,2969.07080102,2.07731878,,5.0,2969.96178956,3042.42978459,STOP_LOSS,-44.86204638,,3.10628429,3.08385327,-51.05218393,LOSS,100.0,,,,,4250.06572907
6312361ce9baaab3a0ba,v0.1.0,reports\backtest_v0.1.0\trade_journal.csv,ETHUSDT,2025-12-31 12:45:00+00:00,2025-12-31 14:00:00+00:00,2988.146175,3010.79662391,4.26692553,,5.0,2978.72459142,3011.70013395,TAKE_PROFIT,96.64777872,,6.3750986,6.42342249,83.84925763,WIN,100.0,,,,,4333.9149867
8c4335e1346b10b22704,v0.1.0,reports\backtest_v0.1.0\trade_journal.csv,ETHUSDT,2025-12-31 14:30:00+00:00,2025-12-31 14:45:00+00:00,2999.29952,2984.90582102,3.21079294,,5.0,2985.80156149,3033.04441627,STOP_LOSS,-46.21518706,,4.81506486,4.79195727,-55.82220919,LOSS,100.0,,,,,4278.09277751
ec4e5baa71a7d7f03315,v0.1.0,reports\backtest_v0.1.0\trade_journal.csv,ETHUSDT,2025-12-31 14:45:00+00:00,2025-12-31 15:00:00+00:00,2994.648125,2979.3463057,2.96930028,,5.0,2980.24037781,3030.66749297,STOP_LOSS,-45.43569634,,4.44600476,4.42328691,-54.30498801,LOSS,100.0,,,,,4223.7877895
682a8742a2ff3e113d34,v0.1.0,reports\backtest_v0.1.0\trade_journal.csv,ETHUSDT,2026-01-01 13:00:00+00:00,2026-01-01 13:15:00+00:00,2989.866691,2983.76822345,4.23810313,,5.0,2984.66362254,3002.87436216,STOP_LOSS,-25.8459344,,6.33568169,6.32275872,-38.50437481,LOSS,100.0,,,,,4185.28341469
2cccc1df8cb03ab047cd,v0.1.0,reports\backtest_v0.1.0\trade_journal.csv,ETHUSDT,2026-01-01 15:30:00+00:00,2026-01-01 16:15:00+00:00,2989.366541,2981.54283996,4.20017086,,5.0,2982.43757123,3006.68896542,STOP_LOSS,-32.86088113,,6.27792512,6.26149468,-45.40030093,LOSS,100.0,,,,,4139.88311376
3cebbbbaefd7411c8d82,v0.1.0,reports\backtest_v0.1.0\trade_journal.csv,ETHUSDT,2026-01-01 17:30:00+00:00,2026-01-02 02:00:00+00:00,2992.027339,2996.70072,4.15091439,,5.0,2983.35357754,3013.71174266,EMA20_EXIT,19.39880444,,6.20982467,6.21952407,6.9694557,WIN,100.0,,,,,4146.85256947
70fa166c20626b7bb83c,v0.1.0,reports\backtest_v0.1.0\trade_journal.csv,ETHUSDT,2026-01-02 11:15:00+00:00,2026-01-02 14:15:00+00:00,3048.294214,3032.00281196,2.69599516,,5.0,3032.91268577,3086.74803458,STOP_LOSS,-43.92154104,,4.10909322,4.08713245,-52.11776671,LOSS,100.0,,,,,4094.73480275
dcd2580a3c86e0091104,v0.1.0,reports\backtest_v0.1.0\trade_journal.csv,ETHUSDT,2026-01-04 23:00:00+00:00,2026-01-05 00:45:00+00:00,3140.371829,3169.4451598,3.4095003,,5.0,3128.36204913,3170.39627868,TAKE_PROFIT,99.12553007,,5.35354935,5.40311211,88.36886861,WIN,100.0,,,,,4183.10367137
9cc5bd6fb625ca8d2bde,v0.1.0,reports\backtest_v0.1.0\trade_journal.csv,ETHUSDT,2026-01-05 16:15:00+00:00,2026-01-05 20:00:00+00:00,3181.844267,3241.67298875,1.71998331,,5.0,3157.52366081,3242.64578248,TAKE_PROFIT,102.90440286,,2.73635952,2.78781172,97.38023162,WIN,100.0,,,,,4280.48390299
27934ef8148d6561c31f,v0.1.0,reports\backtest_v0.1.0\trade_journal.csv,ETHUSDT,2026-01-06 15:30:00+00:00,2026-01-06 16:15:00+00:00,3272.051321,3246.56695101,1.74641579,,5.0,3247.54121337,3333.32659009,STOP_LOSS,-44.50630616,,2.85718105,2.83492789,-50.1984151,LOSS,100.0,,,,,4230.2854879
ea640383d0c0700685e4,v0.1.0,reports\backtest_v0.1.0\trade_journal.csv,ETHUSDT,2026-01-11 15:30:00+00:00,2026-01-11 16:30:00+00:00,3117.364929,3140.23122036,4.07102048,,5.0,3107.84147163,3141.17357243,TAKE_PROFIT,93.08914042,,6.34542823,6.39197281,80.35173938,WIN,100.0,,,,,4310.63722728
fe18207e18d397b44776,v0.1.0,reports\backtest_v0.1.0\trade_journal.csv,ETHUSDT,2026-01-12 01:00:00+00:00,2026-01-12 07:30:00+00:00,3128.888385,3141.827169,2.39207406,,5.0,3110.86788431,3173.93963674,EMA20_EXIT,30.95052957,,3.74226637,3.75774164,23.45052157,WIN,100.0,,,,,4334.08774884
00b52238b75f5d8c4fa9,v0.1.0,reports\backtest_v0.1.0\trade_journal.csv,ETHUSDT,2026-01-13 14:00:00+00:00,2026-01-13 15:45:00+00:00,3141.532177,3173.08416832,3.33348264,,5.0,3128.53049611,3174.03637923,TAKE_PROFIT,105.17801531,,5.23612149,5.2887105,94.65318333,WIN,100.0,,,,,4428.74093217
8c271b79def13f92d032,v0.1.0,reports\backtest_v0.1.0\trade_journal.csv,ETHUSDT,2026-01-14 15:30:00+00:00,2026-01-14 16:30:00+00:00,3336.990797,3392.89002143,1.94524924,,5.0,3314.22383824,3393.90819389,TAKE_PROFIT,108.73792384,,3.24563941,3.30000837,102.19227607,WIN,100.0,,,,,4530.93320824
025856eae9548d06791f,v0.1.0,reports\backtest_v0.1.0\trade_journal.csv,ETHUSDT,2026-01-14 17:30:00+00:00,2026-01-14 18:30:00+00:00,3353.065618,3324.30720348,1.63213216,,5.0,3325.30479492,3422.46767569,STOP_LOSS,-46.93753321,,2.73632311,2.71285435,-52.38671067,LOSS,100.0,,,,,4478.54649757
60afc94817a10a801781,v0.1.0,reports\backtest_v0.1.0\trade_journal.csv,ETHUSDT,2026-01-15 13:00:00+00:00,2026-01-15 14:30:00+00:00,3362.0083,3344.36855579,2.69205988,,5.0,3345.37216744,3403.59863139,STOP_LOSS,-47.48724768,,4.52536383,4.50162021,-56.51423172,LOSS,100.0,,,,,4422.03226585
600fdae81fdc03d15527,v0.1.0,reports\backtest_v0.1.0\trade_journal.csv,ETHUSDT,2026-01-18 09:00:00+00:00,2026-01-18 13:00:00+00:00,3317.665001,3318.994003,3.99862457,,5.0,3310.91989453,3334.52776718,EMA20_EXIT,5.31418005,,6.63304839,6.63570548,-7.95457383,LOSS,100.0,,,,,4414.07769203
a815dba1426c67a7ecf2,v0.1.0,reports\backtest_v0.1.0\trade_journal.csv,ETHUSDT,2026-01-18 13:45:00+00:00,2026-01-18 14:15:00+00:00,3326.917776,3345.30289785,3.98033073,,5.0,3319.16217044,3346.30678989,TAKE_PROFIT,73.17886549,,6.62111653,6.65770596,59.90004299,WIN,100.0,,,,,4473.97773502
711d774e8fd4706a2620,v0.1.0,reports\backtest_v0.1.0\trade_journal.csv,ETHUSDT,2026-01-18 14:30:00+00:00,2026-01-18 15:00:00+00:00,3332.129339,3321.01621532,4.02803488,,5.0,3322.01281917,3357.42063857,STOP_LOSS,-44.76404979,,6.7109666,6.68858458,-58.16360097,LOSS,100.0,,,,,4415.81413405
20565cc5f559244cf9ea,v0.1.0,reports\backtest_v0.1.0\trade_journal.csv,ETHUSDT,2026-01-18 19:45:00+00:00,2026-01-18 23:00:00+00:00,3347.563968,3334.25751542,3.58837879,,5.0,3335.25809285,3378.32865588,STOP_LOSS,-47.7485922,,6.00616377,5.98228947,-59.73704545,LOSS,100.0,,,,,4356.07708861
a7f6cabb648325b182c1,v0.1.0,reports\backtest_v0.1.0\trade_journal.csv,ETHUSDT,2026-01-27 17:00:00+00:00,2026-01-27 17:15:00+00:00,2960.797973,2934.47097133,1.71186405,,5.0,2935.3515768,3024.41396349,STOP_LOSS,-45.06824771,,2.5342418,2.51170768,-50.11419719,LOSS,100.0,,,,,4305.96289141
bd013ebe2ae436a181fa,v0.1.0,reports\backtest_v0.1.0\trade_journal.csv,ETHUSDT,2026-01-27 17:15:00+00:00,2026-01-27 17:30:00+00:00,2948.8844,2921.11329228,1.60105641,,5.0,2921.98988925,3016.12067689,STOP_LOSS,-44.46311002,,2.36066514,2.33843358,-49.16220874,LOSS,100.0,,,,,4256.80068267
f75dac41d40d3c5d14fc,v0.1.0,reports\backtest_v0.1.0\trade_journal.csv,ETHUSDT,2026-01-28 12:00:00+00:00,2026-01-28 14:45:00+00:00,3028.298217,3011.26918316,2.63981386,,5.0,3012.17283501,3068.61167198,STOP_LOSS,-44.95347955,,3.9970718,3.97459506,-52.92514642,LOSS,100.0,,,,,4203.87553625
7cd1b90e38ace9cefe9b,v0.1.0,reports\backtest_v0.1.0\trade_journal.csv,ETHUSDT,2026-01-28 20:15:00+00:00,2026-01-28 20:45:00+00:00,3032.919603,3007.49867299,1.71457921,,5.0,3008.40119335,3094.21562713,STOP_LOSS,-43.58619809,,2.60009045,2.57829735,-48.76458589,LOSS,100.0,,,,,4155.11095036
a0e6fd9ac36e9b4e641c,v0.1.0,reports\backtest_v0.1.0\trade_journal.csv,ETHUSDT,2026-02-07 04:30:00+00:00,2026-02-07 06:45:00+00:00,2081.154159,2053.75846142,1.55160805,,5.0,2054.37477385,2148.10262188,STOP_LOSS,-42.5073849,,1.61456777,1.59331408,-45.71526676,LOSS,100.0,,,,,4109.39568361
5d01590265d43956db00,v0.1.0,reports\backtest_v0.1.0\trade_journal.csv,ETHUSDT,2026-02-07 16:00:00+00:00,2026-02-07 22:45:00+00:00,2055.776548,2087.953426,1.14607025,,5.0,2019.92014498,2145.41755555,EMA20_EXIT,36.87696261,,1.17803217,1.19647065,34.50245979,WIN,100.0,,,,,4143.8981434
7a35efece3cf2a79550a,v0.1.0,reports\backtest_v0.1.0\trade_journal.csv,ETHUSDT,2026-02-08 13:00:00+00:00,2026-02-08 15:15:00+00:00,2126.13765,2104.83390494,2.00458447,,5.0,2105.4655446,2177.81791351,STOP_LOSS,-42.70515651,,2.13101126,2.10965868,-46.94582644,LOSS,100.0,,,,,4096.95231695
01d5ed627f834105534a,v0.1.0,reports\backtest_v0.1.0\trade_journal.csv,ETHUSDT,2026-02-21 10:00:00+00:00,2026-02-21 11:15:00+00:00,1972.561591,1987.45868404,6.23091163,,5.0,1966.36418717,1988.05510057,TAKE_PROFIT,92.82247028,,6.14542848,6.19183971,80.48520208,WIN,100.0,,,,,4177.43751903
1d331412820453822d96,v0.1.0,reports\backtest_v0.1.0\trade_journal.csv,ETHUSDT,2026-03-01 04:15:00+00:00,2026-03-01 08:45:00+00:00,2012.683624,1987.05731077,1.6689711,,5.0,1987.65360685,2075.25866688,STOP_LOSS,-42.76957618,,1.6795554,1.65817061,-46.1073022,LOSS,100.0,,,,,4131.33021684
9bfc07d4348d64f4d7ba,v0.1.0,reports\backtest_v0.1.0\trade_journal.csv,ETHUSDT,2026-03-01 14:30:00+00:00,2026-03-01 16:45:00+00:00,1999.239592,1978.4474977,2.04537682,,5.0,1979.04121006,2049.73554685,STOP_LOSS,-42.52766773,,2.04459916,2.02333533,-46.59560221,LOSS,100.0,,,,,4084.73461463
ec539a8d3c21bff44232,v0.1.0,reports\backtest_v0.1.0\trade_journal.csv,ETHUSDT,2026-03-04 11:30:00+00:00,2026-03-04 14:30:00+00:00,2054.626203,2107.60402834,1.90482748,,5.0,2033.18208449,2108.23649929,TAKE_PROFIT,100.91361754,,1.95685423,2.00731104,96.94945228,WIN,100.0,,,,,4181.6840669
85d556b9030224a631cc,v0.1.0,reports\backtest_v0.1.0\trade_journal.csv,ETHUSDT,2026-03-04 14:30:00+00:00,2026-03-04 15:15:00+00:00,2067.370025,2121.92703998,1.89409194,,5.0,2045.29251135,2122.56380912,TAKE_PROFIT,103.33600234,,1.95789445,2.00956245,99.36854544,WIN,100.0,,,,,4281.05261234
13182797fabf2a66d203,v0.1.0,reports\backtest_v0.1.0\trade_journal.csv,ETHUSDT,2026-03-09 14:00:00+00:00,2026-03-09 17:45:00+00:00,2014.594197,2016.334918,2.26473434,,5.0,1995.69108534,2061.85197615,EMA20_EXIT,3.94227063,,2.28126033,2.28323146,-0.62222117,LOSS,100.0,,,,,4280.43039117
8b5e3e193b818c7e5906,v0.1.0,reports\backtest_v0.1.0\trade_journal.csv,ETHUSDT,2026-03-09 19:30:00+00:00,2026-03-09 22:30:00+00:00,2032.249492,2010.24756098,2.0003249,,5.0,2010.85081622,2085.74618145,STOP_LOSS,-44.01101048,,2.03257963,2.01057413,-48.05416423,LOSS,100.0,,,,,4232.37622694
64f30348fb54a7184d52,v0.1.0,reports\backtest_v0.1.0\trade_journal.csv,ETHUSDT,2026-03-10 11:15:00+00:00,2026-03-10 12:30:00+00:00,2065.259392,2050.78118823,3.05304907,,5.0,2051.39660721,2099.91635399,STOP_LOSS,-44.20266656,,3.15266913,3.1305678,-50.48590349,LOSS,100.0,,,,,4181.89032344
1728d600a25c34b28ddd,v0.1.0,reports\backtest_v0.1.0\trade_journal.csv,ETHUSDT,2026-03-10 15:15:00+00:00,2026-03-10 18:15:00+00:00,2069.740736,2046.34995888,1.8360397,,5.0,2046.96404809,2126.68245577,STOP_LOSS,-42.94639541,,1.90006308,1.87858988,-46.72504838,LOSS,100.0,,,,,4135.16527506
02b881f7a4f9b91c5c48,v0.1.0,reports\backtest_v0.1.0\trade_journal.csv,ETHUSDT,2026-03-11 15:00:00+00:00,2026-03-11 21:00:00+00:00,2046.493764,2065.260236,1.86777258,,5.0,2024.35420951,2101.84265022,EMA20_EXIT,35.05150182,,1.91119247,1.92871822,31.21159114,WIN,100.0,,,,,4166.3768662
acf311cd69488cd67429,v0.1.0,reports\backtest_v0.1.0\trade_journal.csv,ETHUSDT,2026-03-12 11:45:00+00:00,2026-03-12 14:30:00+00:00,2063.448849,2049.42245857,3.10659836,,5.0,2050.03746981,2096.97729697,STOP_LOSS,-43.57436151,,3.20515341,3.18336622,-49.96288114,LOSS,100.0,,,,,4116.41398506
7796ae0909d8f35779ac,v0.1.0,reports\backtest_v0.1.0\trade_journal.csv,ETHUSDT,2026-03-12 15:30:00+00:00,2026-03-12 18:15:00+00:00,2074.742236,2051.99759034,1.86020142,,5.0,2052.61337435,2130.06439013,STOP_LOSS,-42.30962216,,1.92971923,1.90856442,-46.1479058,LOSS,100.0,,,,,4070.26607926
cd89ce10c2e90b5a56c2,v0.1.0,reports\backtest_v0.1.0\trade_journal.csv,ETHUSDT,2026-03-16 14:15:00+00:00,2026-03-16 14:30:00+00:00,2281.794333,2257.45395756,1.72010188,,5.0,2258.13139698,2340.95167304,STOP_LOSS,-41.86792555,,1.96245936,1.9415254,-45.77191031,LOSS,100.0,,,,,4024.49416895
63a2bdb11d9d7d5d6e7b,v0.1.0,reports\backtest_v0.1.0\trade_journal.csv,ETHUSDT,2026-03-16 15:15:00+00:00,2026-03-16 21:00:00+00:00,2292.327492,2355.95787446,1.56382419,,5.0,2266.59253923,2356.66487392,TAKE_PROFIT,99.50673131,,1.79239859,1.84215196,95.87218076,WIN,100.0,,,,,4120.36634971
6eea6270bd7df57f55af,v0.1.0,reports\backtest_v0.1.0\trade_journal.csv,ETHUSDT,2026-03-17 00:15:00+00:00,2026-03-17 03:30:00+00:00,2354.746212,2326.58976902,1.50059285,,5.0,2327.28795541,2423.39185348,STOP_LOSS,-42.25135701,,1.76675766,1.74563199,-45.76374666,LOSS,100.0,,,,,4074.60260304
a04581f1fc18d3c47ce5,v0.1.0,reports\backtest_v0.1.0\trade_journal.csv,ETHUSDT,2026-03-17 14:00:00+00:00,2026-03-17 15:30:00+00:00,2332.909663,2313.2444035,2.14779709,,5.0,2313.93858508,2380.33735781,STOP_LOSS,-42.23698712,,2.50530829,2.4841898,-47.22648521,LOSS,100.0,,,,,4027.37611783
f08c0dad28484af08868,v0.1.0,reports\backtest_v0.1.0\trade_journal.csv,ETHUSDT,2026-03-24 08:15:00+00:00,2026-03-24 13:00:00+00:00,2155.586482,2156.3529,2.83518423,,5.0,2141.38149286,2191.09895484,EMA20_EXIT,2.17293623,,3.0557424,3.05682887,-3.93963504,LOSS,100.0,,,,,4023.43648279
721f2fdb43784369e09b,v0.1.0,reports\backtest_v0.1.0\trade_journal.csv,ETHUSDT,2026-03-25 13:30:00+00:00,2026-03-25 14:45:00+00:00,2189.546667,2173.65563499,2.64026854,,5.0,2174.30792737,2227.64351608,STOP_LOSS,-41.95659188,,2.89049559,2.86951729,-47.71660477,LOSS,100.0,,,,,3975.71987803
7b3496bb06a83f37e453,v0.1.0,reports\backtest_v0.1.0\trade_journal.csv,ETHUSDT,2026-03-30 13:30:00+00:00,2026-03-30 14:15:00+00:00,2068.780448,2055.76132442,3.20565435,,5.0,2056.37823789,2099.78597328,STOP_LOSS,-41.73481014,,3.31589752,3.29503012,-48.34573778,LOSS,100.0,,,,,3927.37414025
fe7a08b2bcdb5c448670,v0.1.0,reports\backtest_v0.1.0\trade_journal.csv,ETHUSDT,2026-03-30 15:00:00+00:00,2026-03-30 17:15:00+00:00,2067.460052,2049.4291294,2.25504971,,5.0,2050.04414264,2110.99982539,STOP_LOSS,-40.66062679,,2.3311126,2.31078228,-45.30252166,LOSS,100.0,,,,,3882.07161858
2fc09d66074f0f29fb06,v0.1.0,reports\backtest_v0.1.0\trade_journal.csv,ETHUSDT,2026-03-31 14:30:00+00:00,2026-03-31 14:45:00+00:00,2069.300604,2050.50538427,2.13536661,,5.0,2051.12072049,2114.75031276,STOP_LOSS,-40.13468463,,2.20935771,2.18929037,-44.5333327,LOSS,100.0,,,,,3837.53828588
75e879ec780a67e0bb44,v0.1.0,reports\backtest_v0.1.0\trade_journal.csv,ETHUSDT,2026-03-31 17:45:00+00:00,2026-03-31 22:15:00+00:00,2093.988008,2096.330912,1.50157452,,5.0,2068.43124593,2157.87991317,EMA20_EXIT,3.51804495,,1.57213952,1.57389854,0.37200689,WIN,100.0,,,,,3837.91029277
ffe441b83f5666dd28b5,v0.1.0,reports\backtest_v0.1.0\trade_journal.csv,ETHUSDT,2026-04-01 07:45:00+00:00,2026-04-01 13:00:00+00:00,2131.6393,2115.95634153,2.55044864,,5.0,2116.59131893,2169.25925268,STOP_LOSS,-39.99858009,,2.71831828,2.69831899,-45.41521735,LOSS,100.0,,,,,3792.49507542
cc72deeb1dbb2bea1875,v0.1.0,reports\backtest_v0.1.0\trade_journal.csv,ETHUSDT,2026-04-01 17:15:00+00:00,2026-04-01 18:00:00+00:00,2142.402528,2123.50975518,2.07745014,,5.0,2124.14699928,2188.04134981,STOP_LOSS,-39.24879354,,2.22536722,2.20574282,-43.67990357,LOSS,100.0,,,,,3748.81517184
3fd389af5c4de5abb13a,v0.1.0,reports\backtest_v0.1.0\trade_journal.csv,ETHUSDT,2026-04-06 14:30:00+00:00,2026-04-06 17:00:00+00:00,2148.654403,2132.64103572,2.43851023,,5.0,2133.28102003,2187.08786043,STOP_LOSS,-39.04875992,,2.61975787,2.60023349,-44.26875128,LOSS,100.0,,,,,3704.54642056
01cc7d38321a3f845fe9,v0.1.0,reports\backtest_v0.1.0\trade_journal.csv,ETHUSDT,2026-04-08 13:15:00+00:00,2026-04-08 13:30:00+00:00,2261.308189,2246.77800756,2.67361498,,5.0,2247.45224323,2295.94805343,STOP_LOSS,-38.84811077,,3.02293372,3.00350967,-44.87455416,LOSS,100.0,,,,,3659.6718664
ac71ff36af421a46aead,v0.1.0,reports\backtest_v0.1.0\trade_journal.csv,ETHUSDT,2026-04-11 15:30:00+00:00,2026-04-11 16:30:00+00:00,2247.263977,2264.09242206,4.88550331,,5.0,2240.26082635,2264.77185362,TAKE_PROFIT,82.21542406,,5.4895078,5.53061551,71.19530075,WIN,100.0,,,,,3730.86716715
21ae586bfc1b39d9b9b8,v0.1.0,reports\backtest_v0.1.0\trade_journal.csv,ETHUSDT,2026-04-14 14:00:00+00:00,2026-04-14 14:30:00+00:00,2383.854942,2369.58914247,2.75245086,,5.0,2370.30023254,2417.74171566,STOP_LOSS,-39.26591218,,3.28072179,3.26108884,-45.80772281,LOSS,100.0,,,,,3685.05944434
177440aba632f54e8a96,v0.1.0,reports\backtest_v0.1.0\trade_journal.csv,ETHUSDT,2026-04-15 14:15:00+00:00,2026-04-15 15:30:00+00:00,2340.691997,2326.68103264,2.76806767,,5.0,2327.37924641,2373.97387347,STOP_LOSS,-38.78329748,,3.23959692,3.22020527,-45.24309967,LOSS,100.0,,,,,3639.81634466
e87b2809c719ca611c09,v0.1.0,reports\backtest_v0.1.0\trade_journal.csv,ETHUSDT,2026-04-15 15:30:00+00:00,2026-04-15 19:30:00+00:00,2333.429819,2372.71171663,2.27523078,,5.0,2317.4322491,2373.42374375,TAKE_PROFIT,89.37538258,,2.65454567,2.69923336,84.02160354,WIN,100.0,,,,,3723.8379482
84db3de60cecb26bc99c,v0.1.0,reports\backtest_v0.1.0\trade_journal.csv,ETHUSDT,2026-04-15 22:30:00+00:00,2026-04-15 23:15:00+00:00,2370.070808,2353.08406291,2.28728432,,5.0,2353.79019997,2410.77232806,STOP_LOSS,-38.85351569,,2.7105129,2.69108614,-44.25511473,LOSS,100.0,,,,,3679.58283347
bd230b3385517a540139,v0.1.0,reports\backtest_v0.1.0\trade_journal.csv,ETHUSDT,2026-04-17 10:00:00+00:00,2026-04-17 10:30:00+00:00,2354.296077,2338.99325574,2.52010467,,5.0,2339.69516429,2390.79835878,STOP_LOSS,-38.56471132,,2.96653627,2.94725391,-44.4785015,LOSS,100.0,,,,,3635.10433197
f43cd5dc0f00e79d5586,v0.1.0,reports\backtest_v0.1.0\trade_journal.csv,ETHUSDT,2026-04-26 23:45:00+00:00,2026-04-27 01:00:00+00:00,2370.150832,2401.42333124,2.84053398,,5.0,2357.35357503,2402.14397443,TAKE_PROFIT,88.83059672,,3.36624699,3.41066229,82.05368745,WIN,100.0,,,,,3717.15801942
1e244656a8e1d442b8b7,v0.1.0,reports\backtest_v0.1.0\trade_journal.csv,ETHUSDT,2026-04-29 10:30:00+00:00,2026-04-29 12:00:00+00:00,2332.709603,2321.46639914,3.52452345,,5.0,2322.16304805,2359.07599038,STOP_LOSS,-39.62693567,,4.11084485,4.09103138,-47.8288119,LOSS,100.0,,,,,3669.32920751
a44fd66915cdf5e231fc,v0.1.0,reports\backtest_v0.1.0\trade_journal.csv,ETHUSDT,2026-05-01 14:30:00+00:00,2026-05-01 20:30:00+00:00,2306.941875,2294.10470331,3.02033881,,5.0,2294.79314125,2337.31370937,STOP_LOSS,-38.77260787,,3.48387304,3.46448673,-45.72096765,LOSS,100.0,,,,,3623.60823987
7f7c1459f20d30d79fb5,v0.1.0,reports\backtest_v0.1.0\trade_journal.csv,ETHUSDT,2026-05-02 13:45:00+00:00,2026-05-02 18:00:00+00:00,2308.772424,2303.86261621,4.7084869,,5.0,2304.5539824,2319.31852799,STOP_LOSS,-23.11776568,,5.43541236,5.42385347,-33.97703151,LOSS,100.0,,,,,3589.63120835
270051fce6fe42da7d66,v0.1.0,reports\backtest_v0.1.0\trade_journal.csv,ETHUSDT,2026-05-02 22:15:00+00:00,2026-05-03 00:00:00+00:00,2319.235562,2311.64836582,4.64329446,,5.0,2312.34206844,2336.4692959,STOP_LOSS,-35.22958599,,5.38444682,5.36683203,-45.98086484,LOSS,100.0,,,,,3543.65034352
c664ab80eb5333d2bf46,v0.1.0,reports\backtest_v0.1.0\trade_journal.csv,ETHUSDT,2026-05-03 11:00:00+00:00,2026-05-03 12:00:00+00:00,2315.214356,2329.35499396,4.5917783,,5.0,2309.27849434,2330.05401016,TAKE_PROFIT,64.93067452,,5.31547552,5.34794086,54.26725814,WIN,100.0,,,,,3597.91760166
fe45af813aebede26907,v0.1.0,reports\backtest_v0.1.0\trade_journal.csv,ETHUSDT,2026-05-03 22:15:00+00:00,2026-05-03 23:15:00+00:00,2339.361598,2325.38888845,2.71031952,,5.0,2326.08671446,2372.54880684,STOP_LOSS,-37.87050745,,3.1702087,3.15127345,-44.1919896,LOSS,100.0,,,,,3553.72561206
0d87111174a30e375fcb,v0.1.0,reports\backtest_v0.1.0\trade_journal.csv,ETHUSDT,2026-05-04 17:00:00+00:00,2026-05-05 06:15:00+00:00,2364.40911,2370.48864,1.77839417,,5.0,2344.42633188,2414.36605529,EMA20_EXIT,10.81180071,,2.10242569,2.10783159,6.60154343,WIN,100.0,,,,,3560.32715549
10f451a4069be35a7057,v0.1.0,reports\backtest_v0.1.0\trade_journal.csv,ETHUSDT,2026-05-05 15:15:00+00:00,2026-05-05 16:30:00+00:00,2385.755512,2371.76329937,2.68087434,,5.0,2372.47504188,2418.9566873,STOP_LOSS,-37.51136381,,3.19795537,3.17919968,-43.88851886,LOSS,100.0,,,,,3516.43863663
29d14268dde19d77976f,v0.1.0,reports\backtest_v0.1.0\trade_journal.csv,ETHUSDT,2026-05-06 12:00:00+00:00,2026-05-06 13:00:00+00:00,2403.730903,2390.80406338,2.88011162,,5.0,2391.52151984,2434.2543609,STOP_LOSS,-37.23074099,,3.46150665,3.44289128,-44.13513892,LOSS,100.0,,,,,3472.30349771
02b83128fcdd2708abc6,v0.1.0,reports\backtest_v0.1.0\trade_journal.csv,ETHUSDT,2026-05-09 16:15:00+00:00,2026-05-09 18:15:00+00:00,2320.59597,2336.74163741,4.4888945,,5.0,2313.85720989,2337.44287027,TAKE_PROFIT,72.47619763,,5.20845524,5.24469334,62.02304905,WIN,100.0,,,,,3534.32654675
bc024bdb0f48723828e4,v0.1.0,reports\backtest_v0.1.0\trade_journal.csv,ETHUSDT,2026-05-10 04:00:00+00:00,2026-05-10 09:45:00+00:00,2328.068211,2327.521534,4.55441107,,5.0,2322.33000723,2342.41372042,EMA20_EXIT,-2.48979178,,5.30148982,5.30024492,-13.09152652,LOSS,100.0,,,,,3521.23502024
bf39ed6a482c48a240da,v0.1.0,reports\backtest_v0.1.0\trade_journal.csv,ETHUSDT,2026-05-10 13:45:00+00:00,2026-05-10 15:30:00+00:00,2330.49894,2341.6784966,4.53280835,,5.0,2325.74603162,2342.38121096,TAKE_PROFIT,50.67478749,,5.28185253,5.30718992,40.08574504,WIN,100.0,,,,,3561.32076528
2421553d415235639e92,v0.1.0,reports\backtest_v0.1.0\trade_journal.csv,ETHUSDT,2026-05-25 15:15:00+00:00,2026-05-25 18:45:00+00:00,2125.677512,2126.211945,4.59140343,,5.0,2117.92101485,2145.06875487,EMA20_EXIT,2.45379751,,4.87992151,4.88114841,-7.30727241,LOSS,100.0,,,,,3554.01349287
393a37035c14923bbe2f,v0.1.0,reports\backtest_v0.1.0\trade_journal.csv,ETHUSDT,2026-05-26 12:00:00+00:00,2026-05-26 14:30:00+00:00,2118.385325,2107.60366648,3.50177138,,5.0,2108.23613732,2143.75829421,STOP_LOSS,-37.75490324,,3.70905055,3.6901731,-45.15412689,LOSS,100.0,,,,,3508.85936598
6519de0a299b1cbcb8f2,v0.1.0,reports\backtest_v0.1.0\trade_journal.csv,ETHUSDT,2026-05-30 15:45:00+00:00,2026-05-30 17:30:00+00:00,2027.217983,2021.23984746,5.19262269,,5.0,2021.84640138,2040.64693705,STOP_LOSS,-31.04220225,,5.26328905,5.24776795,-41.55325925,LOSS,100.0,,,,,3467.30610674
9864fe2759700623a707,v0.1.0,reports\backtest_v0.1.0\trade_journal.csv,ETHUSDT,2026-05-31 02:15:00+00:00,2026-05-31 05:30:00+00:00,2028.558385,2029.950832,5.12773919,,5.0,2022.68424527,2043.24373433,EMA20_EXIT,7.14010505,,5.20095916,5.20452922,-3.26538333,LOSS,100.0,,,,,3464.0407234
f5364fd0cdea7ae3e0bc,v0.1.0,reports\backtest_v0.1.0\trade_journal.csv,ETHUSDT,2026-06-08 13:30:00+00:00,2026-06-08 17:15:00+00:00,1683.454885,1686.163999,2.16184067,,5.0,1667.43131412,1723.51381219,EMA20_EXIT,5.85667282,,1.81968062,1.82260895,2.21438325,WIN,100.0,,,,,3466.25510666
96889a4577a0ddc7156b,v0.1.0,reports\backtest_v0.1.0\trade_journal.csv,ETHUSDT,2026-06-11 12:00:00+00:00,2026-06-11 12:15:00+00:00,1661.868411,1653.13927792,4.21017518,,5.0,1653.63536853,1682.45101716,STOP_LOSS,-36.75117944,,3.49837857,3.48000298,-43.72956099,LOSS,100.0,,,,,3422.52554567
f84b5cff4c6acb61c959,v0.1.0,reports\backtest_v0.1.0\trade_journal.csv,ETHUSDT,2026-06-12 15:15:00+00:00,2026-06-12 15:30:00+00:00,1683.044762,1670.92439203,2.94564297,,5.0,1671.42581978,1712.09211754,STOP_LOSS,-35.70228258,,2.47882449,2.46097334,-40.64208041,LOSS,100.0,,,,,3381.88346526
351d0542795ecf26f8fa,v0.1.0,reports\backtest_v0.1.0\trade_journal.csv,ETHUSDT,2026-06-13 13:45:00+00:00,2026-06-13 16:15:00+00:00,1678.523406,1673.84567515,6.04439018,,5.0,1674.34797954,1688.96197215,STOP_LOSS,-28.27403044,,5.0728252,5.05868818,-38.40554381,LOSS,100.0,,,,,3343.47792144
276bbdb78746943955c7,v0.1.0,reports\backtest_v0.1.0\trade_journal.csv,ETHUSDT,2026-06-13 22:00:00+00:00,2026-06-14 04:30:00+00:00,1684.00505,1677.23592974,5.33607637,,5.0,1677.73925152,1699.66954621,STOP_LOSS,-36.12054264,,4.49298978,4.47492951,-45.08846192,LOSS,100.0,,,,,3298.38945952
c7d9adec741d447b956e,v0.1.0,reports\backtest_v0.1.0\trade_journal.csv,ETHUSDT,2026-06-15 10:15:00+00:00,2026-06-15 10:45:00+00:00,1725.157392,1742.79591957,4.54035355,,5.0,1717.8927827,1743.31891524,TAKE_PROFIT,80.08515125,,3.91641224,3.95645482,72.21228418,WIN,100.0,,,,,3370.6017437
89d3867a4e9b06eb002a,v0.1.0,reports\backtest_v0.1.0\trade_journal.csv,ETHUSDT,2026-06-16 13:00:00+00:00,2026-06-16 14:15:00+00:00,1803.330837,1787.45218557,2.19694026,,5.0,1787.98858214,1841.68647415,STOP_LOSS,-34.88444861,,1.98090506,1.96346283,-38.8288165,LOSS,100.0,,,,,3331.7729272
778aa3bd8ef9774f9f11,v0.1.0,reports\backtest_v0.1.0\trade_journal.csv,ETHUSDT,2026-06-22 03:00:00+00:00,2026-06-22 11:30:00+00:00,1732.129483,1763.30009869,2.6276007,,5.0,1719.44957722,1763.82924746,TAKE_PROFIT,81.9039316,,2.27567232,2.31662429,77.31163499,WIN,100.0,,,,,3409.08456218
901fa2ad429cd6370f14,v0.1.0,reports\backtest_v0.1.0\trade_journal.csv,ETHUSDT,2026-07-03 01:15:00+00:00,2026-07-03 02:30:00+00:00,1709.192604,1698.28848868,3.27970799,,5.0,1698.79812812,1735.1787937,STOP_LOSS,-35.76231413,,2.80282632,2.78494516,-41.35008562,LOSS,100.0,,,,,3367.73447657
99c00336b05a89656ef1,v0.1.0,reports\backtest_v0.1.0\trade_journal.csv,ETHUSDT,2026-07-03 08:45:00+00:00,2026-07-03 10:30:00+00:00,1720.405967,1746.59474811,3.15178468,,5.0,1709.72080029,1747.11888378,TAKE_PROFIT,82.54139911,,2.71117459,2.75244528,77.07777924,WIN,100.0,,,,,3444.8122558
0d61af0f574b08e6c8ec,v0.1.0,reports\backtest_v0.1.0\trade_journal.csv,ETHUSDT,2026-07-04 13:30:00+00:00,2026-07-04 15:00:00+00:00,1764.259119,1780.45030598,5.1490477,,5.0,1757.56892606,1780.98460136,TAKE_PROFIT,83.36919408,,4.54212718,4.58381178,74.24325512,WIN,100.0,,,,,3519.05551093
dd6d2dfa8e1b88337e9f,v0.1.0,reports\backtest_v0.1.0\trade_journal.csv,ETHUSDT,2026-07-04 17:00:00+00:00,2026-07-04 17:45:00+00:00,1780.804081,1804.75954975,3.59130406,,5.0,1771.00525736,1805.30114009,TAKE_PROFIT,86.03137217,,3.19770446,3.24072015,79.59294756,WIN,100.0,,,,,3598.64845849
59d919185e9540a75459,v0.1.0,reports\backtest_v0.1.0\trade_journal.csv,ETHUSDT,2026-07-05 16:45:00+00:00,2026-07-05 20:15:00+00:00,1773.5319,1776.946756,5.16853814,,5.0,1766.56929595,1790.93841013,EMA20_EXIT,17.64981348,,4.58328363,4.59210854,8.4744213,WIN,100.0,,,,,3607.12287979
10e41c9146a3ad69d1a7,v0.1.0,reports\backtest_v0.1.0\trade_journal.csv,ETHUSDT,2026-07-05 22:30:00+00:00,2026-07-06 00:15:00+00:00,1790.256916,1778.7911373,3.29960581,,5.0,1779.32493478,1817.58686905,STOP_LOSS,-37.83255002,,2.95357106,2.93465479,-43.72077586,LOSS,100.0,,,,,3563.40210393
13cce6bd0f7bfd2294b1,v0.1.0,reports\backtest_v0.1.0\trade_journal.csv,SOLUSDT,2025-07-13 18:15:00+00:00,2025-07-13 20:00:00+00:00,163.138927,162.09588443,50.28161678,,5.0,162.14452779,165.62492503,STOP_LOSS,-52.44586671,,4.1014445,4.07522157,-60.62253278,LOSS,100.0,,,,,4939.37746722
9c14329fa31512d35e6d,v0.1.0,reports\backtest_v0.1.0\trade_journal.csv,SOLUSDT,2025-07-14 13:45:00+00:00,2025-07-14 14:15:00+00:00,167.980379,166.65229822,38.64715641,,5.0,166.70230891,171.17555423,STOP_LOSS,-51.32654573,,3.24598199,3.22031872,-57.79284644,LOSS,100.0,,,,,4881.58462078
b34cbf42deb20a6a6c48,v0.1.0,reports\backtest_v0.1.0\trade_journal.csv,SOLUSDT,2025-07-16 15:15:00+00:00,2025-07-16 15:30:00+00:00,167.370196,166.15234467,41.79472273,,5.0,166.20220533,170.29017266,STOP_LOSS,-50.89975873,,3.49759547,3.47214559,-57.86949979,LOSS,100.0,,,,,4823.71512099
5186bd286d643e1e2065,v0.1.0,reports\backtest_v0.1.0\trade_journal.csv,SOLUSDT,2025-07-17 13:00:00+00:00,2025-07-17 13:30:00+00:00,175.762713,173.8083883,25.35905779,,5.0,173.86054646,180.51812935,STOP_LOSS,-49.55983311,,2.2285884,2.20380848,-53.99222999,LOSS,100.0,,,,,4769.722891
49ea4ab242528e6ee1ec,v0.1.0,reports\backtest_v0.1.0\trade_journal.csv,SOLUSDT,2025-07-17 21:30:00+00:00,2025-07-18 01:00:00+00:00,175.782719,180.56249029,24.66780117,,5.0,173.84913649,180.61667529,TAKE_PROFIT,117.90644776,,2.16808658,2.2270398,113.51132137,WIN,100.0,,,,,4883.23421237
b2c6ed15de6f39ccc1d7,v0.1.0,reports\backtest_v0.1.0\trade_journal.csv,SOLUSDT,2025-07-20 19:45:00+00:00,2025-07-20 22:00:00+00:00,182.044597,180.43961501,31.48779723,,5.0,180.49376314,185.92168164,STOP_LOSS,-50.53734743,,2.86609168,2.840823,-56.24426211,LOSS,100.0,,,,,4826.98995026
92a94eed1b3e98b111fc,v0.1.0,reports\backtest_v0.1.0\trade_journal.csv,SOLUSDT,2025-07-21 16:15:00+00:00,2025-07-21 23:45:00+00:00,195.288569,195.661284,19.51780044,,5.0,192.81544711,201.47137372,EMA20_EXIT,7.27457699,,1.90580166,1.90943895,3.45933638,WIN,100.0,,,,,4830.44928665
d897c7b9d1b595ba1919,v0.1.0,reports\backtest_v0.1.0\trade_journal.csv,SOLUSDT,2025-07-22 00:30:00+00:00,2025-07-22 01:00:00+00:00,197.0591,194.88909798,22.8766691,,5.0,194.94758225,202.33789439,STOP_LOSS,-49.64241826,,2.25402791,2.2292067,-54.12565288,LOSS,100.0,,,,,4776.32363377
1ecdecd7855c2523bb94,v0.1.0,reports\backtest_v0.1.0\trade_journal.csv,SOLUSDT,2025-07-22 13:15:00+00:00,2025-07-22 13:45:00+00:00,201.630471,198.90317309,17.90488615,,5.0,198.96286195,208.29949362,STOP_LOSS,-48.83195855,,1.80508531,1.78066933,-52.4177132,LOSS,100.0,,,,,4723.90592057
ba0596395dd109b48cb5,v0.1.0,reports\backtest_v0.1.0\trade_journal.csv,SOLUSDT,2025-07-23 00:00:00+00:00,2025-07-23 02:30:00+00:00,204.311275,201.99025814,20.89852494,,5.0,202.0508734,209.96227899,STOP_LOSS,-48.50582878,,2.13490214,2.11064922,-52.75138014,LOSS,100.0,,,,,4671.15454043
2012deccc19a8fcef6c3,v0.1.0,reports\backtest_v0.1.0\trade_journal.csv,SOLUSDT,2025-07-27 10:45:00+00:00,2025-07-27 12:00:00+00:00,187.716298,186.69726452,48.50590041,,5.0,186.75329051,190.12381672,STOP_LOSS,-49.42913636,,4.55267403,4.52795946,-58.50976985,LOSS,100.0,,,,,4612.64477059
a06bee16d460b6105894,v0.1.0,reports\backtest_v0.1.0\trade_journal.csv,SOLUSDT,2025-07-27 16:45:00+00:00,2025-07-27 17:15:00+00:00,187.716298,186.20902935,31.78089539,,5.0,186.26490882,191.34477095,STOP_LOSS,-47.90234737,,2.98289601,2.95894484,-53.84418823,LOSS,100.0,,,,,4558.80058236
0e87e9a897e8634ab970,v0.1.0,reports\backtest_v0.1.0\trade_journal.csv,SOLUSDT,2025-07-28 00:30:00+00:00,2025-07-28 01:30:00+00:00,189.546847,187.78335641,26.70433654,,5.0,187.83970832,193.8146937,STOP_LOSS,-47.09284627,,2.5308614,2.50731497,-52.13102264,LOSS,100.0,,,,,4506.66955972
22e5e1bcd52b7ac0289e,v0.1.0,reports\backtest_v0.1.0\trade_journal.csv,SOLUSDT,2025-07-28 12:30:00+00:00,2025-07-28 13:00:00+00:00,193.55805,192.11912599,32.62697635,,5.0,192.17677902,197.01122745,STOP_LOSS,-46.94773976,,3.15760696,3.13413309,-53.23947981,LOSS,100.0,,,,,4453.43007991
2c32b5e816cf129adba7,v0.1.0,reports\backtest_v0.1.0\trade_journal.csv,SOLUSDT,2025-08-08 00:45:00+00:00,2025-08-08 04:45:00+00:00,174.332284,174.327686,33.16073555,,5.0,172.9893011,177.68974126,EMA20_EXIT,-0.15247306,,2.89049338,2.89041715,-5.93338359,LOSS,100.0,,,,,4447.49669631
29383151db7cef4fa8f8,v0.1.0,reports\backtest_v0.1.0\trade_journal.csv,SOLUSDT,2025-08-08 08:15:00+00:00,2025-08-08 14:45:00+00:00,176.002785,176.457047,34.08819533,,5.0,174.69808211,179.26454222,EMA20_EXIT,15.48497179,,2.99980866,3.00755114,9.47761199,WIN,100.0,,,,,4456.9743083
465582ebe1db5f652811,v0.1.0,reports\backtest_v0.1.0\trade_journal.csv,SOLUSDT,2025-08-08 19:45:00+00:00,2025-08-08 23:30:00+00:00,178.523541,176.93540794,29.03497265,,5.0,176.98850449,182.36113226,STOP_LOSS,-46.1114,,2.59171307,2.56865737,-51.27177043,LOSS,100.0,,,,,4405.70253787
e5c344d018c0d0017f01,v0.1.0,reports\backtest_v0.1.0\trade_journal.csv,SOLUSDT,2025-08-09 11:30:00+00:00,2025-08-09 13:45:00+00:00,181.434414,180.19067308,37.03305787,,5.0,180.2447465,184.40858274,STOP_LOSS,-46.05952961,,3.35953558,3.33650581,-52.755571,LOSS,100.0,,,,,4352.94696687
a155b7735b8b96e46190,v0.1.0,reports\backtest_v0.1.0\trade_journal.csv,SOLUSDT,2025-08-10 01:00:00+00:00,2025-08-10 03:15:00+00:00,181.75451,185.1303188,31.7144016,,5.0,180.38196417,185.18587456,TAKE_PROFIT,107.06175593,,2.88211776,2.93564864,101.24398953,WIN,100.0,,,,,4454.1909564
b850b1d27aac45681138,v0.1.0,reports\backtest_v0.1.0\trade_journal.csv,SOLUSDT,2025-08-10 21:00:00+00:00,2025-08-11 00:00:00+00:00,183.134924,181.72671817,32.9045202,,5.0,181.78125255,186.51910263,STOP_LOSS,-46.33633704,,3.0129834,2.98981523,-52.33913568,LOSS,100.0,,,,,4401.85182072
f8c5f974e86dc55cf786,v0.1.0,reports\backtest_v0.1.0\trade_journal.csv,SOLUSDT,2025-08-11 05:15:00+00:00,2025-08-11 07:15:00+00:00,185.725701,184.26750714,31.37687056,,5.0,184.32280398,189.23294354,STOP_LOSS,-45.75356003,,2.91374564,2.89086886,-51.55817453,LOSS,100.0,,,,,4350.29364619
b0620f6e3a261e896c7d,v0.1.0,reports\backtest_v0.1.0\trade_journal.csv,SOLUSDT,2025-08-13 01:00:00+00:00,2025-08-13 02:30:00+00:00,192.147627,197.10374606,21.68525048,,5.0,190.14151983,197.16289493,TAKE_PROFIT,107.47468326,,2.08338471,2.13712205,103.2541765,WIN,100.0,,,,,4453.54782268
4ee8d0ed686eeeee23a5,v0.1.0,reports\backtest_v0.1.0\trade_journal.csv,SOLUSDT,2025-08-13 12:45:00+00:00,2025-08-13 14:15:00+00:00,201.200342,199.35812453,24.98635316,,5.0,199.41794991,205.65632222,STOP_LOSS,-46.03029643,,2.5136314,2.49061625,-51.03454408,LOSS,100.0,,,,,4402.5132786
5a6bf7c5092609e35be1,v0.1.0,reports\backtest_v0.1.0\trade_journal.csv,SOLUSDT,2025-08-13 22:45:00+00:00,2025-08-14 02:45:00+00:00,200.610165,205.90034381,20.56492925,,5.0,198.46937802,205.96213245,TAKE_PROFIT,108.79215295,,2.06276693,2.117163,104.61222303,WIN,100.0,,,,,4507.12550163
cba742f336fe6f2603bf,v0.1.0,reports\backtest_v0.1.0\trade_journal.csv,SOLUSDT,2025-08-17 16:00:00+00:00,2025-08-17 16:45:00+00:00,194.448317,193.17602128,37.11628742,,5.0,193.23399148,197.48413081,STOP_LOSS,-47.22289353,,3.60859981,3.58498836,-54.41648171,LOSS,100.0,,,,,4452.70901992
3ca59606f5d22d637deb,v0.1.0,reports\backtest_v0.1.0\trade_journal.csv,SOLUSDT,2025-08-23 00:00:00+00:00,2025-08-23 01:30:00+00:00,199.189739,197.16977836,22.70872745,,5.0,197.22894704,204.0917189,STOP_LOSS,-45.87073573,,2.26167275,2.23873738,-50.37114585,LOSS,100.0,,,,,4402.33787407
c26ee090f82c308442d0,v0.1.0,reports\backtest_v0.1.0\trade_journal.csv,SOLUSDT,2025-08-27 13:45:00+00:00,2025-08-27 17:30:00+00:00,204.501332,209.43479497,22.02793607,,5.0,202.5028071,209.49764426,TAKE_PROFIT,108.67400683,,2.25237113,2.30670814,104.11492756,WIN,100.0,,,,,4506.45280163
1b8eab31b1e9921d56fe,v0.1.0,reports\backtest_v0.1.0\trade_journal.csv,SOLUSDT,2025-08-28 06:00:00+00:00,2025-08-28 08:00:00+00:00,210.183036,215.91903395,19.42170977,,5.0,207.86271876,215.9838291,TAKE_PROFIT,111.40288745,,2.04105696,2.09675841,107.26507208,WIN,100.0,,,,,4613.71787372
8daa58e224e6697c2ec9,v0.1.0,reports\backtest_v0.1.0\trade_journal.csv,SOLUSDT,2025-08-28 22:00:00+00:00,2025-08-29 03:00:00+00:00,214.024188,214.555614,20.74900657,,5.0,211.80060305,219.58315038,EMA20_EXIT,11.02656157,,2.22039464,2.22590792,6.580259,WIN,100.0,,,,,4620.29813272
e0b7add6ec11cf44d39b,v0.1.0,reports\backtest_v0.1.0\trade_journal.csv,SOLUSDT,2025-08-29 04:45:00+00:00,2025-08-29 05:15:00+00:00,217.195139,214.62515647,18.44006631,,5.0,214.68956334,223.45907815,STOP_LOSS,-47.39064825,,2.00254638,1.97885106,-51.37204569,LOSS,100.0,,,,,4568.92608703
d629ee34709abdbd51d8,v0.1.0,reports\backtest_v0.1.0\trade_journal.csv,SOLUSDT,2025-09-02 17:30:00+00:00,2025-09-03 01:00:00+00:00,204.781416,207.83763,18.5958465,,5.0,202.32445547,210.92381733,EMA20_EXIT,56.83288642,,1.90404189,1.93245833,52.99638619,WIN,100.0,,,,,4621.92247322
ef4fe4aa71819722891b,v0.1.0,reports\backtest_v0.1.0\trade_journal.csv,SOLUSDT,2025-09-03 13:45:00+00:00,2025-09-03 16:30:00+00:00,211.683486,209.89004717,26.70932228,,5.0,209.95303308,216.0096183,STOP_LOSS,-47.9015357,,2.82696122,2.80301046,-53.53150738,LOSS,100.0,,,,,4568.39096584
06746585271d0711570e,v0.1.0,reports\backtest_v0.1.0\trade_journal.csv,SOLUSDT,2025-09-05 14:00:00+00:00,2025-09-05 14:15:00+00:00,207.902352,206.02809405,25.20587565,,5.0,206.08992103,212.43342943,STOP_LOSS,-47.24231273,,2.62018042,2.59655926,-52.45905241,LOSS,100.0,,,,,4515.93191344
349d86b1719788d6abbb,v0.1.0,reports\backtest_v0.1.0\trade_journal.csv,SOLUSDT,2025-09-07 16:15:00+00:00,2025-09-07 16:45:00+00:00,204.291269,203.3607522,51.93769349,,5.0,203.42177873,206.46499466,STOP_LOSS,-48.32889653,,5.30520866,5.28104421,-58.9151494,LOSS,100.0,,,,,4457.01676404
82918b5a6f293b74dbe7,v0.1.0,reports\backtest_v0.1.0\trade_journal.csv,SOLUSDT,2025-09-08 00:00:00+00:00,2025-09-08 05:30:00+00:00,206.091809,206.687975,37.45038946,,5.0,204.90169674,209.06708965,EMA20_EXIT,22.32664888,,3.85910926,3.87027258,14.59726705,WIN,100.0,,,,,4471.61403109
0549e4d721d6e20f6df9,v0.1.0,reports\backtest_v0.1.0\trade_journal.csv,SOLUSDT,2025-09-08 19:00:00+00:00,2025-09-08 20:45:00+00:00,216.124818,214.15799649,23.50320716,,5.0,214.22226317,220.88120508,STOP_LOSS,-46.22661337,,2.53981318,2.51669988,-51.28312643,LOSS,100.0,,,,,4420.33090465
b8142d53cadb12f7318d,v0.1.0,reports\backtest_v0.1.0\trade_journal.csv,SOLUSDT,2025-09-09 04:30:00+00:00,2025-09-09 06:30:00+00:00,215.104512,218.93299274,28.37780038,,5.0,213.54683986,218.99869235,TAKE_PROFIT,108.64386226,,3.05209645,3.10641838,102.48534743,WIN,100.0,,,,,4522.81625208
713dfa585e234c6b7248,v0.1.0,reports\backtest_v0.1.0\trade_journal.csv,SOLUSDT,2025-09-09 13:45:00+00:00,2025-09-09 14:00:00+00:00,218.095409,216.66790605,33.19539414,,5.0,216.73292593,221.50161668,STOP_LOSS,-47.38652299,,3.61988153,3.59618827,-54.60259279,LOSS,100.0,,,,,4468.21365929
0ea3fdd7216e1239cc48,v0.1.0,reports\backtest_v0.1.0\trade_journal.csv,SOLUSDT,2025-09-09 14:00:00+00:00,2025-09-09 14:15:00+00:00,217.825328,216.1513717,27.76855048,,5.0,216.21623657,221.84805656,STOP_LOSS,-46.48334004,,3.02434681,3.00110514,-52.50879199,LOSS,100.0,,,,,4415.7048673
db42ee490e1e8f38aad6,v0.1.0,reports\backtest_v0.1.0\trade_journal.csv,SOLUSDT,2025-09-11 22:30:00+00:00,2025-09-12 00:30:00+00:00,227.958367,231.46787712,30.84479077,,5.0,226.52677847,231.53733832,TAKE_PROFIT,108.25010531,,3.51566407,3.56978912,101.16465212,WIN,100.0,,,,,4516.86951943
19706af2fb74f1af132c,v0.1.0,reports\backtest_v0.1.0\trade_journal.csv,SOLUSDT,2025-09-12 14:30:00+00:00,2025-09-12 20:30:00+00:00,239.431808,239.758051,23.42156867,,5.0,237.50329946,244.25307934,EMA20_EXIT,7.64112283,,2.80393427,2.80775483,2.02943373,WIN,100.0,,,,,4518.89895316
dcf75c66dc086db26412,v0.1.0,reports\backtest_v0.1.0\trade_journal.csv,SOLUSDT,2025-09-18 08:15:00+00:00,2025-09-18 16:45:00+00:00,246.263857,250.0771803,29.05394898,,5.0,244.70850941,250.15222597,TAKE_PROFIT,110.79210067,,3.57746877,3.63286482,103.58176708,WIN,100.0,,,,,4622.48072024
1a3c4f834dd376a782b2,v0.1.0,reports\backtest_v0.1.0\trade_journal.csv,SOLUSDT,2025-09-29 15:45:00+00:00,2025-09-29 17:00:00+00:00,210.133021,208.10633358,23.53321538,,5.0,208.16878422,215.04361295,STOP_LOSS,-47.69447145,,2.47255282,2.44870559,-52.61572986,LOSS,100.0,,,,,4569.86499038
34bf7148d63e948cb76c,v0.1.0,reports\backtest_v0.1.0\trade_journal.csv,SOLUSDT,2025-10-01 01:30:00+00:00,2025-10-01 03:30:00+00:00,209.912955,208.12129243,26.42751158,,5.0,208.18374755,214.23597363,STOP_LOSS,-47.34918343,,2.77373852,2.75006393,-52.87298589,LOSS,100.0,,,,,4516.9920045
94f329d66821b39b9e75,v0.1.0,reports\backtest_v0.1.0\trade_journal.csv,SOLUSDT,2025-10-02 05:30:00+00:00,2025-10-02 07:45:00+00:00,224.547344,222.59369583,23.93932722,,5.0,222.66049398,229.26446904,STOP_LOSS,-46.76902277,,2.68775617,2.66437166,-52.1211506,LOSS,100.0,,,,,4464.87085389
ebac359c8c229bdd8b9e,v0.1.0,reports\backtest_v0.1.0\trade_journal.csv,SOLUSDT,2025-10-02 09:15:00+00:00,2025-10-02 14:00:00+00:00,225.247554,225.482335,28.36485906,,5.0,223.67346867,229.18276733,EMA20_EXIT,6.65952997,,3.19455756,3.19788733,0.26708509,WIN,100.0,,,,,4465.13793898
fefa52c62aad85ef7a9a,v0.1.0,reports\backtest_v0.1.0\trade_journal.csv,SOLUSDT,2025-10-02 16:30:00+00:00,2025-10-02 18:45:00+00:00,227.008082,232.44996746,20.25321331,,5.0,224.80342545,232.51972338,TAKE_PROFIT,110.21566709,,2.29882155,2.35392939,105.56291615,WIN,100.0,,,,,4570.70085513
1b6f293477ff9a5323a7,v0.1.0,reports\backtest_v0.1.0\trade_journal.csv,SOLUSDT,2025-10-03 00:00:00+00:00,2025-10-03 01:15:00+00:00,233.039891,231.1067481,24.52368928,,5.0,231.17610093,237.69936619,STOP_LOSS,-47.40779582,,2.85749894,2.83379504,-53.0990898,LOSS,100.0,,,,,4517.60176533
49c045541281fdb61053,v0.1.0,reports\backtest_v0.1.0\trade_journal.csv,SOLUSDT,2025-10-03 03:00:00+00:00,2025-10-03 04:00:00+00:00,233.830128,231.95128082,24.96959769,,5.0,232.02088709,238.35323028,STOP_LOSS,-46.91405811,,2.91932211,2.89586508,-52.7292453,LOSS,100.0,,,,,4464.87252002
d1b36987a61ee28ea38c,v0.1.0,reports\backtest_v0.1.0\trade_journal.csv,SOLUSDT,2025-10-03 16:45:00+00:00,2025-10-03 17:00:00+00:00,233.980173,231.43965704,18.06862919,,5.0,231.50910977,240.15783108,STOP_LOSS,-45.90364089,,2.11385049,2.09089867,-50.10839005,LOSS,100.0,,,,,4414.76412998
cdb465651450a4250762,v0.1.0,reports\backtest_v0.1.0\trade_journal.csv,SOLUSDT,2025-10-03 17:00:00+00:00,2025-10-03 17:45:00+00:00,233.580053,230.60343535,15.1844949,,5.0,230.67263714,240.84859265,STOP_LOSS,-45.19843554,,1.77339756,1.75079834,-48.72263145,LOSS,100.0,,,,,4366.04149853
ab363fd975078538426a,v0.1.0,reports\backtest_v0.1.0\trade_journal.csv,SOLUSDT,2025-10-06 08:30:00+00:00,2025-10-06 14:45:00+00:00,233.26996,233.260001,25.74821592,,5.0,231.57429242,237.50912896,EMA20_EXIT,-0.25642648,,3.00314265,3.00301444,-6.26258357,LOSS,100.0,,,,,4359.77891496
4c5eee388dce4050ff49,v0.1.0,reports\backtest_v0.1.0\trade_journal.csv,SOLUSDT,2025-10-06 17:30:00+00:00,2025-10-06 20:15:00+00:00,236.190836,234.13260278,21.93078235,,5.0,234.20286364,241.16076689,STOP_LOSS,-45.13866475,,2.58992491,2.56735558,-50.29594524,LOSS,100.0,,,,,4309.48296972
450af0fcd3459e1a1c74,v0.1.0,reports\backtest_v0.1.0\trade_journal.csv,SOLUSDT,2025-10-13 00:30:00+00:00,2025-10-13 02:00:00+00:00,196.418908,196.730963,16.04762402,,5.0,193.73347434,203.13249214,EMA20_EXIT,5.00774131,,1.57602839,1.57853226,1.85318066,WIN,100.0,,,,,4311.33615038
e6c2863b5af28ab6275b,v0.1.0,reports\backtest_v0.1.0\trade_journal.csv,SOLUSDT,2025-10-15 01:00:00+00:00,2025-10-15 03:00:00+00:00,202.46072,202.609199,16.43597563,,5.0,199.83761064,209.01849339,EMA20_EXIT,2.44039723,,1.66381973,1.66503993,-0.88846243,LOSS,100.0,,,,,4310.44768795
4f89e02ad9ee0dc492d6,v0.1.0,reports\backtest_v0.1.0\trade_journal.csv,SOLUSDT,2025-10-21 16:45:00+00:00,2025-10-21 20:00:00+00:00,192.65778,192.622196,15.58798075,,5.0,189.89254199,199.57087502,EMA20_EXIT,-0.55468271,,1.50157288,1.50129554,-3.55755113,LOSS,100.0,,,,,4306.89013681
02e74b649b2345c53bfb,v0.1.0,reports\backtest_v0.1.0\trade_journal.csv,SOLUSDT,2025-10-26 10:30:00+00:00,2025-10-26 11:30:00+00:00,194.988479,197.18986646,47.63074186,,5.0,194.08425413,197.24904117,TAKE_PROFIT,104.85371773,,4.64372295,4.69614981,95.51384496,WIN,100.0,,,,,4402.40398178
bacdaaa645261782ec9e,v0.1.0,reports\backtest_v0.1.0\trade_journal.csv,SOLUSDT,2025-10-26 22:15:00+00:00,2025-10-27 00:30:00+00:00,198.829631,202.31613718,31.02714881,,5.0,197.4107433,202.37685024,TAKE_PROFIT,108.17634623,,3.08455827,3.13864645,101.9531415,WIN,100.0,,,,,4504.35712328
71ff655fede0fc396eef,v0.1.0,reports\backtest_v0.1.0\trade_journal.csv,SOLUSDT,2025-10-27 04:00:00+00:00,2025-10-27 08:00:00+00:00,203.701092,202.16281541,30.48408237,,5.0,202.22348245,207.39511587,STOP_LOSS,-46.89295042,,3.10482043,3.08137396,-53.07914481,LOSS,100.0,,,,,4451.27797847
3957a1f42c8d2a60bd9d,v0.1.0,reports\backtest_v0.1.0\trade_journal.csv,SOLUSDT,2025-10-27 17:15:00+00:00,2025-10-27 19:30:00+00:00,202.050597,200.26911878,25.85878424,,5.0,200.32921755,206.35404562,STOP_LOSS,-46.0668608,,2.6123914,2.58935797,-51.26861016,LOSS,100.0,,,,,4400.00936831
8798a29e9b72087f6d3f,v0.1.0,reports\backtest_v0.1.0\trade_journal.csv,SOLUSDT,2025-10-28 02:45:00+00:00,2025-10-28 05:45:00+00:00,200.810225,199.24385521,29.20530715,,5.0,199.3036463,204.57667175,STOP_LOSS,-45.74631094,,2.93236215,2.90948899,-51.58816209,LOSS,100.0,,,,,4348.42120622
9cfd8e91d2cf065aaee4,v0.1.0,reports\backtest_v0.1.0\trade_journal.csv,SOLUSDT,2025-10-28 14:00:00+00:00,2025-10-28 14:30:00+00:00,202.210645,200.58129094,27.71174861,,5.0,200.64148339,206.13354902,STOP_LOSS,-45.15224997,,2.80180528,2.77922916,-50.7332844,LOSS,100.0,,,,,4297.68792182
fe476963a35a4f102ecc,v0.1.0,reports\backtest_v0.1.0\trade_journal.csv,SOLUSDT,2025-11-09 14:45:00+00:00,2025-11-09 17:30:00+00:00,160.198045,161.321589,27.84561314,,5.0,158.65464644,164.0565414,EMA20_EXIT,31.28577157,,2.23040639,2.24604928,26.8093159,WIN,100.0,,,,,4324.49723771
7baf2fd154a94f2ecaa1,v0.1.0,reports\backtest_v0.1.0\trade_journal.csv,SOLUSDT,2025-11-09 23:00:00+00:00,2025-11-10 00:00:00+00:00,165.259563,163.78963034,30.43746465,,5.0,163.83878197,168.81151558,STOP_LOSS,-44.74102352,,2.51504105,2.49267054,-49.74873511,LOSS,100.0,,,,,4274.7485026
d29dbb43627765eace7c,v0.1.0,reports\backtest_v0.1.0\trade_journal.csv,SOLUSDT,2025-11-10 02:30:00+00:00,2025-11-10 05:30:00+00:00,166.629974,167.219819,25.60093084,,5.0,164.96021108,170.8043813,EMA20_EXIT,15.10058105,,2.13294122,2.14049151,10.82714832,WIN,100.0,,,,,4285.57565092
aa5e07cb5306ade00c7a,v0.1.0,reports\backtest_v0.1.0\trade_journal.csv,SOLUSDT,2025-11-10 10:15:00+00:00,2025-11-10 12:00:00+00:00,168.810628,167.38175554,31.08546655,,5.0,167.43198514,172.25723514,STOP_LOSS,-44.41716692,,2.62377856,2.60156998,-49.64251547,LOSS,100.0,,,,,4235.93313545
0701178e6e48abe4b574,v0.1.0,reports\backtest_v0.1.0\trade_journal.csv,SOLUSDT,2025-11-10 13:00:00+00:00,2025-11-10 14:30:00+00:00,169.110718,167.70685918,31.2954123,,5.0,167.75718634,172.49454714,STOP_LOSS,-43.93434045,,2.64619482,2.62422765,-49.20476293,LOSS,100.0,,,,,4186.72837253
92da60d5a7daaca7c7dd,v0.1.0,reports\backtest_v0.1.0\trade_journal.csv,SOLUSDT,2025-11-11 01:30:00+00:00,2025-11-11 04:15:00+00:00,167.55025,168.64939,22.38444154,,5.0,165.67987572,172.22618569,EMA20_EXIT,24.60363507,,1.87525939,1.88756121,20.84081448,WIN,100.0,,,,,4207.56918701
bbfa7b302b45dbd892ec,v0.1.0,reports\backtest_v0.1.0\trade_journal.csv,SOLUSDT,2025-11-18 16:00:00+00:00,2025-11-18 21:30:00+00:00,139.731907,139.948003,21.08025657,,5.0,137.73593073,144.72184769,EMA20_EXIT,4.55535912,,1.47279223,1.4750699,1.60749699,WIN,100.0,,,,,4209.176684
f12aacc1563162ff2d72,v0.1.0,reports\backtest_v0.1.0\trade_journal.csv,SOLUSDT,2025-11-19 03:00:00+00:00,2025-11-19 03:30:00+00:00,141.532447,139.99859879,28.21474076,,5.0,140.04061097,145.26203707,STOP_LOSS,-43.2771297,,1.99665065,1.97501209,-47.24879244,LOSS,100.0,,,,,4161.92789156
1509d66d62b2332cd2cb,v0.1.0,reports\backtest_v0.1.0\trade_journal.csv,SOLUSDT,2025-11-23 21:45:00+00:00,2025-11-23 23:00:00+00:00,133.179942,132.02347411,37.26491263,,5.0,132.06309304,135.97206441,STOP_LOSS,-43.0956748,,2.48146945,2.45992161,-48.03706587,LOSS,100.0,,,,,4113.89082569
a06e8804e316055466f3,v0.1.0,reports\backtest_v0.1.0\trade_journal.csv,SOLUSDT,2025-11-24 04:00:00+00:00,2025-11-24 04:15:00+00:00,132.889855,131.38354162,28.04505225,,5.0,131.42296851,136.55707121,STOP_LOSS,-42.24463746,,1.86345146,1.84232914,-45.95041807,LOSS,100.0,,,,,4067.94040762
5383f97938df92a5b414,v0.1.0,reports\backtest_v0.1.0\trade_journal.csv,SOLUSDT,2025-11-27 01:00:00+00:00,2025-11-27 08:00:00+00:00,142.922864,142.997088,33.88970193,,5.0,141.72251694,145.92373164,EMA20_EXIT,2.51542924,,2.42180663,2.42306434,-2.32944174,LOSS,100.0,,,,,4065.61096588
30ee2205e1c66a019f6f,v0.1.0,reports\backtest_v0.1.0\trade_journal.csv,SOLUSDT,2025-11-28 12:00:00+00:00,2025-11-28 14:15:00+00:00,141.112321,143.46942728,42.34729063,,5.0,140.15225699,143.51248102,TAKE_PROFIT,99.8170645,,2.98786223,3.03777077,93.7914315,WIN,100.0,,,,,4159.40239739
9f35573ddf426b1555aa,v0.1.0,reports\backtest_v0.1.0\trade_journal.csv,SOLUSDT,2025-11-28 14:30:00+00:00,2025-11-28 16:00:00+00:00,142.302678,141.0678582,34.88007252,,5.0,141.11019126,145.28389484,STOP_LOSS,-43.07060408,,2.48176386,2.46022856,-48.01259651,LOSS,100.0,,,,,4111.38980088
c75bb80bd0d54b4d050b,v0.1.0,reports\backtest_v0.1.0\trade_journal.csv,SOLUSDT,2025-11-30 17:00:00+00:00,2025-11-30 18:15:00+00:00,138.771619,137.82760493,45.5478248,,5.0,137.86896562,141.02825244,STOP_LOSS,-42.99778745,,3.16037269,3.1388738,-49.29703395,LOSS,100.0,,,,,4062.09276693
2d7eb6d2c19b950c83d1,v0.1.0,reports\backtest_v0.1.0\trade_journal.csv,SOLUSDT,2025-12-02 20:45:00+00:00,2025-12-02 23:15:00+00:00,138.771619,138.878324,30.16362059,,5.0,137.42493293,142.13833416,EMA20_EXIT,3.21860914,,2.09292723,2.09453654,-0.96885463,LOSS,100.0,,,,,4061.12391229
8fc7ead7463a829c6da9,v0.1.0,reports\backtest_v0.1.0\trade_journal.csv,SOLUSDT,2025-12-03 18:30:00+00:00,2025-12-03 21:45:00+00:00,141.912561,145.47154374,28.18160402,,5.0,140.47150608,145.5151983,TAKE_PROFIT,100.29784231,,1.9996618,2.04981072,96.24836979,WIN,100.0,,,,,4157.37228208
6daa46811ffa30af9362,v0.1.0,reports\backtest_v0.1.0\trade_journal.csv,SOLUSDT,2025-12-03 22:15:00+00:00,2025-12-04 01:45:00+00:00,143.683092,144.136746,26.37863524,,5.0,142.10705433,147.62318617,EMA20_EXIT,11.96677339,,1.89508194,1.90106532,8.17062613,WIN,100.0,,,,,4165.54290821
bd6b424f45679690af27,v0.1.0,reports\backtest_v0.1.0\trade_journal.csv,SOLUSDT,2025-12-08 07:00:00+00:00,2025-12-08 09:00:00+00:00,135.130527,137.50310565,43.14224993,,5.0,134.16499022,137.54436896,TAKE_PROFIT,102.35838107,,2.91491748,2.96609668,96.47736691,WIN,100.0,,,,,4262.02027512
b76baa817a7ff108af6e,v0.1.0,reports\backtest_v0.1.0\trade_journal.csv,SOLUSDT,2025-12-08 12:15:00+00:00,2025-12-08 15:00:00+00:00,137.761316,136.7431096,43.61590323,,5.0,136.78414484,140.20424389,STOP_LOSS,-44.40999196,,3.00429211,2.98208712,-50.39637119,LOSS,100.0,,,,,4211.62390392
ab5c18da9834dda4861a,v0.1.0,reports\backtest_v0.1.0\trade_journal.csv,SOLUSDT,2025-12-10 04:45:00+00:00,2025-12-10 10:15:00+00:00,139.071709,137.85882464,35.95025604,,5.0,137.9001947,142.00049476,STOP_LOSS,-43.60350323,,2.49983177,2.47803002,-48.58136503,LOSS,100.0,,,,,4163.0425389
ce89d9c0da1afde501cc,v0.1.0,reports\backtest_v0.1.0\trade_journal.csv,SOLUSDT,2025-12-15 14:15:00+00:00,2025-12-15 14:45:00+00:00,132.989885,131.77924729,35.54837955,,5.0,131.81879293,135.91761519,STOP_LOSS,-43.03620874,,2.36378745,2.34226935,-47.74226554,LOSS,100.0,,,,,4115.30027336
a6400c32bfdb39dd9056,v0.1.0,reports\backtest_v0.1.0\trade_journal.csv,SOLUSDT,2025-12-19 14:45:00+00:00,2025-12-19 15:45:00+00:00,126.057806,124.80623152,33.8952956,,5.0,124.84368463,129.09310943,STOP_LOSS,-42.42248681,,2.1363833,2.11517206,-46.67404216,LOSS,100.0,,,,,4068.62623119
63d3571c32c8d6bee5bc,v0.1.0,reports\backtest_v0.1.0\trade_journal.csv,SOLUSDT,2025-12-19 19:30:00+00:00,2025-12-21 01:45:00+00:00,126.567959,125.11165949,28.67744571,,5.0,125.14920425,130.11484587,STOP_LOSS,-41.76295017,,1.81482289,1.79394141,-45.37171447,LOSS,100.0,,,,,4023.25451672
7b597d5545240874c310,v0.1.0,reports\backtest_v0.1.0\trade_journal.csv,SOLUSDT,2025-12-21 10:30:00+00:00,2025-12-21 11:15:00+00:00,126.0378,125.47644292,76.82323128,,5.0,125.51409715,127.34705713,STOP_LOSS,-43.12526472,,4.84131553,4.8197529,-52.78633315,LOSS,100.0,,,,,3970.46818358
b6c8b962fa610b94e1bd,v0.1.0,reports\backtest_v0.1.0\trade_journal.csv,SOLUSDT,2025-12-21 12:15:00+00:00,2025-12-21 12:30:00+00:00,125.927767,125.3986633,80.78713823,,5.0,125.43629419,127.15644902,STOP_LOSS,-42.74477361,,5.08667196,5.06529957,-52.89674514,LOSS,100.0,,,,,3917.57143843
bcc08f809d1fb9f5ff46,v0.1.0,reports\backtest_v0.1.0\trade_journal.csv,SOLUSDT,2025-12-22 00:45:00+00:00,2025-12-22 02:00:00+00:00,126.297878,125.22967123,38.01155022,,5.0,125.26725141,128.87444447,STOP_LOSS,-40.60419511,,2.40038907,2.38008697,-45.38467114,LOSS,100.0,,,,,3872.18676729
620e095944764154a1be,v0.1.0,reports\backtest_v0.1.0\trade_journal.csv,SOLUSDT,2025-12-22 07:45:00+00:00,2025-12-22 09:00:00+00:00,126.347893,125.53565844,49.9919176,,5.0,125.57333044,128.2842994,STOP_LOSS,-40.60516315,,3.15818673,3.13788415,-46.90123403,LOSS,100.0,,,,,3825.28553326
fcf7d168804627a875ae,v0.1.0,reports\backtest_v0.1.0\trade_journal.csv,SOLUSDT,2025-12-22 10:15:00+00:00,2025-12-22 15:00:00+00:00,126.567959,128.66173347,44.8475099,,5.0,125.71500517,128.70034357,TAKE_PROFIT,93.90057113,,2.8381289,2.88507918,88.17736305,WIN,100.0,,,,,3913.46289632
1ff5acaa1efd62b078f8,v0.1.0,reports\backtest_v0.1.0\trade_journal.csv,SOLUSDT,2025-12-22 15:00:00+00:00,2025-12-22 15:30:00+00:00,127.618274,126.56050032,38.37502828,,5.0,126.59847986,130.16775934,STOP_LOSS,-40.59209504,,2.44867744,2.42838139,-45.46915386,LOSS,100.0,,,,,3867.99374246
38c78c9021ed97b38132,v0.1.0,reports\backtest_v0.1.0\trade_journal.csv,SOLUSDT,2025-12-22 15:30:00+00:00,2025-12-22 16:45:00+00:00,127.168139,127.201828,35.00443436,,5.0,126.06313793,129.93064167,EMA20_EXIT,1.17926439,,2.22572439,2.22631402,-3.27277402,LOSS,100.0,,,,,3864.72096844
6dba0199d899ac523f6a,v0.1.0,reports\backtest_v0.1.0\trade_journal.csv,SOLUSDT,2025-12-28 15:15:00+00:00,2025-12-28 16:00:00+00:00,124.797428,124.35062397,92.90386101,,5.0,124.38794035,125.82114713,STOP_LOSS,-41.5098197,,5.79708145,5.77632654,-53.08322769,LOSS,100.0,,,,,3811.63774075
2915cca57f3c995ced9e,v0.1.0,reports\backtest_v0.1.0\trade_journal.csv,SOLUSDT,2025-12-29 08:15:00+00:00,2025-12-29 09:30:00+00:00,128.148433,127.32393653,48.47636699,,5.0,127.36214517,130.11415258,STOP_LOSS,-39.96859363,,3.10608523,3.08610094,-46.1607798,LOSS,100.0,,,,,3765.47696094
3d9e1d754bff79841959,v0.1.0,reports\backtest_v0.1.0\trade_journal.csv,SOLUSDT,2025-12-31 14:15:00+00:00,2025-12-31 14:30:00+00:00,126.587965,125.95107167,62.85257705,,5.0,125.98886833,128.08570667,STOP_LOSS,-40.03038713,,3.97818991,3.95817472,-47.96675176,LOSS,100.0,,,,,3717.51020918
b339a4bbbaeff57c22b7,v0.1.0,reports\backtest_v0.1.0\trade_journal.csv,SOLUSDT,2026-01-01 03:45:00+00:00,2026-01-01 07:15:00+00:00,125.247563,124.57992259,58.9842034,,5.0,124.61730778,126.82320105,STOP_LOSS,-39.38023788,,3.69381387,3.67412375,-46.74817549,LOSS,100.0,,,,,3670.76203369
54740562a2c0cdacc150,v0.1.0,reports\backtest_v0.1.0\trade_journal.csv,SOLUSDT,2026-01-02 01:15:00+00:00,2026-01-02 03:30:00+00:00,126.33789,127.75944743,62.8599586,,5.0,125.75393129,127.79778677,TAKE_PROFIT,89.35904145,,3.97079727,4.01547679,81.37276739,WIN,100.0,,,,,3752.13480108
2e909254a2cdec27ac5d,v0.1.0,reports\backtest_v0.1.0\trade_journal.csv,SOLUSDT,2026-01-02 14:45:00+00:00,2026-01-02 15:15:00+00:00,128.768619,127.77254276,39.17725419,,5.0,127.81088603,131.16295143,STOP_LOSS,-39.02353188,,2.52240046,2.50288869,-44.04882104,LOSS,100.0,,,,,3708.08598005
e4a7e6a74ff62ff4d50e,v0.1.0,reports\backtest_v0.1.0\trade_journal.csv,SOLUSDT,2026-01-03 03:00:00+00:00,2026-01-03 05:30:00+00:00,132.599768,131.8231931,50.31214557,,5.0,131.86275193,134.44230818,STOP_LOSS,-39.07114919,,3.33568942,3.31615384,-45.72299245,LOSS,100.0,,,,,3662.3629876
eb8efe42713a21afd4f1,v0.1.0,reports\backtest_v0.1.0\trade_journal.csv,SOLUSDT,2026-01-04 06:15:00+00:00,2026-01-04 06:30:00+00:00,134.460326,133.77230311,56.52848886,,5.0,133.81244684,136.08002389,STOP_LOSS,-38.8928945,,3.80041952,3.78097307,-46.47428709,LOSS,100.0,,,,,3615.8887005
b05f36a6677a0afb0867,v0.1.0,reports\backtest_v0.1.0\trade_journal.csv,SOLUSDT,2026-01-04 09:45:00+00:00,2026-01-04 17:45:00+00:00,134.360296,134.789551,53.98112851,,5.0,133.69045289,136.03490378,EMA20_EXIT,23.17166932,,3.6264602,3.63804604,15.90716308,WIN,100.0,,,,,3631.79586358
5818fb0311b3891ef27a,v0.1.0,reports\backtest_v0.1.0\trade_journal.csv,SOLUSDT,2026-01-05 02:15:00+00:00,2026-01-05 06:30:00+00:00,135.810731,134.64170087,32.17892794,,5.0,134.6821055,138.63229474,STOP_LOSS,-37.61813637,,2.18512186,2.16631279,-41.96957102,LOSS,100.0,,,,,3589.82629256
c49f0049bf7f6ad82168,v0.1.0,reports\backtest_v0.1.0\trade_journal.csv,SOLUSDT,2026-01-06 04:15:00+00:00,2026-01-06 07:15:00+00:00,138.681592,137.70734418,38.47933266,,5.0,137.74866878,141.01390006,STOP_LOSS,-37.48840598,,2.66818756,2.64944335,-42.80603689,LOSS,100.0,,,,,3547.02025567
0c2ca83bc47cfd2285f4,v0.1.0,reports\backtest_v0.1.0\trade_journal.csv,SOLUSDT,2026-01-06 11:15:00+00:00,2026-01-06 14:15:00+00:00,138.961676,141.02569754,42.09929275,,5.0,138.11913922,141.06801795,TAKE_PROFIT,86.89384725,,2.92509414,2.96854106,81.00021205,WIN,100.0,,,,,3628.02046771
730d74fe884258effaff,v0.1.0,reports\backtest_v0.1.0\trade_journal.csv,SOLUSDT,2026-01-06 16:00:00+00:00,2026-01-06 16:30:00+00:00,140.74221,139.22394563,24.57201616,,5.0,139.26572535,144.43342162,STOP_LOSS,-37.30681658,,1.72915993,1.71050652,-40.74648303,LOSS,100.0,,,,,3587.27398469
f63146a9c7a86a4ec889,v0.1.0,reports\backtest_v0.1.0\trade_journal.csv,SOLUSDT,2026-01-08 23:30:00+00:00,2026-01-09 01:30:00+00:00,138.901658,137.79386486,33.63776027,,5.0,137.83521542,141.56776446,STOP_LOSS,-37.26368023,,2.33617034,2.3175385,-41.91738906,LOSS,100.0,,,,,3545.35659563
3d2753f72703ba25a1ee,v0.1.0,reports\backtest_v0.1.0\trade_journal.csv,SOLUSDT,2026-01-09 03:15:00+00:00,2026-01-09 07:45:00+00:00,139.481832,139.498138,31.91566387,,5.0,138.37098041,142.25896097,EMA20_EXIT,0.52041682,,2.22582763,2.22608784,-3.93149866,LOSS,100.0,,,,,3541.42509697
8715f518130d4dd6b79d,v0.1.0,reports\backtest_v0.1.0\trade_journal.csv,SOLUSDT,2026-01-11 23:45:00+00:00,2026-01-12 02:15:00+00:00,139.74191,142.20918413,35.27386522,,5.0,138.73793012,142.25185969,TAKE_PROFIT,87.0302952,,2.46461865,2.5081338,82.05754275,WIN,100.0,,,,,3623.48263972
71bd498337b06944a428,v0.1.0,reports\backtest_v0.1.0\trade_journal.csv,SOLUSDT,2026-01-12 17:30:00+00:00,2026-01-12 20:30:00+00:00,141.84254,140.43658453,26.56878689,,5.0,140.47872815,145.25206961,STOP_LOSS,-37.35453122,,1.88429211,1.86561484,-41.10443817,LOSS,100.0,,,,,3582.37820155
ff882dc4b36ad8694149,v0.1.0,reports\backtest_v0.1.0\trade_journal.csv,SOLUSDT,2026-01-14 03:00:00+00:00,2026-01-14 05:45:00+00:00,145.613671,144.31797556,28.6044015,,5.0,144.36128395,148.74463863,STOP_LOSS,-37.06259245,,2.08259595,2.06406466,-41.20925306,LOSS,100.0,,,,,3541.16894848
58b8ed74e0f13ab756e2,v0.1.0,reports\backtest_v0.1.0\trade_journal.csv,SOLUSDT,2026-01-27 17:00:00+00:00,2026-01-27 17:30:00+00:00,124.887455,123.73874834,31.85725167,,5.0,123.7758811,127.66638974,STOP_LOSS,-36.5946373,,1.98928554,1.97098822,-40.55491107,LOSS,100.0,,,,,3500.61403742
79f32739f96488630769,v0.1.0,reports\backtest_v0.1.0\trade_journal.csv,SOLUSDT,2026-01-27 18:45:00+00:00,2026-01-28 00:15:00+00:00,125.847743,126.851933,30.2392817,,5.0,124.69010504,128.7418379,EMA20_EXIT,30.36598429,,1.90277268,1.91795567,26.54525595,WIN,100.0,,,,,3527.15929336
e915c236057a661633dd,v0.1.0,reports\backtest_v0.1.0\trade_journal.csv,SOLUSDT,2026-01-28 10:15:00+00:00,2026-01-28 14:15:00+00:00,127.418214,126.68832406,50.97993689,,5.0,126.72634196,129.1478941,STOP_LOSS,-37.20974321,,3.24788625,3.22928138,-43.68691085,LOSS,100.0,,,,,3483.47238252
25b9ac6a8bccbc8e0006,v0.1.0,reports\backtest_v0.1.0\trade_journal.csv,SOLUSDT,2026-02-14 23:15:00+00:00,2026-02-15 01:15:00+00:00,88.436523,87.74764813,52.57732804,,5.0,87.77398032,90.0928797,STOP_LOSS,-36.21920023,,2.32487804,2.30676844,-40.85084671,LOSS,100.0,,,,,3442.6215358
d2891b9515d62c2298ff,v0.1.0,reports\backtest_v0.1.0\trade_journal.csv,SOLUSDT,2026-02-15 02:00:00+00:00,2026-02-15 03:30:00+00:00,88.196451,87.42677798,46.30682869,,5.0,87.45301388,90.05504381,STOP_LOSS,-35.64111688,,2.04204897,2.02422842,-39.70739427,LOSS,100.0,,,,,3402.91414154
27dd1f75c124aea44ae6,v0.1.0,reports\backtest_v0.1.0\trade_journal.csv,SOLUSDT,2026-02-15 04:15:00+00:00,2026-02-15 07:30:00+00:00,88.436523,90.78713588,35.77710787,,5.0,87.48538012,90.81438019,TAKE_PROFIT,84.09813042,,1.58200151,1.62405058,80.89207833,WIN,100.0,,,,,3483.80621987
ca021accaf6a62375c74,v0.1.0,reports\backtest_v0.1.0\trade_journal.csv,SOLUSDT,2026-02-15 08:15:00+00:00,2026-02-15 10:15:00+00:00,90.027,89.05990209,37.04711025,,5.0,89.08662808,92.3779298,STOP_LOSS,-35.82818284,,1.6676201,1.64970601,-39.14550894,LOSS,100.0,,,,,3444.66071093
d6bb68a592f98021ce2a,v0.1.0,reports\backtest_v0.1.0\trade_journal.csv,SOLUSDT,2026-02-20 10:45:00+00:00,2026-02-20 11:30:00+00:00,84.115227,83.50844316,59.21471272,,5.0,83.53350321,85.56953647,STOP_LOSS,-35.93053083,,2.4904295,2.47246424,-40.89342456,LOSS,100.0,,,,,3403.76728637
bf2a37baf82db3063bb2,v0.1.0,reports\backtest_v0.1.0\trade_journal.csv,SOLUSDT,2026-02-20 17:45:00+00:00,2026-02-21 03:15:00+00:00,84.515347,84.494644,29.67246487,,5.0,83.36823391,87.38312973,EMA20_EXIT,-0.61430904,,1.25388933,1.25358218,-3.12178055,LOSS,100.0,,,,,3400.64550582
6279cf816876dc0d6615,v0.1.0,reports\backtest_v0.1.0\trade_journal.csv,SOLUSDT,2026-03-02 22:45:00+00:00,2026-03-02 23:15:00+00:00,88.066412,87.0966756,36.03907473,,5.0,87.12281244,90.4254109,STOP_LOSS,-34.94840272,,1.586916,1.5694418,-38.10476052,LOSS,100.0,,,,,3362.5407453
cb3e71f89169755f98b4,v0.1.0,reports\backtest_v0.1.0\trade_journal.csv,SOLUSDT,2026-03-04 02:00:00+00:00,2026-03-04 03:30:00+00:00,87.186148,86.09278863,31.49850906,,5.0,86.11862422,89.85495744,STOP_LOSS,-34.43918994,,1.37311684,1.35589724,-37.16820401,LOSS,100.0,,,,,3325.37254128
465c996f8dde51ea3ebe,v0.1.0,reports\backtest_v0.1.0\trade_journal.csv,SOLUSDT,2026-03-04 14:30:00+00:00,2026-03-04 15:15:00+00:00,89.716907,92.49479752,29.63106358,,5.0,88.59464808,92.52255429,TAKE_PROFIT,82.31185073,,1.32920369,1.37035961,79.61228743,WIN,100.0,,,,,3404.98482871
3220d99f5dcaf5f86cca,v0.1.0,reports\backtest_v0.1.0\trade_journal.csv,SOLUSDT,2026-03-04 21:00:00+00:00,2026-03-04 22:45:00+00:00,92.597771,91.40546959,29.23056073,,5.0,91.43289946,95.50994985,STOP_LOSS,-34.85163877,,1.35334238,1.33591656,-37.54089772,LOSS,100.0,,,,,3367.44393099
9aab2d31df5ef0339e06,v0.1.0,reports\backtest_v0.1.0\trade_journal.csv,SOLUSDT,2026-03-10 15:00:00+00:00,2026-03-10 18:15:00+00:00,87.616277,86.53988618,32.058039,,5.0,86.56585594,90.24232964,STOP_LOSS,-34.50697878,,1.40440301,1.38714952,-37.29853132,LOSS,100.0,,,,,3330.14539967
d31e2cd9bf8efa322ba1,v0.1.0,reports\backtest_v0.1.0\trade_journal.csv,SOLUSDT,2026-03-12 13:15:00+00:00,2026-03-12 13:45:00+00:00,86.976085,86.31469792,52.40321839,,5.0,86.3406001,88.56479724,STOP_LOSS,-34.6588116,,2.27891339,2.26158398,-39.19930897,LOSS,100.0,,,,,3290.9460907
1ae7f333a4cc653a85f6,v0.1.0,reports\backtest_v0.1.0\trade_journal.csv,SOLUSDT,2026-03-12 13:45:00+00:00,2026-03-12 14:30:00+00:00,86.766022,86.02443169,45.97736701,,5.0,86.05024676,88.5554601,STOP_LOSS,-34.09637004,,1.99463662,1.97758843,-38.06859509,LOSS,100.0,,,,,3252.87749561
25a09e6a3a0ad2608ba8,v0.1.0,reports\backtest_v0.1.0\trade_journal.csv,SOLUSDT,2026-03-12 23:15:00+00:00,2026-03-13 00:15:00+00:00,86.956079,88.4826832,52.35912319,,5.0,86.33481621,88.50923597,TAKE_PROFIT,79.93165733,,2.27647203,2.31643785,75.33874745,WIN,100.0,,,,,3328.21624306
6b738dc22d3c96d5ad0e,v0.1.0,reports\backtest_v0.1.0\trade_journal.csv,SOLUSDT,2026-03-15 05:45:00+00:00,2026-03-15 11:00:00+00:00,88.336493,88.333492,76.19790743,,5.0,87.89970722,89.42845744,EMA20_EXIT,-0.22866992,,3.36552796,3.36541362,-6.9596115,LOSS,100.0,,,,,3321.25663156
b85c4a61333df6c87f28,v0.1.0,reports\backtest_v0.1.0\trade_journal.csv,SOLUSDT,2026-03-16 12:00:00+00:00,2026-03-16 14:30:00+00:00,93.798131,93.10170299,49.68303196,,5.0,93.12964188,95.46935381,STOP_LOSS,-34.60065521,,2.33008777,2.31278744,-39.24353042,LOSS,100.0,,,,,3282.01310114
65c06bca57ec22dff6d1,v0.1.0,reports\backtest_v0.1.0\trade_journal.csv,SOLUSDT,2026-03-16 15:15:00+00:00,2026-03-16 21:30:00+00:00,94.108224,96.6321694,32.13949682,,5.0,93.0870465,96.66116775,TAKE_PROFIT,81.11833515,,1.51229548,1.55285465,78.05318501,WIN,100.0,,,,,3360.06628615
a8635b5822f07b31add6,v0.1.0,reports\backtest_v0.1.0\trade_journal.csv,SOLUSDT,2026-03-24 09:15:00+00:00,2026-03-24 12:45:00+00:00,91.577465,91.562523,50.23509991,,5.0,90.90859676,93.24963559,EMA20_EXIT,-0.75061286,,2.30020155,2.29982625,-5.35064066,LOSS,100.0,,,,,3354.71564549
2ea8f00b33206e24a796,v0.1.0,reports\backtest_v0.1.0\trade_journal.csv,SOLUSDT,2026-03-30 11:15:00+00:00,2026-03-30 16:45:00+00:00,84.145236,84.194734,62.98989039,,5.0,83.61265599,85.47668604,EMA20_EXIT,3.11787359,,2.6501496,2.65170853,-2.18398453,LOSS,100.0,,,,,3352.53166096
21576ae3e9b90d072b95,v0.1.0,reports\backtest_v0.1.0\trade_journal.csv,SOLUSDT,2026-04-01 17:15:00+00:00,2026-04-01 18:15:00+00:00,84.775425,83.75774899,33.77725644,,5.0,83.78288386,87.25677786,STOP_LOSS,-34.3743034,,1.43174064,1.41455348,-37.22059752,LOSS,100.0,,,,,3315.31106344
0d41dac7ff1acf75c85a,v0.1.0,reports\backtest_v0.1.0\trade_journal.csv,SOLUSDT,2026-04-04 16:45:00+00:00,2026-04-04 20:00:00+00:00,80.764222,80.755766,72.71619613,,5.0,80.30829729,81.90403377,EMA20_EXIT,-0.61488815,,2.9364335,2.93612606,-6.48744772,LOSS,100.0,,,,,3308.82361572
9dbb6ecb8046122465c1,v0.1.0,reports\backtest_v0.1.0\trade_journal.csv,SOLUSDT,2026-04-06 08:15:00+00:00,2026-04-06 12:00:00+00:00,81.954579,82.265313,61.80680996,,5.0,81.41922964,83.29295239,EMA20_EXIT,19.20547729,,2.53267554,2.54227828,14.13052346,WIN,100.0,,,,,3322.95413918
09c921db2a990308c1c2,v0.1.0,reports\backtest_v0.1.0\trade_journal.csv,SOLUSDT,2026-04-06 14:00:00+00:00,2026-04-06 14:30:00+00:00,82.454729,81.94077455,67.90341004,,5.0,81.96536416,83.67814111,STOP_LOSS,-34.89925971,,2.79947864,2.78202901,-40.48076735,LOSS,100.0,,,,,3282.47337183
c1e841914716376464ee,v0.1.0,reports\backtest_v0.1.0\trade_journal.csv,SOLUSDT,2026-04-08 13:15:00+00:00,2026-04-08 13:30:00+00:00,84.745416,84.2130042,64.72515086,,5.0,84.23827568,86.01326681,STOP_LOSS,-34.46043425,,2.74257992,2.7253497,-39.92836387,LOSS,100.0,,,,,3242.54500796
47be4fb387875e68d670,v0.1.0,reports\backtest_v0.1.0\trade_journal.csv,SOLUSDT,2026-04-10 20:30:00+00:00,2026-04-10 22:30:00+00:00,85.205554,84.67024119,63.59126904,,5.0,84.69564988,86.48031429,STOP_LOSS,-34.04122124,,2.70916465,2.69214404,-39.44252993,LOSS,100.0,,,,,3203.10247803
24a443a09773ef5d08c1,v0.1.0,reports\backtest_v0.1.0\trade_journal.csv,SOLUSDT,2026-04-13 19:15:00+00:00,2026-04-13 22:15:00+00:00,83.535053,85.02891284,52.70423695,,5.0,82.92730253,85.05442917,TAKE_PROFIT,78.73274304,,2.20132561,2.24069198,74.29072544,WIN,100.0,,,,,3277.39320347
09e8b9ae0cdece6e157d,v0.1.0,reports\backtest_v0.1.0\trade_journal.csv,SOLUSDT,2026-04-14 07:00:00+00:00,2026-04-14 13:45:00+00:00,86.045806,87.14607113,72.73935375,,5.0,85.59523928,87.1722228,TAKE_PROFIT,80.03257474,,3.12945816,3.16947445,73.73364213,WIN,100.0,,,,,3351.1268456
2bcecd0348ea3f27f8c8,v0.1.0,reports\backtest_v0.1.0\trade_journal.csv,SOLUSDT,2026-04-14 14:30:00+00:00,2026-04-14 15:00:00+00:00,86.465932,85.73416309,47.46363356,,5.0,85.75989106,88.23103436,STOP_LOSS,-34.73241127,,2.05199366,2.03462745,-38.81903237,LOSS,100.0,,,,,3312.30781323
d219f37824c71676416b,v0.1.0,reports\backtest_v0.1.0\trade_journal.csv,SOLUSDT,2026-04-15 20:00:00+00:00,2026-04-15 21:00:00+00:00,85.005494,84.36914251,54.20831608,,5.0,84.39446085,86.53307688,STOP_LOSS,-34.49554261,,2.30400234,2.28675457,-39.08629953,LOSS,100.0,,,,,3273.2215137
218e20ba276a5554c3b2,v0.1.0,reports\backtest_v0.1.0\trade_journal.csv,SOLUSDT,2026-04-16 03:15:00+00:00,2026-04-16 10:15:00+00:00,85.315587,84.77368834,63.3781582,,5.0,84.79912808,86.6067343,STOP_LOSS,-34.3445389,,2.70357238,2.68640012,-39.7345114,LOSS,100.0,,,,,3233.4870023
b8856895d3d4a2edbd9f,v0.1.0,reports\backtest_v0.1.0\trade_journal.csv,SOLUSDT,2026-04-17 09:30:00+00:00,2026-04-17 10:15:00+00:00,88.546556,87.87868664,50.40526718,,5.0,87.90505816,90.1503006,STOP_LOSS,-33.6641334,,2.23160641,2.21477434,-38.11051415,LOSS,100.0,,,,,3195.37648815
922f433a7820045902c4,v0.1.0,reports\backtest_v0.1.0\trade_journal.csv,SOLUSDT,2026-04-21 16:00:00+00:00,2026-04-21 17:00:00+00:00,86.145836,85.47573506,49.58296082,,5.0,85.50138548,87.75696231,STOP_LOSS,-33.22558844,,2.13568281,2.11907001,-37.48034125,LOSS,100.0,,,,,3157.89614689
f08506cc12cb35f90ce5,v0.1.0,reports\backtest_v0.1.0\trade_journal.csv,SOLUSDT,2026-04-22 01:15:00+00:00,2026-04-22 03:00:00+00:00,86.235863,87.58180741,57.53232687,,5.0,85.68697226,87.60808984,TAKE_PROFIT,77.43531392,,2.48067493,2.51939259,72.43524641,WIN,100.0,,,,,3230.3313933
460e2d8656676df854c8,v0.1.0,reports\backtest_v0.1.0\trade_journal.csv,SOLUSDT,2026-04-22 14:30:00+00:00,2026-04-22 15:15:00+00:00,88.646586,88.10594372,62.82215696,,5.0,88.13238344,89.93209241,STOP_LOSS,-33.96431386,,2.78448487,2.76750271,-39.51630144,LOSS,100.0,,,,,3190.81509185
3e748e430015a9435fe8,v0.1.0,reports\backtest_v0.1.0\trade_journal.csv,SOLUSDT,2026-04-24 21:00:00+00:00,2026-04-24 22:30:00+00:00,86.615977,86.16122059,74.39526543,,5.0,86.18707671,87.68822773,STOP_LOSS,-33.83172405,,3.2219093,3.20499344,-40.25862679,LOSS,100.0,,,,,3150.55646506
c88148d6c7e1d2c64822,v0.1.0,reports\backtest_v0.1.0\trade_journal.csv,SOLUSDT,2026-04-26 20:30:00+00:00,2026-04-26 21:30:00+00:00,86.806034,86.49568951,108.88263131,,5.0,86.521646,87.51700399,STOP_LOSS,-33.7911251,,4.7258347,4.70893914,-43.22589893,LOSS,100.0,,,,,3107.33056613
28fb573ed546a09e00ca,v0.1.0,reports\backtest_v0.1.0\trade_journal.csv,SOLUSDT,2026-04-26 22:00:00+00:00,2026-04-26 22:30:00+00:00,87.016097,86.58417515,76.5467742,,5.0,86.6101582,88.03094399,STOP_LOSS,-33.06222413,,3.33040076,3.31386965,-39.70649455,LOSS,100.0,,,,,3067.62407159
ed8f9730f159fe668b52,v0.1.0,reports\backtest_v0.1.0\trade_journal.csv,SOLUSDT,2026-04-29 11:00:00+00:00,2026-04-29 12:00:00+00:00,85.055509,84.56098646,65.38731977,,5.0,84.58636237,86.22837557,STOP_LOSS,-32.33550337,,2.78077588,2.76460813,-37.88088739,LOSS,100.0,,,,,3029.7431842
e397455982ff2cad1ae8,v0.1.0,reports\backtest_v0.1.0\trade_journal.csv,SOLUSDT,2026-05-01 13:30:00+00:00,2026-05-01 14:30:00+00:00,84.355299,83.9893383,88.91230561,,5.0,84.01454266,85.20718986,STOP_LOSS,-32.53840985,,3.75011206,3.73384286,-40.02236477,LOSS,100.0,,,,,2989.72081943
3956a5e53dced051a218,v0.1.0,reports\backtest_v0.1.0\trade_journal.csv,SOLUSDT,2026-05-01 15:45:00+00:00,2026-05-01 16:45:00+00:00,84.495341,84.05229109,71.55409421,,5.0,84.07751434,85.53990764,STOP_LOSS,-31.70203531,,3.0229938,3.00714278,-37.73217188,LOSS,100.0,,,,,2951.98864755
d1d6ffc78c6b2d4c341c,v0.1.0,reports\backtest_v0.1.0\trade_journal.csv,SOLUSDT,2026-05-02 23:00:00+00:00,2026-05-03 00:00:00+00:00,84.395311,84.09008013,104.93433625,,5.0,84.11531472,85.09530169,STOP_LOSS,-32.02919921,,4.42798297,4.41196837,-40.86915055,LOSS,100.0,,,,,2911.119497
45adef77017630db5676,v0.1.0,reports\backtest_v0.1.0\trade_journal.csv,SOLUSDT,2026-05-03 11:45:00+00:00,2026-05-03 15:45:00+00:00,83.985188,84.134752,103.98688982,,5.0,83.76313388,84.54032329,EMA20_EXIT,15.55269519,,4.36667925,4.37445559,6.81156035,WIN,100.0,,,,,2917.93105735
eeac9d5a928bd84f6b5a,v0.1.0,reports\backtest_v0.1.0\trade_journal.csv,SOLUSDT,2026-05-03 21:15:00+00:00,2026-05-03 21:30:00+00:00,84.345296,84.0851646,103.78519713,,5.0,84.11039772,84.9325417,STOP_LOSS,-26.99778856,,4.37689659,4.36339769,-35.73808284,LOSS,100.0,,,,,2882.19297452
e3d82784af6fb9e36b84,v0.1.0,reports\backtest_v0.1.0\trade_journal.csv,SOLUSDT,2026-05-03 22:15:00+00:00,2026-05-03 23:15:00+00:00,84.605374,84.21541312,79.03160179,,5.0,84.24068533,85.51709566,STOP_LOSS,-30.81923263,,3.34324911,3.3278395,-37.49032124,LOSS,100.0,,,,,2844.70265327
070ae4ff6d20e571ca0a,v0.1.0,reports\backtest_v0.1.0\trade_journal.csv,SOLUSDT,2026-05-04 05:15:00+00:00,2026-05-04 06:15:00+00:00,85.435623,84.92101176,58.15873928,,5.0,84.94649571,86.65844122,STOP_LOSS,-29.92914086,,2.48441406,2.46944949,-34.88300442,LOSS,100.0,,,,,2809.81964886
f4ff42162ad26240bb65,v0.1.0,reports\backtest_v0.1.0\trade_journal.csv,SOLUSDT,2026-05-04 17:45:00+00:00,2026-05-04 20:00:00+00:00,84.955479,84.31826319,45.91863292,,5.0,84.34356626,86.48526085,STOP_LOSS,-29.26007886,,1.95051973,1.93588969,-33.14648828,LOSS,100.0,,,,,2776.67316058
31164c712042ff5160ca,v0.1.0,reports\backtest_v0.1.0\trade_journal.csv,SOLUSDT,2026-05-05 04:00:00+00:00,2026-05-05 08:45:00+00:00,84.735413,84.754566,87.65352096,,5.0,84.41863472,85.5273587,EMA20_EXIT,1.67882789,,3.71367865,3.71451806,-5.74936883,LOSS,100.0,,,,,2770.92379175
3b4be371eb93c29ef337,v0.1.0,reports\backtest_v0.1.0\trade_journal.csv,SOLUSDT,2026-05-05 22:30:00+00:00,2026-05-06 04:45:00+00:00,86.405914,86.783957,57.60709136,,5.0,85.92491006,87.60842385,EMA20_EXIT,21.77795764,,2.48879669,2.49968567,16.78947528,WIN,100.0,,,,,2787.71326703
b9e74d646f984bf77e75,v0.1.0,reports\backtest_v0.1.0\trade_journal.csv,SOLUSDT,2026-05-06 05:30:00+00:00,2026-05-06 08:30:00+00:00,87.166142,88.25602397,62.42825956,,5.0,86.71959531,88.28250872,TAKE_PROFIT,68.03943435,,2.72081527,2.75483499,62.56378409,WIN,100.0,,,,,2850.27705112
359d099b17263f7c27fa,v0.1.0,reports\backtest_v0.1.0\trade_journal.csv,SOLUSDT,2026-05-06 21:15:00+00:00,2026-05-06 23:00:00+00:00,89.436823,88.89066845,54.86795676,,5.0,88.91734365,90.73552137,STOP_LOSS,-29.9663844,,2.45360787,2.43862468,-34.85861695,LOSS,100.0,,,,,2815.41843417
a82172f0dc2cfcf950c2,v0.1.0,reports\backtest_v0.1.0\trade_journal.csv,SOLUSDT,2026-05-07 09:30:00+00:00,2026-05-07 10:15:00+00:00,89.32679,88.74255543,50.49137728,,5.0,88.76918619,90.72079952,STOP_LOSS,-29.49880788,,2.25511633,2.24036692,-33.99429114,LOSS,100.0,,,,,2781.42414304
e8b83072040cccb486e6,v0.1.0,reports\backtest_v0.1.0\trade_journal.csv,SOLUSDT,2026-05-07 12:45:00+00:00,2026-05-07 13:00:00+00:00,89.796931,89.24825585,53.29494861,,5.0,89.27503836,91.10166261,STOP_LOSS,-29.241614,,2.39286141,2.3782406,-34.01271602,LOSS,100.0,,,,,2747.41142702
1e1a99bb998ece50c5a0,v0.1.0,reports\backtest_v0.1.0\trade_journal.csv,SOLUSDT,2026-05-09 07:30:00+00:00,2026-05-09 09:15:00+00:00,93.748116,93.19681099,52.49788152,,5.0,93.22477842,95.05645995,STOP_LOSS,-28.94234528,,2.46078874,2.44631757,-33.8494516,LOSS,100.0,,,,,2713.56197542
46cd76b59e4db25ab23e,v0.1.0,reports\backtest_v0.1.0\trade_journal.csv,SOLUSDT,2026-05-11 00:15:00+00:00,2026-05-11 02:30:00+00:00,96.138833,95.22138959,30.52827521,,5.0,95.24996458,98.36100404,STOP_LOSS,-28.00796489,,1.46747638,1.45347239,-30.92891366,LOSS,100.0,,,,,2682.63306176
c710af0538807405c995,v0.1.0,reports\backtest_v0.1.0\trade_journal.csv,SOLUSDT,2026-05-11 23:00:00+00:00,2026-05-12 01:15:00+00:00,97.519247,96.86356435,42.81151363,,5.0,96.89263214,99.08578416,STOP_LOSS,-28.07076669,,2.08747329,2.0734379,-32.23167788,LOSS,100.0,,,,,2650.40138388
7dc696f508d2c9ed31e9,v0.1.0,reports\backtest_v0.1.0\trade_journal.csv,SOLUSDT,2026-05-20 16:15:00+00:00,2026-05-20 18:30:00+00:00,85.695701,85.934212,43.13314384,,5.0,85.08123121,87.23187548,EMA20_EXIT,10.28772927,,1.8481625,1.85330636,6.58626041,WIN,100.0,,,,,2656.98764429
a5b4b448dbc9e0152ac8,v0.1.0,reports\backtest_v0.1.0\trade_journal.csv,SOLUSDT,2026-05-21 01:15:00+00:00,2026-05-21 05:15:00+00:00,86.555959,86.614008,56.34039793,,5.0,86.08436353,87.73494767,EMA20_EXIT,3.27050376,,2.43829859,2.43993384,-1.60772867,LOSS,100.0,,,,,2655.37991562
450c563e9e4d9a742736,v0.1.0,reports\backtest_v0.1.0\trade_journal.csv,SOLUSDT,2026-05-21 09:00:00+00:00,2026-05-21 09:30:00+00:00,86.916067,86.48443251,65.45481533,,5.0,86.51038563,87.93027043,STOP_LOSS,-28.25255555,,2.84453756,2.83041128,-33.92750439,LOSS,100.0,,,,,2621.45241124
ed7dcb53b134af5bc522,v0.1.0,reports\backtest_v0.1.0\trade_journal.csv,SOLUSDT,2026-05-22 08:30:00+00:00,2026-05-22 11:15:00+00:00,87.176145,86.7322028,62.72696852,,5.0,86.75823027,88.22093182,STOP_LOSS,-27.84714835,,2.73414765,2.72022408,-33.30152008,LOSS,100.0,,,,,2588.15089116
d90a42c33e34a99bb3fa,v0.1.0,reports\backtest_v0.1.0\trade_journal.csv,SOLUSDT,2026-05-25 07:45:00+00:00,2026-05-25 16:00:00+00:00,85.985788,86.044179,56.75077661,,5.0,85.52973241,87.12592697,EMA20_EXIT,3.3137346,,2.43988012,2.44153699,-1.56768252,LOSS,100.0,,,,,2586.58320864
fc31075d64d26822bebf,v0.1.0,reports\backtest_v0.1.0\trade_journal.csv,SOLUSDT,2026-06-07 22:45:00+00:00,2026-06-08 04:00:00+00:00,65.849749,65.930215,24.91463085,,5.0,64.81157058,68.44519505,EMA20_EXIT,2.00478069,,0.82031109,0.82131348,0.36315611,WIN,100.0,,,,,2586.94636475
ec9d71ffcf267552e7b1,v0.1.0,reports\backtest_v0.1.0\trade_journal.csv,SOLUSDT,2026-06-08 13:30:00+00:00,2026-06-08 16:45:00+00:00,66.609977,66.939912,38.9636509,,5.0,65.94603861,68.26982297,EMA20_EXIT,12.85547216,,1.29768395,1.30411168,10.25367653,WIN,100.0,,,,,2597.20004129
193c3e7a99dcd85e140a,v0.1.0,reports\backtest_v0.1.0\trade_journal.csv,SOLUSDT,2026-06-12 15:30:00+00:00,2026-06-12 16:00:00+00:00,67.770325,67.07732092,38.59856079,,5.0,67.09745016,69.45251209,STOP_LOSS,-26.74895992,,1.3079185,1.29454402,-29.35142245,LOSS,100.0,,,,,2567.84861884
97300e5acb05cbdf4058,v0.1.0,reports\backtest_v0.1.0\trade_journal.csv,SOLUSDT,2026-06-13 16:00:00+00:00,2026-06-13 21:30:00+00:00,68.190451,69.14262589,65.98277159,,5.0,67.80128144,69.1633749,TAKE_PROFIT,62.82713812,,2.24969748,2.28111105,58.2963296,WIN,100.0,,,,,2626.14494843
43a614db02402a8c0dfc,v0.1.0,reports\backtest_v0.1.0\trade_journal.csv,SOLUSDT,2026-06-15 07:45:00+00:00,2026-06-15 09:30:00+00:00,71.301384,70.86233131,62.85837314,,5.0,70.88359639,72.34585303,STOP_LOSS,-27.59813775,,2.2409445,2.22714543,-32.06622768,LOSS,100.0,,,,,2594.07872075
b11a651e0f30ca89eb35,v0.1.0,reports\backtest_v0.1.0\trade_journal.csv,SOLUSDT,2026-06-15 10:00:00+00:00,2026-06-15 11:15:00+00:00,71.411417,72.46464053,60.32912658,,5.0,70.98142922,72.48638645,TAKE_PROFIT,63.5400559,,2.15409421,2.18586424,59.20009746,WIN,100.0,,,,,2653.27881821
fcab1d89dc21934138c0,v0.1.0,reports\backtest_v0.1.0\trade_journal.csv,SOLUSDT,2026-06-16 12:30:00+00:00,2026-06-16 13:00:00+00:00,75.012497,74.46031501,50.07724766,,5.0,74.48265981,76.33708997,STOP_LOSS,-27.65175416,,1.87820969,1.86438382,-31.39434768,LOSS,100.0,,,,,2621.88447054
27b1a95b8567d33f28ef,v0.1.0,reports\backtest_v0.1.0\trade_journal.csv,SOLUSDT,2026-06-17 18:45:00+00:00,2026-06-17 19:15:00+00:00,73.52205,72.52772625,26.95861886,,5.0,72.5494911,75.95344726,STOP_LOSS,-26.80559493,,0.99102646,0.97762366,-28.77424505,LOSS,100.0,,,,,2593.11022548
7c1c1595e682c24f1f3e,v0.1.0,reports\backtest_v0.1.0\trade_journal.csv,SOLUSDT,2026-06-20 15:00:00+00:00,2026-06-20 16:30:00+00:00,72.011597,71.40351931,44.2019824,,5.0,71.42494679,73.47822252,STOP_LOSS,-26.87823953,,1.59152767,1.57808855,-30.04785575,LOSS,100.0,,,,,2563.06236973
3857e633b3da49015c53,v0.1.0,reports\backtest_v0.1.0\trade_journal.csv,SOLUSDT,2026-06-21 13:00:00+00:00,2026-06-21 18:00:00+00:00,73.792131,73.937812,54.73213149,,5.0,73.32383892,74.9628612,EMA20_EXIT,7.97343165,,2.01940031,2.02338702,3.93064431,WIN,100.0,,,,,2566.99301404
04e09da15446099f3f57,v0.1.0,reports\backtest_v0.1.0\trade_journal.csv,SOLUSDT,2026-06-21 18:30:00+00:00,2026-06-21 20:45:00+00:00,74.32229,73.80641408,51.99211699,,5.0,73.82856265,75.55660836,STOP_LOSS,-26.82148112,,1.9320866,1.91867586,-30.67224358,LOSS,100.0,,,,,2536.32077047
2b99752cd85e0f4ba342,v0.1.0,reports\backtest_v0.1.0\trade_journal.csv,SOLUSDT,2026-06-22 07:45:00+00:00,2026-06-22 09:30:00+00:00,74.12223,73.59285279,49.99718349,,5.0,73.61493727,75.39046182,STOP_LOSS,-26.46736956,,1.85295137,1.83971768,-30.16003861,LOSS,100.0,,,,,2506.16073185
421f7d68d794843d441e,v0.1.0,reports\backtest_v0.1.0\trade_journal.csv,SOLUSDT,2026-06-22 11:30:00+00:00,2026-06-22 14:30:00+00:00,74.242266,73.71117832,49.24007518,,5.0,73.73329831,75.51468524,STOP_LOSS,-26.15079727,,1.82784738,1.81477198,-29.79341663,LOSS,100.0,,,,,2476.36731523
6b6fca9b1e0ec19be909,v0.1.0,reports\backtest_v0.1.0\trade_journal.csv,SOLUSDT,2026-06-26 14:45:00+00:00,2026-06-26 16:00:00+00:00,70.481138,73.22726808,22.3651871,,5.0,69.37389606,73.24924285,TAKE_PROFIT,61.41771298,,0.78816192,0.81887078,59.81068028,WIN,100.0,,,,,2536.17799551
887d8317702d5598d6ce,v0.1.0,reports\backtest_v0.1.0\trade_journal.csv,SOLUSDT,2026-06-26 20:00:00+00:00,2026-06-26 22:00:00+00:00,72.791831,71.74776221,24.80277501,,5.0,71.769293,75.348176,STOP_LOSS,-25.89580324,,0.9027197,0.8897718,-27.68829475,LOSS,100.0,,,,,2508.48970076
092bed6e3087504743b6,v0.1.0,reports\backtest_v0.1.0\trade_journal.csv,SOLUSDT,2026-06-28 09:45:00+00:00,2026-06-28 13:00:00+00:00,71.561462,71.57852,53.52566364,,5.0,71.09281023,72.73309142,EMA20_EXIT,0.91304077,,1.91518737,1.91564389,-2.91779049,LOSS,100.0,,,,,2505.57191027
336ad3aa9ab1399e4bb2,v0.1.0,reports\backtest_v0.1.0\trade_journal.csv,SOLUSDT,2026-06-28 15:45:00+00:00,2026-06-28 16:15:00+00:00,72.111627,71.55228336,46.58309399,,5.0,71.57375549,73.45630577,STOP_LOSS,-26.0559572,,1.67959135,1.66656337,-29.40211192,LOSS,100.0,,,,,2476.16979835
7a0fdf8a18c65fca70a7,v0.1.0,reports\backtest_v0.1.0\trade_journal.csv,SOLUSDT,2026-06-29 06:15:00+00:00,2026-06-29 11:15:00+00:00,72.701804,72.718178,30.11753582,,5.0,71.87963521,74.75722597,EMA20_EXIT,0.49314453,,1.09479959,1.09504617,-1.69670123,LOSS,100.0,,,,,2474.47309712
ae6b9685dec34f906d84,v0.1.0,reports\backtest_v0.1.0\trade_journal.csv,SOLUSDT,2026-06-29 12:30:00+00:00,2026-06-29 14:15:00+00:00,73.412017,72.48481548,27.32866892,,5.0,72.50656745,75.67564087,STOP_LOSS,-25.33918337,,1.00312635,0.99045676,-27.33276648,LOSS,100.0,,,,,2447.14033064
5085793a146b38837db5,v0.1.0,reports\backtest_v0.1.0\trade_journal.csv,SOLUSDT,2026-07-01 09:00:00+00:00,2026-07-01 12:00:00+00:00,75.182548,74.46927927,35.41851356,,5.0,74.49162676,76.9098511,STOP_LOSS,-25.26291812,,1.33142705,1.31879559,-27.91314075,LOSS,100.0,,,,,2419.22718989
903e9d74dc95f154bbee,v0.1.0,reports\backtest_v0.1.0\trade_journal.csv,SOLUSDT,2026-07-05 22:30:00+00:00,2026-07-06 00:30:00+00:00,81.704504,81.15296076,45.88909047,,5.0,81.17731395,83.02247913,STOP_LOSS,-25.30981783,,1.87467269,1.86201778,-29.0465083,LOSS,100.0,,,,,2390.18068159
782f71e9212a74278063,v0.1.0,reports\backtest_v0.1.0\trade_journal.csv,SOLUSDT,2026-07-07 00:30:00+00:00,2026-07-07 01:30:00+00:00,82.354699,81.78671454,43.9823335,,5.0,81.81125792,83.7133017,STOP_LOSS,-24.98128183,,1.81107592,1.79858528,-28.59094302,LOSS,100.0,,,,,2361.58973857
b0c9dd9f7e01a0a3eb6c,v0.1.0,reports\backtest_v0.1.0\trade_journal.csv,XRPUSDT,2025-07-11 15:45:00+00:00,2025-07-11 20:30:00+00:00,2.77323172,2.77906603,608.10176413,,5.0,2.69100864,2.97878941,EMA20_EXIT,3.5478542,,0.84320355,0.84497748,1.85967318,WIN,100.0,,,,,5001.85967318
535c21c1ca73c41cdbd3,v0.1.0,reports\backtest_v0.1.0\trade_journal.csv,XRPUSDT,2025-07-13 13:00:00+00:00,2025-07-13 14:15:00+00:00,2.80224042,2.86336778,2017.31408718,,5.0,2.77744577,2.86422705,TAKE_PROFIT,123.31308824,,2.82649954,2.88815608,117.59843262,WIN,100.0,,,,,5119.4581058
4ecf5ca7eb504d4cc185,v0.1.0,reports\backtest_v0.1.0\trade_journal.csv,XRPUSDT,2025-07-13 15:30:00+00:00,2025-07-13 19:45:00+00:00,2.8298487,2.84474632,1371.56973638,,5.0,2.79252316,2.92316254,EMA20_EXIT,20.43312474,,1.94066742,1.95088398,16.54157334,WIN,100.0,,,,,5135.99967914
2eb82f8e0e85f4baac50,v0.1.0,reports\backtest_v0.1.0\trade_journal.csv,XRPUSDT,2025-07-16 14:00:00+00:00,2025-07-16 17:15:00+00:00,2.96168824,3.01536089,2352.6166124,,5.0,2.93985723,3.01626577,TAKE_PROFIT,126.27116865,,3.48385848,3.54699406,119.24031612,WIN,100.0,,,,,5255.23999525
54c4e998504b3234d847,v0.1.0,reports\backtest_v0.1.0\trade_journal.csv,XRPUSDT,2025-07-17 19:45:00+00:00,2025-07-17 21:00:00+00:00,3.30669171,3.44007541,977.42066008,,5.0,3.2529253,3.44110774,TAKE_PROFIT,130.37198183,,1.6160144,1.68120039,127.07476704,WIN,100.0,,,,,5382.3147623
b11a1a68189ae715febf,v0.1.0,reports\backtest_v0.1.0\trade_journal.csv,XRPUSDT,2025-07-21 09:15:00+00:00,2025-07-21 12:00:00+00:00,3.54516323,3.51335099,1749.89555935,,5.0,3.51440531,3.62205804,STOP_LOSS,-55.6681003,,3.1018327,3.07399865,-61.84393164,LOSS,100.0,,,,,5320.47083066
38ddc9a130ce993f6564,v0.1.0,reports\backtest_v0.1.0\trade_journal.csv,XRPUSDT,2025-07-21 16:00:00+00:00,2025-07-21 16:15:00+00:00,3.59387784,3.55347831,1352.6676926,,5.0,3.55454467,3.69221076,STOP_LOSS,-54.64714363,,2.43066122,2.40333765,-59.4811425,LOSS,100.0,,,,,5260.98968816
5f457f60a676faef496f,v0.1.0,reports\backtest_v0.1.0\trade_journal.csv,XRPUSDT,2025-07-26 16:30:00+00:00,2025-07-26 17:30:00+00:00,3.19645865,3.17574515,2662.37815366,,5.0,3.17669816,3.24585986,STOP_LOSS,-55.14716842,,4.25509084,4.22751726,-63.62977651,LOSS,100.0,,,,,5197.35991164
42c1d599ee503bd4cf04,v0.1.0,reports\backtest_v0.1.0\trade_journal.csv,XRPUSDT,2025-08-08 14:00:00+00:00,2025-08-08 14:30:00+00:00,3.33570041,3.30483998,1740.07017104,,5.0,3.30583173,3.41037211,STOP_LOSS,-53.69931287,,2.90217639,2.87532674,-59.476816,LOSS,100.0,,,,,5137.88309565
ebc61ecfa3c9b2faea32,v0.1.0,reports\backtest_v0.1.0\trade_journal.csv,XRPUSDT,2025-08-17 16:15:00+00:00,2025-08-17 16:45:00+00:00,3.1279381,3.1144466,4091.68440246,,5.0,3.11538121,3.15933034,STOP_LOSS,-55.20297797,,6.39926777,6.37166628,-67.97391201,LOSS,100.0,,,,,5069.90918363
4ddc1e04f32c8516d403,v0.1.0,reports\backtest_v0.1.0\trade_journal.csv,XRPUSDT,2025-08-27 14:45:00+00:00,2025-08-27 18:45:00+00:00,3.00640165,3.00759745,2740.32554982,,5.0,2.98790053,3.05265445,EMA20_EXIT,3.27688129,,4.11925963,4.12089807,-4.9632764,LOSS,100.0,,,,,5064.94590723
094e939267cbe2b401d9,v0.1.0,reports\backtest_v0.1.0\trade_journal.csv,XRPUSDT,2025-09-03 14:00:00+00:00,2025-09-03 16:30:00+00:00,2.85535635,2.85734254,2945.18804469,,5.0,2.83815899,2.89834974,EMA20_EXIT,5.84970304,,4.20478069,4.20770554,-2.56278319,LOSS,100.0,,,,,5062.38312404
5b0f8a947f57fd94b134,v0.1.0,reports\backtest_v0.1.0\trade_journal.csv,XRPUSDT,2025-09-07 09:30:00+00:00,2025-09-07 13:30:00+00:00,2.82994873,2.84414343,5366.58110131,,5.0,2.82392945,2.84499693,TAKE_PROFIT,76.1770137,,7.59357469,7.63166319,60.95177582,WIN,100.0,,,,,5123.33489986
9f6923894a178c11e663,v0.1.0,reports\backtest_v0.1.0\trade_journal.csv,XRPUSDT,2025-09-11 05:00:00+00:00,2025-09-11 07:15:00+00:00,3.00280057,2.99053531,4506.87149602,,5.0,2.99143274,3.03122014,STOP_LOSS,-55.27794988,,6.76661815,6.73897917,-68.78354721,LOSS,100.0,,,,,5054.55135265
22721de08c3e9f4461a9,v0.1.0,reports\backtest_v0.1.0\trade_journal.csv,XRPUSDT,2025-09-28 00:30:00+00:00,2025-09-28 01:30:00+00:00,2.80674177,2.78971183,3121.48460774,,5.0,2.79054899,2.84722373,STOP_LOSS,-53.15871024,,4.38060062,4.35402126,-61.89333212,LOSS,100.0,,,,,4992.65802053
0eadc21b4f4a8f97519b,v0.1.0,reports\backtest_v0.1.0\trade_journal.csv,XRPUSDT,2025-10-02 05:30:00+00:00,2025-10-02 07:45:00+00:00,2.96759001,2.96830924,2858.39636045,,5.0,2.95012337,3.01125662,EMA20_EXIT,2.05584441,,4.24127424,4.24230216,-6.42773199,LOSS,100.0,,,,,4986.23028854
0cd1cf823e95c19fa175,v0.1.0,reports\backtest_v0.1.0\trade_journal.csv,XRPUSDT,2025-10-03 17:00:00+00:00,2025-10-03 17:45:00+00:00,3.05911746,3.03114037,1842.14795339,,5.0,3.03204998,3.12678615,STOP_LOSS,-51.53794828,,2.81767348,2.79190451,-57.14752628,LOSS,100.0,,,,,4929.08276226
560107fb37f0efd4cd40,v0.1.0,reports\backtest_v0.1.0\trade_journal.csv,XRPUSDT,2025-10-13 17:00:00+00:00,2025-10-13 21:45:00+00:00,2.59737898,2.61571505,1349.70183625,,5.0,2.56085919,2.68867846,EMA20_EXIT,24.74822735,,1.75284359,1.7652177,21.23016606,WIN,100.0,,,,,4950.31292832
b5e4a79e43b6a273b6a1,v0.1.0,reports\backtest_v0.1.0\trade_journal.csv,XRPUSDT,2025-10-19 05:15:00+00:00,2025-10-19 06:30:00+00:00,2.35840731,2.34591298,4198.61762114,,5.0,2.34661697,2.38788316,STOP_LOSS,-52.45889349,,4.95102524,4.9247958,-62.33471453,LOSS,100.0,,,,,4887.97821378
6a9fe7b2741b695292c2,v0.1.0,reports\backtest_v0.1.0\trade_journal.csv,XRPUSDT,2025-10-20 15:45:00+00:00,2025-10-20 16:00:00+00:00,2.46353884,2.44716764,3125.93934562,,5.0,2.44790201,2.50263091,STOP_LOSS,-51.1753801,,3.85043649,3.8248488,-58.8506654,LOSS,100.0,,,,,4829.12754838
2dd0dbaf861f69245e6e,v0.1.0,reports\backtest_v0.1.0\trade_journal.csv,XRPUSDT,2025-10-26 12:15:00+00:00,2025-10-26 16:30:00+00:00,2.64119212,2.6236319,2879.1267029,,5.0,2.62441923,2.68312434,STOP_LOSS,-50.55808613,,3.80216338,3.77688434,-58.13713385,LOSS,100.0,,,,,4770.99041454
b9f17d938b9c78b82933,v0.1.0,reports\backtest_v0.1.0\trade_journal.csv,XRPUSDT,2025-10-29 18:00:00+00:00,2025-10-29 18:30:00+00:00,2.64019182,2.61837424,2268.46185736,,5.0,2.61915999,2.6927714,STOP_LOSS,-49.49234351,,2.99458722,2.96984105,-55.45677177,LOSS,100.0,,,,,4715.53364276
ff53bee0ff6537061deb,v0.1.0,reports\backtest_v0.1.0\trade_journal.csv,XRPUSDT,2025-11-06 03:15:00+00:00,2025-11-06 06:30:00+00:00,2.35590656,2.32231608,1433.57264328,,5.0,2.32301298,2.43814052,STOP_LOSS,-48.15439878,,1.6886816,1.6646044,-51.50768478,LOSS,100.0,,,,,4664.02595798
ad3d5dfca0815778727b,v0.1.0,reports\backtest_v0.1.0\trade_journal.csv,XRPUSDT,2025-11-23 16:45:00+00:00,2025-11-23 21:00:00+00:00,2.05451617,2.05868221,2470.99011132,,5.0,2.03564104,2.101704,EMA20_EXIT,10.29424364,,2.53834457,2.54349169,5.21240738,WIN,100.0,,,,,4669.23836537
d8626ef215481b7efd9e,v0.1.0,reports\backtest_v0.1.0\trade_journal.csv,XRPUSDT,2025-11-23 22:00:00+00:00,2025-11-23 23:15:00+00:00,2.06792019,2.04973456,2657.42602264,,5.0,2.05034966,2.11184652,STOP_LOSS,-48.32697942,,2.74767246,2.72350897,-53.79816085,LOSS,100.0,,,,,4615.44020451
1cade6552d2b1a6d2c9b,v0.1.0,reports\backtest_v0.1.0\trade_journal.csv,XRPUSDT,2025-11-24 14:15:00+00:00,2025-11-24 17:00:00+00:00,2.07122118,2.1245371,2138.6204524,,5.0,2.04963979,2.12517465,TAKE_PROFIT,114.02251183,,2.21477799,2.27178924,109.5359446,WIN,100.0,,,,,4724.97614911
b39d59615a5c54a94ce3,v0.1.0,reports\backtest_v0.1.0\trade_journal.csv,XRPUSDT,2025-11-29 16:15:00+00:00,2025-11-29 18:00:00+00:00,2.21016285,2.19583407,3456.49956811,,5.0,2.19649302,2.24433742,STOP_LOSS,-49.52741464,,3.81971347,3.79494976,-57.14207787,LOSS,100.0,,,,,4667.83407124
d0532b70abf5f326012f,v0.1.0,reports\backtest_v0.1.0\trade_journal.csv,XRPUSDT,2025-11-30 03:45:00+00:00,2025-11-30 05:15:00+00:00,2.20706192,2.19549463,4279.10321846,,5.0,2.19615348,2.23433302,STOP_LOSS,-49.49761094,,4.72212288,4.69737408,-58.9171079,LOSS,100.0,,,,,4608.91696334
0d19e56f8a9da88263ee,v0.1.0,reports\backtest_v0.1.0\trade_journal.csv,XRPUSDT,2025-11-30 17:00:00+00:00,2025-11-30 19:15:00+00:00,2.19925958,2.19914006,4148.07421428,,5.0,2.1881486,2.22703703,EMA20_EXIT,-0.49577783,,4.56134598,4.56109809,-9.6182219,LOSS,100.0,,,,,4599.29874144
94838a0a7f2ea7b25922,v0.1.0,reports\backtest_v0.1.0\trade_journal.csv,XRPUSDT,2025-12-03 07:15:00+00:00,2025-12-03 10:30:00+00:00,2.19355787,2.17705554,2901.94519374,,5.0,2.17770885,2.23318041,STOP_LOSS,-47.88886493,,3.18279236,3.15884793,-54.23050522,LOSS,100.0,,,,,4545.06823622
9b20f9dedf13b5d8927d,v0.1.0,reports\backtest_v0.1.0\trade_journal.csv,XRPUSDT,2025-12-21 00:00:00+00:00,2025-12-21 01:30:00+00:00,1.93107915,1.9314204,6393.7510093,,5.0,1.92397054,1.94885067,EMA20_EXIT,2.18186753,,6.17341963,6.17451057,-10.16606267,LOSS,100.0,,,,,4534.90217356
bfa0317520a6184019e3,v0.1.0,reports\backtest_v0.1.0\trade_journal.csv,XRPUSDT,2025-12-21 10:15:00+00:00,2025-12-21 12:30:00+00:00,1.93718098,1.92733202,4891.7082662,,5.0,1.92791039,1.96035744,STOP_LOSS,-48.17825429,,4.73806211,4.71397298,-57.63028938,LOSS,100.0,,,,,4477.27188418
ed69b4cac9405850f510,v0.1.0,reports\backtest_v0.1.0\trade_journal.csv,XRPUSDT,2025-12-22 13:00:00+00:00,2025-12-22 15:30:00+00:00,1.93187939,1.92179004,4706.65544389,,5.0,1.92236675,1.95566098,STOP_LOSS,-47.48709422,,4.54634532,4.52260178,-56.55604132,LOSS,100.0,,,,,4420.71584286
836e22e7f0aeedad09b3,v0.1.0,reports\backtest_v0.1.0\trade_journal.csv,XRPUSDT,2025-12-28 14:45:00+00:00,2025-12-28 16:15:00+00:00,1.87166133,1.86586148,7085.76242721,,5.0,1.86642141,1.88476113,STOP_LOSS,-41.09633387,,6.63107376,6.6105256,-54.33793323,LOSS,100.0,,,,,4366.37790963
26a19aa7803d488fc130,v0.1.0,reports\backtest_v0.1.0\trade_journal.csv,XRPUSDT,2026-01-04 13:15:00+00:00,2026-01-04 18:30:00+00:00,2.09632871,2.079035,2619.33273962,,5.0,2.0796589,2.13800324,STOP_LOSS,-45.29797469,,2.74549121,2.72284222,-50.76630813,LOSS,100.0,,,,,4315.6116015
fe238996999535c64a7f,v0.1.0,reports\backtest_v0.1.0\trade_journal.csv,XRPUSDT,2026-01-14 15:30:00+00:00,2026-01-14 18:30:00+00:00,2.14794419,2.12826586,2266.64320765,,5.0,2.12890453,2.19554334,STOP_LOSS,-44.60375611,,2.43431155,2.41200968,-49.45007734,LOSS,100.0,,,,,4266.16152416
561f912f5858c6586b0d,v0.1.0,reports\backtest_v0.1.0\trade_journal.csv,XRPUSDT,2026-01-28 12:45:00+00:00,2026-01-28 14:45:00+00:00,1.92677786,1.91556221,4009.24508957,,5.0,1.91613705,1.95337987,STOP_LOSS,-44.96629416,,3.86246234,3.83997919,-52.66873569,LOSS,100.0,,,,,4213.49278847
53e2d528e2262ce7c21b,v0.1.0,reports\backtest_v0.1.0\trade_journal.csv,XRPUSDT,2026-01-28 21:00:00+00:00,2026-01-29 00:30:00+00:00,1.91827531,1.90259609,2788.86516356,,5.0,1.90316704,1.95604599,STOP_LOSS,-43.72723076,,2.67490559,2.65304198,-49.05517833,LOSS,100.0,,,,,4164.43761014
b400cd7b0bdabba2a368,v0.1.0,reports\backtest_v0.1.0\trade_journal.csv,XRPUSDT,2026-02-10 04:15:00+00:00,2026-02-10 06:15:00+00:00,1.44823434,1.4356674,3431.44352691,,5.0,1.43609823,1.47857463,STOP_LOSS,-43.12274309,,2.48476718,2.4632058,-48.07071607,LOSS,100.0,,,,,4116.36689407
75d59f16ab5646609020,v0.1.0,reports\backtest_v0.1.0\trade_journal.csv,XRPUSDT,2026-02-17 02:15:00+00:00,2026-02-17 04:30:00+00:00,1.48734607,1.47500731,3460.25715427,,5.0,1.47544994,1.51708639,STOP_LOSS,-42.6952998,,2.57329994,2.55195229,-47.82055203,LOSS,100.0,,,,,4068.54634203
b87d00a13ce93da41ee6,v0.1.0,reports\backtest_v0.1.0\trade_journal.csv,XRPUSDT,2026-03-13 14:30:00+00:00,2026-03-13 14:45:00+00:00,1.43533047,1.42279745,3360.75461611,,5.0,1.42322442,1.46559559,STOP_LOSS,-42.12039583,,2.41189675,2.39083655,-46.92312914,LOSS,100.0,,,,,4021.62321289
3f36351b9bbe805e43c3,v0.1.0,reports\backtest_v0.1.0\trade_journal.csv,XRPUSDT,2026-03-16 14:15:00+00:00,2026-03-16 14:45:00+00:00,1.480444,1.50810835,3575.80284197,,5.0,1.46919723,1.50856092,TAKE_PROFIT,98.92226752,,2.64688793,2.69634907,93.57903052,WIN,100.0,,,,,4115.20224341
a4d9aaf25dab5da2dc08,v0.1.0,reports\backtest_v0.1.0\trade_journal.csv,XRPUSDT,2026-03-17 00:15:00+00:00,2026-03-17 02:30:00+00:00,1.54086212,1.58040714,2570.7626159,,5.0,1.52485441,1.5808814,TAKE_PROFIT,101.6608477,,1.98059537,2.03142579,97.64882654,WIN,100.0,,,,,4212.85106995
2325dc018d9033f5b783,v0.1.0,reports\backtest_v0.1.0\trade_journal.csv,XRPUSDT,2026-03-17 03:15:00+00:00,2026-03-17 03:30:00+00:00,1.56576959,1.54353246,1934.81428018,,5.0,1.54399566,1.62020443,STOP_LOSS,-43.02471416,,1.51473668,1.49322432,-46.03267516,LOSS,100.0,,,,,4166.81839479
1d6cdb6162e917d6f50f,v0.1.0,reports\backtest_v0.1.0\trade_journal.csv,XRPUSDT,2026-04-01 12:45:00+00:00,2026-04-01 13:30:00+00:00,1.35430617,1.34681546,5879.90527788,,5.0,1.34721963,1.37202251,STOP_LOSS,-44.04464109,,3.981596,3.95957368,-51.98581077,LOSS,100.0,,,,,4114.83258403
6822197b05a7e01eeb3c,v0.1.0,reports\backtest_v0.1.0\trade_journal.csv,XRPUSDT,2026-04-11 20:30:00+00:00,2026-04-11 22:45:00+00:00,1.36120824,1.36129149,6324.54713328,,5.0,1.35470211,1.37747357,EMA20_EXIT,0.52651855,,4.30451284,4.3047761,-8.08277038,LOSS,100.0,,,,,4106.74981364
de2ded8e4328f2334877,v0.1.0,reports\backtest_v0.1.0\trade_journal.csv,XRPUSDT,2026-04-14 07:45:00+00:00,2026-04-14 10:30:00+00:00,1.36861046,1.36908915,6778.2689581,,5.0,1.36255176,1.38375721,EMA20_EXIT,3.24468957,,4.6384049,4.64002724,-6.03374257,LOSS,100.0,,,,,4100.71607107
168820223d83ea0c8554,v0.1.0,reports\backtest_v0.1.0\trade_journal.csv,XRPUSDT,2026-04-14 14:30:00+00:00,2026-04-14 15:00:00+00:00,1.37811331,1.36884889,4631.67247716,,5.0,1.36925967,1.40024742,STOP_LOSS,-42.90974941,,3.19148474,3.17002987,-49.27126402,LOSS,100.0,,,,,4051.44480705
a761aaaff7e6c0c813cc,v0.1.0,reports\backtest_v0.1.0\trade_journal.csv,XRPUSDT,2026-04-16 04:45:00+00:00,2026-04-16 07:45:00+00:00,1.40422114,1.40537826,4823.15432167,,5.0,1.39582115,1.42522112,EMA20_EXIT,5.58096833,,3.38638763,3.38917811,-1.19459742,LOSS,100.0,,,,,4050.25020963
49a5bb02a79da954bfe0,v0.1.0,reports\backtest_v0.1.0\trade_journal.csv,XRPUSDT,2026-04-16 15:15:00+00:00,2026-04-16 19:15:00+00:00,1.41652483,1.45057657,2936.06600857,,5.0,1.40273001,1.45101187,TAKE_PROFIT,99.97814589,,2.0795052,2.12949427,95.76914641,WIN,100.0,,,,,4146.01935605
56b7cb4ee4d7a1328020,v0.1.0,reports\backtest_v0.1.0\trade_journal.csv,XRPUSDT,2026-04-17 10:00:00+00:00,2026-04-17 10:30:00+00:00,1.44393305,1.43396334,4346.21014137,,5.0,1.43439366,1.46778152,STOP_LOSS,-43.33044644,,3.13781823,3.11615301,-49.58441768,LOSS,100.0,,,,,4096.43493836
020534daee39796cd582,v0.1.0,reports\backtest_v0.1.0\trade_journal.csv,XRPUSDT,2026-04-21 11:00:00+00:00,2026-04-21 12:30:00+00:00,1.43993185,1.43273135,6050.3724784,,5.0,1.4331613,1.45685824,STOP_LOSS,-43.56569729,,4.35606202,4.33427917,-52.25603848,LOSS,100.0,,,,,4044.17889988
2d4f7629ff5bc1bb2b30,v0.1.0,reports\backtest_v0.1.0\trade_journal.csv,XRPUSDT,2026-04-24 12:45:00+00:00,2026-04-24 14:15:00+00:00,1.43513041,1.42926802,7443.07313156,,5.0,1.42969693,1.44871411,STOP_LOSS,-43.63419064,,5.3408903,5.3190732,-54.29415414,LOSS,100.0,,,,,3989.88474574
662dd196ec2685c5d16b,v0.1.0,reports\backtest_v0.1.0\trade_journal.csv,XRPUSDT,2026-05-01 16:45:00+00:00,2026-05-01 19:30:00+00:00,1.39191745,1.39218222,6514.19326283,,5.0,1.38579254,1.40722974,EMA20_EXIT,1.72476295,,4.53360964,4.53447202,-7.34331871,LOSS,100.0,,,,,3982.54142704
3b5b13032bd31e45b126,v0.1.0,reports\backtest_v0.1.0\trade_journal.csv,XRPUSDT,2026-05-02 12:30:00+00:00,2026-05-02 18:00:00+00:00,1.38721604,1.38978294,8612.66301471,,5.0,1.38403957,1.39515722,EMA20_EXIT,22.10784469,,5.97381214,5.98486606,10.14916649,WIN,100.0,,,,,3992.69059353
dd76a20b482516321df0,v0.1.0,reports\backtest_v0.1.0\trade_journal.csv,XRPUSDT,2026-05-02 21:45:00+00:00,2026-05-03 00:15:00+00:00,1.39391805,1.38990222,8593.09611536,,5.0,1.39031932,1.40291487,STOP_LOSS,-34.50837705,,5.98903589,5.9717817,-46.46919464,LOSS,100.0,,,,,3946.22139889
8e2282177c10070a6035,v0.1.0,reports\backtest_v0.1.0\trade_journal.csv,XRPUSDT,2026-05-03 22:45:00+00:00,2026-05-03 23:15:00+00:00,1.39821934,1.39240771,7316.24463528,,5.0,1.39282556,1.41170379,STOP_LOSS,-42.51928975,,5.11485737,5.09359773,-52.72774485,LOSS,100.0,,,,,3893.49365404
af75017acec859de6d94,v0.1.0,reports\backtest_v0.1.0\trade_journal.csv,XRPUSDT,2026-05-05 05:30:00+00:00,2026-05-05 09:00:00+00:00,1.40252063,1.40417862,7367.85926588,,5.0,1.3972362,1.41573169,EMA20_EXIT,12.21583698,,5.16678731,5.17289523,1.87615445,WIN,100.0,,,,,3895.36980849
33d13aa513f8b09b2734,v0.1.0,reports\backtest_v0.1.0\trade_journal.csv,XRPUSDT,2026-05-06 05:30:00+00:00,2026-05-06 07:45:00+00:00,1.4184254,1.43395747,6100.85232873,,5.0,1.41204044,1.43438779,TAKE_PROFIT,94.75888778,,4.32680195,4.3741814,86.05790443,WIN,100.0,,,,,3981.42771291
7701a6959ea8c9718c3a,v0.1.0,reports\backtest_v0.1.0\trade_journal.csv,XRPUSDT,2026-05-11 14:15:00+00:00,2026-05-11 15:15:00+00:00,1.45973779,1.48215769,4353.25202842,,5.0,1.45059192,1.48260247,TAKE_PROFIT,97.59947193,,3.17730325,3.22610298,91.19606569,WIN,100.0,,,,,4072.62377861
9227d76b339fca6fc0cf,v0.1.0,reports\backtest_v0.1.0\trade_journal.csv,XRPUSDT,2026-05-24 11:00:00+00:00,2026-05-24 13:45:00+00:00,1.36360896,1.35892977,8959.95237214,,5.0,1.35933757,1.37428744,STOP_LOSS,-41.92533093,,6.10893567,6.087973,-54.1222396,LOSS,100.0,,,,,4018.50153901
5b1ccbb81ff9e8c97c54,v0.1.0,reports\backtest_v0.1.0\trade_journal.csv,XRPUSDT,2026-05-30 15:15:00+00:00,2026-05-30 19:30:00+00:00,1.3434029,1.34649593,7865.93472952,,5.0,1.33829416,1.35617475,EMA20_EXIT,24.3295721,,5.28355976,5.29572455,13.75028778,WIN,100.0,,,,,4032.25182679
1e265ccb282a25cd6081,v0.1.0,reports\backtest_v0.1.0\trade_journal.csv,XRPUSDT,2026-06-12 15:30:00+00:00,2026-06-12 15:45:00+00:00,1.14154236,1.13168722,4237.54833077,,5.0,1.13202683,1.16533119,STOP_LOSS,-41.76162379,,2.41867046,2.39778965,-46.5780839,LOSS,100.0,,,,,3985.67374289
bb9c1ad575ea029a24d9,v0.1.0,reports\backtest_v0.1.0\trade_journal.csv,XRPUSDT,2026-06-13 16:00:00+00:00,2026-06-13 16:15:00+00:00,1.15254566,1.14735421,8222.73287525,,5.0,1.14769852,1.16466351,STOP_LOSS,-42.68790293,,4.73853754,4.71719359,-52.14363407,LOSS,100.0,,,,,3933.53010882
f8569f96f939bb6b096b,v0.1.0,reports\backtest_v0.1.0\trade_journal.csv,XRPUSDT,2026-07-03 02:15:00+00:00,2026-07-03 06:00:00+00:00,1.08982685,1.10299983,7282.1708216,,5.0,1.08442526,1.10333083,TAKE_PROFIT,95.92789606,,3.96815264,4.01611659,87.94362682,WIN,100.0,,,,,4021.47373565
d2a868a0062bd8e6827c,v0.1.0,reports\backtest_v0.1.0\trade_journal.csv,XRPUSDT,2026-07-03 09:30:00+00:00,2026-07-03 12:15:00+00:00,1.10103021,1.10436859,6482.67203518,,5.0,1.09482679,1.11653877,EMA20_EXIT,21.64162267,,3.56880888,3.57962969,14.49318411,WIN,100.0,,,,,4035.96691975
42a9009dd16c6c6e6f77,v0.1.0,reports\backtest_v0.1.0\trade_journal.csv,XRPUSDT,2026-07-03 14:15:00+00:00,2026-07-03 18:30:00+00:00,1.10883255,1.12566114,5877.71303207,,5.0,1.10196599,1.12599894,TAKE_PROFIT,98.91362462,,3.25869976,3.30815658,92.34676828,WIN,100.0,,,,,4128.31368803
b921dc489c107808e7fc,v0.1.0,reports\backtest_v0.1.0\trade_journal.csv,XRPUSDT,2026-07-04 05:15:00+00:00,2026-07-04 13:15:00+00:00,1.140342,1.16054533,5021.88842722,,5.0,1.13212136,1.1608936,TAKE_PROFIT,101.45887876,,2.86333515,2.91406459,95.68147903,WIN,100.0,,,,,4223.99516706
70c419b8d795cc7a62c1,v0.1.1,reports\strategy_lab\v0.1.1\trade_journal.csv,BNBUSDT,2025-07-11 16:30:00+00:00,2025-07-11 20:30:00+00:00,690.41,692.66,3.62103678,2500.0,,676.6018,718.0264,EMA20_EXIT,8.14733274,0.0,,,8.14733274,WIN,100.0,51.15670959640022,0.3525227639532527,1.4576801793421728,0.1878370463961435,5008.14733274
7303fbc2ad3984a65aad,v0.1.1,reports\strategy_lab\v0.1.1\trade_journal.csv,BNBUSDT,2025-07-14 06:00:00+00:00,2025-07-14 10:00:00+00:00,696.6,702.23,3.58886018,2500.0,,682.668,724.464,EMA20_EXIT,20.2052828,0.0,,,20.2052828,WIN,100.0,52.84598356725525,0.3325890934685867,1.36014402142685,0.349965406795911,5028.35261555
b352867dbd4f71f83747,v0.1.1,reports\strategy_lab\v0.1.1\trade_journal.csv,BNBUSDT,2025-07-20 22:45:00+00:00,2025-07-21 07:30:00+00:00,755.44,760.18,3.30932966,2500.0,,740.3312,785.6576,EMA20_EXIT,15.6862226,0.0,,,15.6862226,WIN,100.0,54.05200542574949,0.6127912518758746,1.6075236042706758,0.3586343382510727,5044.03883815
6b7adbd0a7272f33969b,v0.1.1,reports\strategy_lab\v0.1.1\trade_journal.csv,BNBUSDT,2025-07-22 02:45:00+00:00,2025-07-22 04:45:00+00:00,766.18,750.8564,3.26294082,2500.0,,750.8564,796.8272,STOP_LOSS,-50.0,0.0,,,-50.0,LOSS,100.0,51.4522183597459,0.4967334051789655,1.311687014388515,0.09640891230099,4994.03883815
29ecce256beace527cfd,v0.1.1,reports\strategy_lab\v0.1.1\trade_journal.csv,BNBUSDT,2025-07-27 11:30:00+00:00,2025-07-27 19:00:00+00:00,796.72,828.5888,3.13786525,2500.0,,780.7856,828.5888,TAKE_PROFIT,100.0,0.0,,,100.0,WIN,100.0,51.7857257908622,0.2459536865631319,1.893174026272329,0.2249387204987777,5094.03883815
02039b6b8b1df6f5e473,v0.1.1,reports\strategy_lab\v0.1.1\trade_journal.csv,BNBUSDT,2025-08-18 23:30:00+00:00,2025-08-19 14:30:00+00:00,848.8,831.824,2.94533459,2500.0,,831.824,882.752,STOP_LOSS,-50.0,0.0,,,-50.0,LOSS,100.0,54.58775902928316,0.3317695249797183,1.3012178465027442,0.4611113167950603,5044.03883815
e0467ff3499ce078705d,v0.1.1,reports\strategy_lab\v0.1.1\trade_journal.csv,BNBUSDT,2025-08-22 13:00:00+00:00,2025-08-22 16:00:00+00:00,849.15,883.116,2.94412059,2500.0,,832.167,883.116,TAKE_PROFIT,100.0,0.0,,,100.0,WIN,75.0,52.3672833289132,0.3712427538333103,1.2172657684089496,0.0341968567586864,5144.03883815
f454878ec976e798310f,v0.1.1,reports\strategy_lab\v0.1.1\trade_journal.csv,BNBUSDT,2025-08-27 13:45:00+00:00,2025-08-27 18:45:00+00:00,859.17,862.95,2.90978503,2500.0,,841.9866,893.5368,EMA20_EXIT,10.99898739,0.0,,,10.99898739,WIN,65.0,52.34937907552016,0.2930570489081571,2.506862717029616,-0.0174968016391736,5155.03782554
6a644a4b476a566cd505,v0.1.1,reports\strategy_lab\v0.1.1\trade_journal.csv,BNBUSDT,2025-09-09 23:15:00+00:00,2025-09-10 04:45:00+00:00,879.52,880.16,2.84245952,2500.0,,861.9296,914.7008,EMA20_EXIT,1.81917409,0.0,,,1.81917409,WIN,100.0,54.37562644207236,0.1896456679756355,1.6481444339481828,0.0943407465995613,5156.85699964
3fcd38b9240bc4769ed3,v0.1.1,reports\strategy_lab\v0.1.1\trade_journal.csv,BNBUSDT,2025-09-10 08:30:00+00:00,2025-09-10 16:00:00+00:00,882.88,894.78,2.8316419,2500.0,,865.2224,918.1952,EMA20_EXIT,33.6965386,0.0,,,33.6965386,WIN,100.0,53.17835985320402,0.216860768096524,1.2519698969292974,0.1831128257273488,5190.55353824
da5b59d2d3510ee81df9,v0.1.1,reports\strategy_lab\v0.1.1\trade_journal.csv,BNBUSDT,2025-09-11 11:45:00+00:00,2025-09-12 03:15:00+00:00,899.07,902.86,2.78065112,2500.0,,881.0886,935.0328,EMA20_EXIT,10.53866773,0.0,,,10.53866773,WIN,100.0,54.61390676016127,0.2045241587506066,1.246021114616778,0.2490599703896956,5201.09220597
a8417d4dc70e24c72249,v0.1.1,reports\strategy_lab\v0.1.1\trade_journal.csv,BNBUSDT,2025-09-12 10:15:00+00:00,2025-09-12 23:00:00+00:00,907.39,922.66,2.75515489,2500.0,,889.2422,943.6856,EMA20_EXIT,42.07121524,0.0,,,42.07121524,WIN,100.0,54.91827813279132,0.2078712945577606,1.906884197811295,0.1956089369143561,5243.16342121
b5188b97acc4e65e2687,v0.1.1,reports\strategy_lab\v0.1.1\trade_journal.csv,BNBUSDT,2025-09-17 18:30:00+00:00,2025-09-17 20:45:00+00:00,951.69,953.68,2.62690582,2500.0,,932.6562,989.7576,EMA20_EXIT,5.22754258,0.0,,,5.22754258,WIN,65.0,50.23336292670515,0.4673256948415042,3.210822400425682,-0.0322328275028605,5248.3909638
f4bf7aa939e0c47aa8ce,v0.1.1,reports\strategy_lab\v0.1.1\trade_journal.csv,BNBUSDT,2025-09-18 09:00:00+00:00,2025-09-19 15:00:00+00:00,996.23,976.3054,2.50946067,2500.0,,976.3054,1036.0792,STOP_LOSS,-50.0,0.0,,,-50.0,LOSS,100.0,54.55928370372112,0.4220313345649507,1.423668995023294,0.876835447349425,5198.3909638
f46caa5351a3a5c408ee,v0.1.1,reports\strategy_lab\v0.1.1\trade_journal.csv,BNBUSDT,2025-09-20 08:45:00+00:00,2025-09-20 19:45:00+00:00,996.53,1019.16,2.50870521,2500.0,,976.5994,1036.3912,EMA20_EXIT,56.77199884,0.0,,,56.77199884,WIN,100.0,53.38360704676903,0.2914881957920729,1.6639170555303384,0.4292315897318862,5255.16296263
7a032a1bbdb3e778d801,v0.1.1,reports\strategy_lab\v0.1.1\trade_journal.csv,BNBUSDT,2025-09-24 00:45:00+00:00,2025-09-24 02:30:00+00:00,1017.31,1018.44,2.45746134,2500.0,,996.9638,1058.0024,EMA20_EXIT,2.77693132,0.0,,,2.77693132,WIN,100.0,51.50982918577337,0.4647413122941496,1.3460518466099085,0.2488547245683788,5257.93989395
be69abe27b40d0bdf8ac,v0.1.1,reports\strategy_lab\v0.1.1\trade_journal.csv,BNBUSDT,2025-09-27 22:30:00+00:00,2025-09-28 06:00:00+00:00,971.75,971.85,2.57267816,2500.0,,952.315,1010.62,EMA20_EXIT,0.25726782,0.0,,,0.25726782,WIN,100.0,50.6083643233943,0.2792860755097715,4.232699485096706,0.0590741387018042,5258.19716177
468fd2d2f506a7abfb8e,v0.1.1,reports\strategy_lab\v0.1.1\trade_journal.csv,BNBUSDT,2025-10-02 00:30:00+00:00,2025-10-02 04:15:00+00:00,1025.11,1029.89,2.43876267,2500.0,,1004.6078,1066.1144,EMA20_EXIT,11.65728556,0.0,,,11.65728556,WIN,100.0,54.10657429779752,0.2931740747541024,1.1837548775338722,0.1828684316685239,5269.85444733
4303632e633c705723f6,v0.1.1,reports\strategy_lab\v0.1.1\trade_journal.csv,BNBUSDT,2025-10-03 04:30:00+00:00,2025-10-03 13:00:00+00:00,1098.72,1103.5,2.27537498,2500.0,,1076.7456,1142.6688,EMA20_EXIT,10.87629241,0.0,,,10.87629241,WIN,100.0,54.49538549696008,0.5886043530580933,1.4022455054554726,1.2111585685552282,5280.73073974
5a17b58dd12e1350b27c,v0.1.1,reports\strategy_lab\v0.1.1\trade_journal.csv,BNBUSDT,2025-10-08 00:45:00+00:00,2025-10-08 02:00:00+00:00,1315.47,1289.1606,1.90046143,2500.0,,1289.1606,1368.0888,STOP_LOSS,-50.0,0.0,,,-50.0,LOSS,100.0,53.98914513609528,0.9606844315643194,1.7745840197352745,0.9153245714096188,5230.73073974
caac0f2448911df4a3d8,v0.1.1,reports\strategy_lab\v0.1.1\trade_journal.csv,BNBUSDT,2025-10-08 09:15:00+00:00,2025-10-08 12:15:00+00:00,1309.84,1310.06,1.90863006,2500.0,,1283.6432,1362.2336,EMA20_EXIT,0.41989861,0.0,,,0.41989861,WIN,100.0,54.45150032394324,0.7939488868709484,1.50558975974576,0.4649123611474612,5231.15063835
086798cff04dd8819c8d,v0.1.1,reports\strategy_lab\v0.1.1\trade_journal.csv,BNBUSDT,2025-10-26 14:15:00+00:00,2025-10-27 04:00:00+00:00,1132.4,1144.12,2.20770046,2500.0,,1109.752,1177.696,EMA20_EXIT,25.87424938,0.0,,,25.87424938,WIN,100.0,54.62272638173948,0.3545812796236547,2.2243411509944075,0.4656384376736194,5257.02488773
0def4266bb3789816c89,v0.1.1,reports\strategy_lab\v0.1.1\trade_journal.csv,BNBUSDT,2025-10-27 08:45:00+00:00,2025-10-27 10:15:00+00:00,1152.4,1153.3,2.16938563,2500.0,,1129.352,1198.496,EMA20_EXIT,1.95244707,0.0,,,1.95244707,WIN,100.0,51.74203953396493,0.4943262195901877,1.2714436731502798,0.4783756499671486,5258.9773348
9b7a7f681e960f23841e,v0.1.1,reports\strategy_lab\v0.1.1\trade_journal.csv,BNBUSDT,2025-11-08 19:15:00+00:00,2025-11-08 22:15:00+00:00,995.09,995.7,2.51233557,2500.0,,975.1882,1034.8936,EMA20_EXIT,1.5325247,0.0,,,1.5325247,WIN,100.0,51.12953263598131,0.5154943743121332,1.937606345865376,0.1710457816987369,5260.5098595
c2a365876ccf6cb07b20,v0.1.1,reports\strategy_lab\v0.1.1\trade_journal.csv,BNBUSDT,2025-11-09 23:00:00+00:00,2025-11-10 05:15:00+00:00,998.83,1009.24,2.50292843,2500.0,,978.8534,1038.7832,EMA20_EXIT,26.05548492,0.0,,,26.05548492,WIN,100.0,54.02007042999335,0.4118863522202688,2.1635943792638006,0.1873457295795211,5286.56534442
ca91def03336be215c6c,v0.1.1,reports\strategy_lab\v0.1.1\trade_journal.csv,BNBUSDT,2025-11-23 16:15:00+00:00,2025-11-23 23:00:00+00:00,847.0,849.76,2.95159386,2500.0,,830.06,880.88,EMA20_EXIT,8.14639906,0.0,,,8.14639906,WIN,100.0,51.578967712592565,0.3526629804174201,3.765239988629368,0.2915434182576573,5294.71174347
e50a2f0a438886d08f92,v0.1.1,reports\strategy_lab\v0.1.1\trade_journal.csv,BNBUSDT,2025-11-26 14:45:00+00:00,2025-11-26 18:15:00+00:00,859.57,893.9528,2.90843096,2500.0,,842.3786,893.9528,TAKE_PROFIT,100.0,0.0,,,100.0,WIN,100.0,51.37094370541674,0.3805012431756241,1.7030022706950283,0.0285450667206064,5394.71174347
80d8eaf7547d19360adf,v0.1.1,reports\strategy_lab\v0.1.1\trade_journal.csv,BNBUSDT,2025-11-28 14:30:00+00:00,2025-11-28 17:30:00+00:00,894.91,877.0118,2.79357701,2500.0,,877.0118,930.7064,STOP_LOSS,-50.0,0.0,,,-50.0,LOSS,100.0,52.179346175831874,0.4269681822276995,2.573865852656997,0.0700163338597164,5344.71174347
b15bc6547553c47c83a1,v0.1.1,reports\strategy_lab\v0.1.1\trade_journal.csv,BNBUSDT,2025-12-08 14:15:00+00:00,2025-12-08 18:45:00+00:00,908.99,890.8102,2.75030528,2500.0,,890.8102,945.3496,STOP_LOSS,-50.0,0.0,,,-50.0,LOSS,100.0,54.87802206959872,0.2677517999946904,1.8529460925018648,0.3031561174287089,5294.71174347
cdc240a37f3917b24390,v0.1.1,reports\strategy_lab\v0.1.1\trade_journal.csv,BNBUSDT,2025-12-12 15:00:00+00:00,2025-12-12 16:15:00+00:00,889.0,871.22,2.81214848,2500.0,,871.22,924.56,STOP_LOSS,-50.0,0.0,,,-50.0,LOSS,100.0,53.75631748479272,0.2466905391393401,1.8135107460790831,0.1138074354069536,5244.71174347
b05590f85d6bdc1db592,v0.1.1,reports\strategy_lab\v0.1.1\trade_journal.csv,BNBUSDT,2025-12-19 17:00:00+00:00,2025-12-20 00:45:00+00:00,849.22,854.26,2.94387791,2500.0,,832.2356,883.1888,EMA20_EXIT,14.83714467,0.0,,,14.83714467,WIN,100.0,53.80050515668324,0.4002812348014676,1.1891578708623032,0.3688617506833357,5259.54888814
08d37b56cada0e747870,v0.1.1,reports\strategy_lab\v0.1.1\trade_journal.csv,BNBUSDT,2025-12-21 00:30:00+00:00,2025-12-22 01:45:00+00:00,853.69,857.66,2.92846349,2500.0,,836.6162,887.8376,EMA20_EXIT,11.62600007,0.0,,,11.62600007,WIN,100.0,53.59620849624479,0.109670195586143,1.3702581009781631,0.0075958445467935,5271.17488822
1b000f8df02a96348f77,v0.1.1,reports\strategy_lab\v0.1.1\trade_journal.csv,BNBUSDT,2025-12-22 09:45:00+00:00,2025-12-22 13:30:00+00:00,862.21,863.01,2.89952564,2500.0,,844.9658,896.6984,EMA20_EXIT,2.31962051,0.0,,,2.31962051,WIN,100.0,52.79601455219069,0.3147267078081341,2.472527961483574,0.3089912716601704,5273.49450873
dc0f9f115aa769fda5ae,v0.1.1,reports\strategy_lab\v0.1.1\trade_journal.csv,BNBUSDT,2025-12-22 16:30:00+00:00,2025-12-23 06:15:00+00:00,866.86,849.5228,2.88397204,2500.0,,849.5228,901.5344,STOP_LOSS,-50.0,0.0,,,-50.0,LOSS,100.0,54.788532080803606,0.3354285956549141,1.4769614134590323,0.2684000982075915,5223.49450873
e052fbd03df7ca418011,v0.1.1,reports\strategy_lab\v0.1.1\trade_journal.csv,BNBUSDT,2025-12-27 22:30:00+00:00,2025-12-28 01:00:00+00:00,841.81,842.36,2.96979128,2500.0,,824.9738,875.4824,EMA20_EXIT,1.63338521,0.0,,,1.63338521,WIN,100.0,53.12437259556514,0.1400511875169827,1.6120937562967017,0.1070452285173257,5225.12789393
afd0a90247e67788d604,v0.1.1,reports\strategy_lab\v0.1.1\trade_journal.csv,BNBUSDT,2025-12-29 01:00:00+00:00,2025-12-29 05:15:00+00:00,860.78,866.59,2.90434257,2500.0,,843.5644,895.2112,EMA20_EXIT,16.87423035,0.0,,,16.87423035,WIN,100.0,52.81291706343384,0.2353655127005601,1.5891664087437285,0.2192149719374116,5242.00212428
0bd829ec770ba5eebc5f,v0.1.1,reports\strategy_lab\v0.1.1\trade_journal.csv,BNBUSDT,2025-12-31 14:30:00+00:00,2026-01-02 14:00:00+00:00,869.23,869.57,2.87610874,2500.0,,851.8454,903.9992,EMA20_EXIT,0.97787697,0.0,,,0.97787697,WIN,100.0,53.623878601677234,0.2555967084391275,2.57552869783478,0.2862670166197295,5242.98000125
99cc6aa5c7f26734ffc1,v0.1.1,reports\strategy_lab\v0.1.1\trade_journal.csv,BNBUSDT,2026-01-04 06:30:00+00:00,2026-01-04 11:00:00+00:00,885.28,885.54,2.8239653,2500.0,,867.5744,920.6912,EMA20_EXIT,0.73423098,0.0,,,0.73423098,WIN,100.0,53.21583268561516,0.208255589919069,1.5759965450878568,0.3500380769818578,5243.71423223
81415aab795eb0ba7c30,v0.1.1,reports\strategy_lab\v0.1.1\trade_journal.csv,BNBUSDT,2026-01-04 15:00:00+00:00,2026-01-04 19:00:00+00:00,887.62,892.09,2.81652058,2500.0,,869.8676,923.1248,EMA20_EXIT,12.58984701,0.0,,,12.58984701,WIN,100.0,54.745356147919615,0.1811520963868202,1.4880814024640805,0.168514125087559,5256.30407924
07e0d39918d299bd4179,v0.1.1,reports\strategy_lab\v0.1.1\trade_journal.csv,BNBUSDT,2026-01-05 14:45:00+00:00,2026-01-05 21:15:00+00:00,904.51,909.04,2.76392743,2500.0,,886.4198,940.6904,EMA20_EXIT,12.52059126,0.0,,,12.52059126,WIN,100.0,54.24550670864798,0.307448918379986,1.3904650422467353,0.2637741816317143,5268.8246705
36fa25e2b7755a26d9f4,v0.1.1,reports\strategy_lab\v0.1.1\trade_journal.csv,BNBUSDT,2026-01-13 07:45:00+00:00,2026-01-13 22:00:00+00:00,910.05,946.452,2.74710181,2500.0,,891.849,946.452,TAKE_PROFIT,100.0,0.0,,,100.0,WIN,100.0,54.09615859366241,0.2300349222276428,1.6836578474585346,0.2287177259488914,5368.8246705
d4f985b8cf3b19ee4bc3,v0.1.1,reports\strategy_lab\v0.1.1\trade_journal.csv,BNBUSDT,2026-01-18 14:15:00+00:00,2026-01-18 19:45:00+00:00,947.4,949.7,2.63880093,2500.0,,928.452,985.296,EMA20_EXIT,6.06924214,0.0,,,6.06924214,WIN,100.0,52.90687358534628,0.1644511358856989,1.2551100803070172,0.0020877767990715,5374.89391263
5e790fa33556666e2076,v0.1.1,reports\strategy_lab\v0.1.1\trade_journal.csv,BNBUSDT,2026-01-27 13:45:00+00:00,2026-01-27 17:30:00+00:00,882.3,885.47,2.83350334,2500.0,,864.654,917.592,EMA20_EXIT,8.9822056,0.0,,,8.9822056,WIN,75.0,54.99846897959691,0.1569331500326903,1.412775859676753,0.0052814000925843,5383.87611823
693cceafd0e0b67c11ac,v0.1.1,reports\strategy_lab\v0.1.1\trade_journal.csv,BNBUSDT,2026-01-28 17:45:00+00:00,2026-01-29 14:30:00+00:00,904.48,886.3904,2.7640191,2500.0,,886.3904,940.6592,STOP_LOSS,-50.0,0.0,,,-50.0,LOSS,75.0,54.92355482369851,0.2988907046051904,1.9163033382686403,0.0317759692239333,5333.87611823
b7775e5e120b3135feb2,v0.1.1,reports\strategy_lab\v0.1.1\trade_journal.csv,BNBUSDT,2026-02-14 23:15:00+00:00,2026-02-15 08:15:00+00:00,632.38,634.04,3.95331921,2500.0,,619.7324,657.6752,EMA20_EXIT,6.56250988,0.0,,,6.56250988,WIN,100.0,51.56161978043806,0.3035449756589503,1.4542649990904162,0.2306811842476145,5340.43862811
0e457138897e1621ee2a,v0.1.1,reports\strategy_lab\v0.1.1\trade_journal.csv,BNBUSDT,2026-02-17 14:15:00+00:00,2026-02-17 14:45:00+00:00,622.41,609.9618,4.01664498,2500.0,,609.9618,647.3064,STOP_LOSS,-50.0,0.0,,,-50.0,LOSS,65.0,54.7619953942717,0.3378390709816265,1.8818545098422008,-0.0612520166558942,5290.43862811
9d24290671934d57c988,v0.1.1,reports\strategy_lab\v0.1.1\trade_journal.csv,BNBUSDT,2026-03-02 14:15:00+00:00,2026-03-02 15:15:00+00:00,621.72,646.5888,4.02110275,2500.0,,609.2856,646.5888,TAKE_PROFIT,100.0,0.0,,,100.0,WIN,100.0,54.017387673747805,0.4023774715824878,1.1505171940313146,0.0652249489166149,5390.43862811
9e06f28d9334cc2acf0a,v0.1.1,reports\strategy_lab\v0.1.1\trade_journal.csv,BNBUSDT,2026-03-03 16:30:00+00:00,2026-03-03 20:00:00+00:00,630.72,631.01,3.963724,2500.0,,618.1056,655.9488,EMA20_EXIT,1.14947996,0.0,,,1.14947996,WIN,65.0,54.02051003372456,0.6205584173575039,1.626555527034199,-0.1023922406091298,5391.58810807
088bd49a77a8037eb305,v0.1.1,reports\strategy_lab\v0.1.1\trade_journal.csv,BNBUSDT,2026-03-09 19:30:00+00:00,2026-03-09 22:30:00+00:00,637.72,638.07,3.92021577,2500.0,,624.9656,663.2288,EMA20_EXIT,1.37207552,0.0,,,1.37207552,WIN,100.0,53.6265482568317,0.4895531104011745,1.6559863190503772,0.5833457188320875,5392.96018359
5bc06005e9a64984f092,v0.1.1,reports\strategy_lab\v0.1.1\trade_journal.csv,BNBUSDT,2026-03-10 15:30:00+00:00,2026-03-11 23:15:00+00:00,647.31,651.68,3.86213715,2500.0,,634.3638,673.2024,EMA20_EXIT,16.87753936,0.0,,,16.87753936,WIN,100.0,53.621105287634464,0.4416605211506895,1.6733289383673555,0.2270559334151422,5409.83772295
720f0b89003a47d66b08,v0.1.1,reports\strategy_lab\v0.1.1\trade_journal.csv,BNBUSDT,2026-03-12 15:30:00+00:00,2026-03-13 13:15:00+00:00,652.11,678.1944,3.83370904,2500.0,,639.0678,678.1944,TAKE_PROFIT,100.0,0.0,,,100.0,WIN,100.0,54.04911607461765,0.4098853013560974,1.7963286481433547,0.1716271714799832,5509.83772295
4161d8b62ed2d8a4efa4,v0.1.1,reports\strategy_lab\v0.1.1\trade_journal.csv,BNBUSDT,2026-03-17 00:15:00+00:00,2026-03-17 02:00:00+00:00,680.95,681.03,3.67134151,2500.0,,667.331,708.188,EMA20_EXIT,0.29370732,0.0,,,0.29370732,WIN,100.0,53.106169281093614,0.4765511985072473,1.8975514989666449,0.2036917332558008,5510.13143027
f1ce841e904d1407e510,v0.1.1,reports\strategy_lab\v0.1.1\trade_journal.csv,BNBUSDT,2026-03-25 07:45:00+00:00,2026-03-25 12:30:00+00:00,643.57,647.25,3.88458132,2500.0,,630.6986,669.3128,EMA20_EXIT,14.29525926,0.0,,,14.29525926,WIN,100.0,53.80060173236637,0.2379557979982214,1.7510612252132634,0.451309663815594,5524.42668953
055fcb3169406fc0b1f4,v0.1.1,reports\strategy_lab\v0.1.1\trade_journal.csv,BNBUSDT,2026-03-25 16:45:00+00:00,2026-03-26 05:45:00+00:00,647.56,634.6088,3.86064612,2500.0,,634.6088,673.4624,STOP_LOSS,-50.0,0.0,,,-50.0,LOSS,100.0,51.2014605101948,0.3401033144212606,1.5769519563700616,0.2159692929700192,5474.42668953
f27b6c14738dd3ad9bfc,v0.1.1,reports\strategy_lab\v0.1.1\trade_journal.csv,BNBUSDT,2026-04-07 10:15:00+00:00,2026-04-08 02:30:00+00:00,601.62,615.04,4.15544696,2500.0,,589.5876,625.6848,EMA20_EXIT,55.7660982,0.0,,,55.7660982,WIN,100.0,51.50698943564878,0.2543780663314943,1.5379475567286771,0.0693510199116321,5530.19278773
c062d4f349538bdef4dc,v0.1.1,reports\strategy_lab\v0.1.1\trade_journal.csv,BNBUSDT,2026-04-08 12:45:00+00:00,2026-04-08 14:45:00+00:00,613.48,601.2104,4.07511247,2500.0,,601.2104,638.0192,STOP_LOSS,-50.0,0.0,,,-50.0,LOSS,75.0,51.58944980760822,0.2489845391868449,4.589895203219595,0.0166795740242203,5480.19278773
63a260deb79b5c21a4ab,v0.1.1,reports\strategy_lab\v0.1.1\trade_journal.csv,BNBUSDT,2026-04-15 02:15:00+00:00,2026-04-15 23:00:00+00:00,617.44,622.97,4.04897642,2500.0,,605.0912,642.1376,EMA20_EXIT,22.3908396,0.0,,,22.3908396,WIN,100.0,54.36138208844804,0.2556978967348231,1.1798666909460604,0.0428081849916592,5502.58362732
714bedc69ffccd2cd9d6,v0.1.1,reports\strategy_lab\v0.1.1\trade_journal.csv,BNBUSDT,2026-04-18 02:45:00+00:00,2026-04-18 06:15:00+00:00,644.16,644.33,3.88102335,2500.0,,631.2768,669.9264,EMA20_EXIT,0.65977397,0.0,,,0.65977397,WIN,100.0,52.18480012908636,0.2618527022952837,1.324291324153901,0.3231816458547887,5503.24340129
21d75d79e103ea60a7c0,v0.1.1,reports\strategy_lab\v0.1.1\trade_journal.csv,BNBUSDT,2026-04-24 16:00:00+00:00,2026-04-27 06:30:00+00:00,638.69,625.9162,3.91426201,2500.0,,625.9162,664.2376,STOP_LOSS,-50.0,0.0,,,-50.0,LOSS,100.0,54.86326952170435,0.2307452941592267,1.4422773739768626,0.1268637981979079,5453.24340129
955019b7b3a402c65da5,v0.1.1,reports\strategy_lab\v0.1.1\trade_journal.csv,BNBUSDT,2026-05-03 17:30:00+00:00,2026-05-04 06:30:00+00:00,619.74,628.37,4.03394972,2500.0,,607.3452,644.5296,EMA20_EXIT,34.81298609,0.0,,,34.81298609,WIN,100.0,53.35665226215215,0.1263220541540784,1.8053473668556883,0.125057003625801,5488.05638738
413fd1a24869f3b06869,v0.1.1,reports\strategy_lab\v0.1.1\trade_journal.csv,BNBUSDT,2026-05-05 02:45:00+00:00,2026-05-05 06:15:00+00:00,625.2,626.2,3.99872041,2500.0,,612.696,650.208,EMA20_EXIT,3.99872041,0.0,,,3.99872041,WIN,65.0,52.07136403977528,0.1945316101328529,1.1560368158561067,-0.0046690340674838,5492.05510779
ea62d5b3bd5bf21e88e4,v0.1.1,reports\strategy_lab\v0.1.1\trade_journal.csv,BNBUSDT,2026-05-07 09:15:00+00:00,2026-05-07 22:00:00+00:00,649.24,636.2552,3.85065615,2500.0,,636.2552,675.2096,STOP_LOSS,-50.0,0.0,,,-50.0,LOSS,100.0,54.44810097755811,0.2708151016909669,1.2760139313678296,0.2019892443645607,5442.05510779
f1c6cc528540e9387102,v0.1.1,reports\strategy_lab\v0.1.1\trade_journal.csv,BNBUSDT,2026-05-12 12:30:00+00:00,2026-05-13 06:30:00+00:00,662.83,677.11,3.77170617,2500.0,,649.5734,689.3432,EMA20_EXIT,53.85996409,0.0,,,53.85996409,WIN,100.0,54.78885746481371,0.2495124054061567,2.1905797682136354,0.0145241712812612,5495.91507189
511fe97b2ec604682295,v0.1.1,reports\strategy_lab\v0.1.1\trade_journal.csv,BNBUSDT,2026-05-15 09:15:00+00:00,2026-05-15 12:00:00+00:00,683.66,684.24,3.65678846,2500.0,,669.9868,711.0064,EMA20_EXIT,2.12093731,0.0,,,2.12093731,WIN,100.0,53.269629091961775,0.3772072328266349,1.2991578650381788,0.2276067125734859,5498.03600919
eea5415139e98a9dcfc8,v0.1.1,reports\strategy_lab\v0.1.1\trade_journal.csv,BNBUSDT,2026-05-25 15:15:00+00:00,2026-05-26 17:30:00+00:00,668.41,655.0418,3.74021933,2500.0,,655.0418,695.1464,STOP_LOSS,-50.0,0.0,,,-50.0,LOSS,100.0,54.997233441359214,0.2365361101192269,1.7526422452526844,0.571034829438741,5448.03600919
a281d1a84c0811790ea8,v0.1.1,reports\strategy_lab\v0.1.1\trade_journal.csv,BNBUSDT,2026-06-01 10:15:00+00:00,2026-06-01 13:45:00+00:00,699.46,685.4708,3.5741858,2500.0,,685.4708,727.4384,STOP_LOSS,-50.0,0.0,,,-50.0,LOSS,65.0,51.18045431776781,0.9775263012719942,1.2161285320540958,-0.4316507268290313,5398.03600919
e0543c9a343c7e86a0da,v0.1.1,reports\strategy_lab\v0.1.1\trade_journal.csv,BNBUSDT,2026-06-08 13:15:00+00:00,2026-06-08 20:15:00+00:00,600.01,605.81,4.16659722,2500.0,,588.0098,624.0104,EMA20_EXIT,24.1662639,0.0,,,24.1662639,WIN,100.0,51.20877181267201,0.4361732577922135,1.7062590154755453,0.1878940594605271,5422.20227309
2e06a0e17c5c62e54f17,v0.1.1,reports\strategy_lab\v0.1.1\trade_journal.csv,BNBUSDT,2026-06-14 07:00:00+00:00,2026-06-14 12:45:00+00:00,610.39,611.26,4.09574207,2500.0,,598.1822,634.8056,EMA20_EXIT,3.5632956,0.0,,,3.5632956,WIN,100.0,52.92171143428527,0.1719323334999299,1.666080634049658,0.1142096883086129,5425.76556869
fcd5934abecaeb91249f,v0.1.1,reports\strategy_lab\v0.1.1\trade_journal.csv,BNBUSDT,2026-06-15 15:15:00+00:00,2026-06-15 17:15:00+00:00,624.26,625.5,4.00474161,2500.0,,611.7748,649.2304,EMA20_EXIT,4.9658796,0.0,,,4.9658796,WIN,100.0,54.45966074010288,0.390556816132227,1.4563166436369257,0.604749174865855,5430.73144829
6c075650b493fbf1e663,v0.1.1,reports\strategy_lab\v0.1.1\trade_journal.csv,BNBUSDT,2026-06-20 15:30:00+00:00,2026-06-21 05:00:00+00:00,586.69,589.18,4.26119416,2500.0,,574.9562,610.1576,EMA20_EXIT,10.61037345,0.0,,,10.61037345,WIN,100.0,54.92566819805035,0.2847846131215508,1.2622164907946618,0.1336798180399171,5441.34182174
cfc720f07ccb7a47c905,v0.1.1,reports\strategy_lab\v0.1.1\trade_journal.csv,BNBUSDT,2026-07-01 22:30:00+00:00,2026-07-02 16:15:00+00:00,553.88,559.74,4.51361306,2500.0,,542.8024,576.0352,EMA20_EXIT,26.44977251,0.0,,,26.44977251,WIN,100.0,54.18375994793837,0.3291494765708503,1.3220432672216642,0.381787986976418,5467.79159425
5cfac23e3aeb8e23c423,v0.1.1,reports\strategy_lab\v0.1.1\trade_journal.csv,BNBUSDT,2026-07-03 15:15:00+00:00,2026-07-04 01:00:00+00:00,565.47,571.85,4.42110103,2500.0,,554.1606,588.0888,EMA20_EXIT,28.20662458,0.0,,,28.20662458,WIN,100.0,52.15575303469015,0.2934597457667574,1.386290093934206,0.274128033355529,5495.99821883
56990a794a1a59d351fb,v0.1.1,reports\strategy_lab\v0.1.1\trade_journal.csv,BNBUSDT,2026-07-04 10:15:00+00:00,2026-07-04 19:00:00+00:00,572.26,575.84,4.36864362,2500.0,,560.8148,595.1504,EMA20_EXIT,15.63974417,0.0,,,15.63974417,WIN,100.0,52.73980170931351,0.2445300332735619,1.314820130823396,0.0924629432778107,5511.637963
2bfe8058e78b128e82c2,v0.1.1,reports\strategy_lab\v0.1.1\trade_journal.csv,BNBUSDT,2026-07-05 11:00:00+00:00,2026-07-05 18:00:00+00:00,575.14,584.87,4.34676774,2500.0,,563.6372,598.1456,EMA20_EXIT,42.29405014,0.0,,,42.29405014,WIN,100.0,53.91888024267379,0.2705923882544073,1.2427058871525996,0.1354882158582977,5553.93201315
70e63669f1f039c0e090,v0.1.1,reports\strategy_lab\v0.1.1\trade_journal.csv,BNBUSDT,2026-07-06 01:15:00+00:00,2026-07-06 09:30:00+00:00,590.17,578.3666,4.23606757,2500.0,,578.3666,613.7768,STOP_LOSS,-50.0,0.0,,,-50.0,LOSS,100.0,52.30014055747616,0.3672271834981729,1.2108698916140408,0.4545325486428213,5503.93201315
180495a4bfaccdd165f4,v0.1.1,reports\strategy_lab\v0.1.1\trade_journal.csv,BTCUSDT,2025-07-14 00:45:00+00:00,2025-07-14 09:45:00+00:00,119061.4,121973.74,0.02099757,2500.0,,116680.172,123823.856,EMA20_EXIT,61.15206104,0.0,,,61.15206104,WIN,100.0,54.8642974406468,0.2466963158490437,1.173733028602561,0.1618991116219298,5061.15206104
e6f551d7e8ef15dc8cae,v0.1.1,reports\strategy_lab\v0.1.1\trade_journal.csv,BTCUSDT,2025-07-14 12:45:00+00:00,2025-07-14 16:00:00+00:00,121918.0,119479.64,0.02050559,2500.0,,119479.64,126794.72,STOP_LOSS,-50.0,0.0,,,-50.0,LOSS,100.0,53.88495494301945,0.2507047653247514,1.243841483460714,0.4462719613362039,5011.15206104
f532f6fdf49ce3efd2e7,v0.1.1,reports\strategy_lab\v0.1.1\trade_journal.csv,BTCUSDT,2025-07-21 14:00:00+00:00,2025-07-22 01:15:00+00:00,118662.45,116289.201,0.02106816,2500.0,,116289.201,123408.948,STOP_LOSS,-50.0,0.0,,,-50.0,LOSS,75.0,53.11095888170751,0.2754291223010882,1.5098118827872695,0.040147408611969,4961.15206104
3119ea70601bfb7971cf,v0.1.1,reports\strategy_lab\v0.1.1\trade_journal.csv,BTCUSDT,2025-07-27 23:00:00+00:00,2025-07-28 00:30:00+00:00,119227.99,119252.7,0.02096823,2500.0,,116843.4302,123997.1096,EMA20_EXIT,0.51812498,0.0,,,0.51812498,WIN,100.0,53.2962655051636,0.191103729401808,1.6653362685888626,0.2685655097214478,4961.67018602
3c6f84f26639ad7a13a0,v0.1.1,reports\strategy_lab\v0.1.1\trade_journal.csv,BTCUSDT,2025-08-04 08:45:00+00:00,2025-08-04 15:30:00+00:00,114546.25,114718.28,0.02182525,2500.0,,112255.325,119128.1,EMA20_EXIT,3.75459694,0.0,,,3.75459694,WIN,100.0,52.46247633617083,0.1515977349476529,1.2887137593675224,0.0710717895664445,4965.42478296
94461729f1ef14bcb9c5,v0.1.1,reports\strategy_lab\v0.1.1\trade_journal.csv,BTCUSDT,2025-08-08 14:00:00+00:00,2025-08-09 11:45:00+00:00,116763.59,117110.0,0.02141078,2500.0,,114428.3182,121434.1336,EMA20_EXIT,7.41690967,0.0,,,7.41690967,WIN,65.0,52.35977572401642,0.1791941852607678,3.4218392790303787,-0.0091600363633017,4972.84169263
a12767ac7b52c8635fb3,v0.1.1,reports\strategy_lab\v0.1.1\trade_journal.csv,BTCUSDT,2025-08-13 13:30:00+00:00,2025-08-13 15:15:00+00:00,120344.02,120571.61,0.02077378,2500.0,,117937.1396,125157.7808,EMA20_EXIT,4.72790422,0.0,,,4.72790422,WIN,100.0,53.043109560894656,0.2227079420030186,1.66320873825246,0.2581479881747118,4977.56959685
fd0b6550cca15ffd40d2,v0.1.1,reports\strategy_lab\v0.1.1\trade_journal.csv,BTCUSDT,2025-09-02 22:00:00+00:00,2025-09-03 01:00:00+00:00,111119.99,111220.97,0.0224982,2500.0,,108897.5902,115564.7896,EMA20_EXIT,2.27186845,0.0,,,2.27186845,WIN,100.0,54.79190697741369,0.2787290773545942,1.3755630422104783,0.2984542266248475,4979.84146531
355032e9f9a7e80cfd27,v0.1.1,reports\strategy_lab\v0.1.1\trade_journal.csv,BTCUSDT,2025-09-03 13:45:00+00:00,2025-09-03 16:30:00+00:00,111475.07,111733.64,0.02242654,2500.0,,109245.5686,115934.0728,EMA20_EXIT,5.79883018,0.0,,,5.79883018,WIN,100.0,54.9320883255391,0.250234294667453,3.3196170776639327,0.1406287112769246,4985.64029548
387eef77c58252a8dd83,v0.1.1,reports\strategy_lab\v0.1.1\trade_journal.csv,BTCUSDT,2025-09-05 21:00:00+00:00,2025-09-08 13:45:00+00:00,111318.83,111906.55,0.02245802,2500.0,,109092.4534,115771.5832,EMA20_EXIT,13.19902482,0.0,,,13.19902482,WIN,65.0,49.62799180941808,0.2768203925471357,1.1583417397578604,-0.1097391398219153,4998.8393203
de4dfcd0613a1e896775,v0.1.1,reports\strategy_lab\v0.1.1\trade_journal.csv,BTCUSDT,2025-09-09 13:15:00+00:00,2025-09-10 17:15:00+00:00,112809.3,113482.01,0.02216129,2500.0,,110553.114,117321.672,EMA20_EXIT,14.90812371,0.0,,,14.90812371,WIN,100.0,54.64322670250117,0.1853283894077803,1.2014629786083229,0.1692686322482317,5013.74744401
e1cc30a5c94b40fe602c,v0.1.1,reports\strategy_lab\v0.1.1\trade_journal.csv,BTCUSDT,2025-09-10 20:00:00+00:00,2025-09-11 00:30:00+00:00,113675.31,113756.98,0.02199246,2500.0,,111401.8038,118222.3224,EMA20_EXIT,1.79612442,0.0,,,1.79612442,WIN,100.0,54.78715273842568,0.2462037700538773,1.9602822503984771,0.3150644661409418,5015.54356843
a00e5496e2e18b405823,v0.1.1,reports\strategy_lab\v0.1.1\trade_journal.csv,BTCUSDT,2025-09-16 08:15:00+00:00,2025-09-17 00:00:00+00:00,115755.28,116622.04,0.02159729,2500.0,,113440.1744,120385.4912,EMA20_EXIT,18.71966445,0.0,,,18.71966445,WIN,100.0,54.74224922093223,0.1623968553922788,1.1796367481227754,0.1794894481040535,5034.26323288
0d0c5bc45524ef659675,v0.1.1,reports\strategy_lab\v0.1.1\trade_journal.csv,BTCUSDT,2025-09-18 15:00:00+00:00,2025-09-18 17:30:00+00:00,117410.47,117483.32,0.02129282,2500.0,,115062.2606,122106.8888,EMA20_EXIT,1.55118193,0.0,,,1.55118193,WIN,100.0,52.338350571816,0.1896484167228816,1.278110422658515,0.1784189945474452,5035.81441482
38b4d711de986ba4bbc9,v0.1.1,reports\strategy_lab\v0.1.1\trade_journal.csv,BTCUSDT,2025-09-29 10:30:00+00:00,2025-09-29 22:30:00+00:00,112045.96,114050.44,0.02231227,2500.0,,109805.0408,116527.7984,EMA20_EXIT,44.72450412,0.0,,,44.72450412,WIN,100.0,54.27923942036132,0.1432529517796094,1.791187084021948,0.2621753953984075,5080.53891894
ff52bc65d5854fbde828,v0.1.1,reports\strategy_lab\v0.1.1\trade_journal.csv,BTCUSDT,2025-09-30 00:15:00+00:00,2025-09-30 03:15:00+00:00,114170.71,114326.07,0.02189703,2500.0,,111887.2958,118737.5384,EMA20_EXIT,3.40192331,0.0,,,3.40192331,WIN,100.0,54.58971492809864,0.1537082492420991,1.748824964737227,0.3845985444662198,5083.94084225
4f404fcb78937007d5a9,v0.1.1,reports\strategy_lab\v0.1.1\trade_journal.csv,BTCUSDT,2025-10-01 02:45:00+00:00,2025-10-01 04:45:00+00:00,114272.15,114289.01,0.0218776,2500.0,,111986.707,118843.036,EMA20_EXIT,0.36885628,0.0,,,0.36885628,WIN,100.0,54.4195147638216,0.1786216605505746,1.7779259190473549,0.2141438646851417,5084.30969853
e6f6068885d1ce0c4ac7,v0.1.1,reports\strategy_lab\v0.1.1\trade_journal.csv,BTCUSDT,2025-10-01 07:30:00+00:00,2025-10-01 17:30:00+00:00,114537.35,117148.77,0.02182694,2500.0,,112246.603,119118.844,EMA20_EXIT,56.99931071,0.0,,,56.99931071,WIN,100.0,54.63752386438534,0.188785500755156,1.3234075643030545,0.1709492498677544,5141.30900924
c7f8c09e282d9e5d99f3,v0.1.1,reports\strategy_lab\v0.1.1\trade_journal.csv,BTCUSDT,2025-10-06 00:45:00+00:00,2025-10-06 04:30:00+00:00,123347.29,123718.49,0.02026798,2500.0,,120880.3442,128281.1816,EMA20_EXIT,7.52347295,0.0,,,7.52347295,WIN,100.0,54.83228389603298,0.2485025980295278,2.41991708170572,0.0613050646630734,5148.83248219
fb7cae3c67216e43e118,v0.1.1,reports\strategy_lab\v0.1.1\trade_journal.csv,BTCUSDT,2025-10-20 15:00:00+00:00,2025-10-21 04:00:00+00:00,111034.91,108814.2118,0.02251544,2500.0,,108814.2118,115476.3064,STOP_LOSS,-50.0,0.0,,,-50.0,LOSS,100.0,53.24473165601776,0.2782553619403495,2.206991668908864,0.3655174667562151,5098.83248219
11fcb46d4b7305c20c0a,v0.1.1,reports\strategy_lab\v0.1.1\trade_journal.csv,BTCUSDT,2025-11-10 14:00:00+00:00,2025-11-11 13:15:00+00:00,106244.37,104119.4826,0.02353066,2500.0,,104119.4826,110494.1448,STOP_LOSS,-50.0,0.0,,,-50.0,LOSS,100.0,52.279977386456885,0.2414300476325915,1.90432380300337,0.2535720928808999,5048.83248219
8391d7843f16c4fb5d5b,v0.1.1,reports\strategy_lab\v0.1.1\trade_journal.csv,BTCUSDT,2025-11-28 14:30:00+00:00,2025-11-29 18:00:00+00:00,92010.5,90170.29,0.02717081,2500.0,,90170.29,95690.92,STOP_LOSS,-50.0,0.0,,,-50.0,LOSS,100.0,54.85000797450297,0.3988659124002277,3.3015422584479444,0.2647114475175802,4998.83248219
1b663488ed38e0844985,v0.1.1,reports\strategy_lab\v0.1.1\trade_journal.csv,BTCUSDT,2025-12-03 20:45:00+00:00,2025-12-04 00:30:00+00:00,92980.43,93048.33,0.02688738,2500.0,,91120.8214,96699.6472,EMA20_EXIT,1.82565299,0.0,,,1.82565299,WIN,100.0,52.507501210196565,0.4393606407677596,1.1821312193831668,0.1324302215898753,5000.65813518
4075210ef0c2e6ed6579,v0.1.1,reports\strategy_lab\v0.1.1\trade_journal.csv,BTCUSDT,2025-12-04 01:15:00+00:00,2025-12-04 03:30:00+00:00,93384.29,93477.55,0.0267711,2500.0,,91516.6042,97119.6616,EMA20_EXIT,2.49667262,0.0,,,2.49667262,WIN,100.0,52.68257156594693,0.4360905967551267,1.6482525041360212,0.2196415677237663,5003.1548078
7b25f301ddeed4f1faff,v0.1.1,reports\strategy_lab\v0.1.1\trade_journal.csv,BTCUSDT,2025-12-08 23:00:00+00:00,2025-12-09 16:45:00+00:00,90812.75,94445.26,0.02752917,2500.0,,88996.495,94445.26,TAKE_PROFIT,100.0,0.0,,,100.0,WIN,65.0,52.61775623309666,0.3709837191757885,1.1985499597160747,-0.0588266245626256,5103.1548078
1efe5a415162bf707e35,v0.1.1,reports\strategy_lab\v0.1.1\trade_journal.csv,BTCUSDT,2025-12-10 19:15:00+00:00,2025-12-10 21:30:00+00:00,92467.72,92477.19,0.02703646,2500.0,,90618.3656,96166.4288,EMA20_EXIT,0.2560353,0.0,,,0.2560353,WIN,100.0,52.74283489258741,0.5071874606941249,1.485483847370969,0.0414957221243569,5103.41084309
b55bb1f8ceb8146fa5c8,v0.1.1,reports\strategy_lab\v0.1.1\trade_journal.csv,BTCUSDT,2025-12-18 14:30:00+00:00,2025-12-18 16:45:00+00:00,87826.78,88014.0,0.02846512,2500.0,,86070.2444,91339.8512,EMA20_EXIT,5.32924012,0.0,,,5.32924012,WIN,100.0,53.7878673727217,0.5703928941972856,2.698298151585043,0.5292394468367317,5108.74008322
7d63e05e988243160927,v0.1.1,reports\strategy_lab\v0.1.1\trade_journal.csv,BTCUSDT,2025-12-19 14:45:00+00:00,2025-12-20 07:15:00+00:00,88180.01,88230.0,0.0283511,2500.0,,86416.4098,91707.2104,EMA20_EXIT,1.41727133,0.0,,,1.41727133,WIN,100.0,54.92337873814902,0.4058544681927804,2.135052248286809,0.4887727342032743,5110.15735455
7f8ef039838c3a09ccc2,v0.1.1,reports\strategy_lab\v0.1.1\trade_journal.csv,BTCUSDT,2025-12-21 22:15:00+00:00,2025-12-22 01:45:00+00:00,88357.8,88626.31,0.02829405,2500.0,,86590.644,91892.112,EMA20_EXIT,7.59723533,0.0,,,7.59723533,WIN,100.0,52.922261639752286,0.1906856591391293,1.3296079936955791,0.0069384617991936,5117.75458988
1dfd9b8d26842b32b5c9,v0.1.1,reports\strategy_lab\v0.1.1\trade_journal.csv,BTCUSDT,2025-12-28 10:30:00+00:00,2025-12-28 16:00:00+00:00,87853.96,87860.0,0.02845632,2500.0,,86096.8808,91368.1184,EMA20_EXIT,0.17187615,0.0,,,0.17187615,WIN,100.0,54.57880917412144,0.1017739957325443,2.7120354020230155,0.0648429919871879,5117.92646603
6ca237a955918a4c41fb,v0.1.1,reports\strategy_lab\v0.1.1\trade_journal.csv,BTCUSDT,2026-01-02 07:45:00+00:00,2026-01-02 13:45:00+00:00,88857.61,89348.68,0.0281349,2500.0,,87080.4578,92411.9144,EMA20_EXIT,13.8162055,0.0,,,13.8162055,WIN,100.0,54.06426032695664,0.1639617081993814,1.787579312708841,0.1927108602804867,5131.74267153
76786360e118bd4d1a26,v0.1.1,reports\strategy_lab\v0.1.1\trade_journal.csv,BTCUSDT,2026-01-02 15:45:00+00:00,2026-01-02 18:45:00+00:00,89418.11,89773.1,0.02795854,2500.0,,87629.7478,92994.8344,EMA20_EXIT,9.92500289,0.0,,,9.92500289,WIN,100.0,51.59531781996923,0.4480694394771279,1.3900750616917323,0.2026853941287671,5141.66767441
495728284135442345c9,v0.1.1,reports\strategy_lab\v0.1.1\trade_journal.csv,BTCUSDT,2026-01-03 04:00:00+00:00,2026-01-04 06:30:00+00:00,90252.0,91286.23,0.02770022,2500.0,,88446.96,93862.08,EMA20_EXIT,28.6483956,0.0,,,28.6483956,WIN,100.0,54.43483590156474,0.1777658125706209,1.3068835402743315,0.1970138633766736,5170.31607002
b42d8b1b80bcad2fa5bb,v0.1.1,reports\strategy_lab\v0.1.1\trade_journal.csv,BTCUSDT,2026-01-05 07:30:00+00:00,2026-01-05 12:30:00+00:00,92547.4,92816.91,0.02701318,2500.0,,90696.452,96249.296,EMA20_EXIT,7.28032338,0.0,,,7.28032338,WIN,100.0,52.87163381099952,0.2108299854551492,1.6644726310395703,0.3182750355992885,5177.5963934
a1ff0badca90c0eb121c,v0.1.1,reports\strategy_lab\v0.1.1\trade_journal.csv,BTCUSDT,2026-01-06 14:45:00+00:00,2026-01-06 17:45:00+00:00,93836.81,91960.0738,0.026642,2500.0,,91960.0738,97590.2824,STOP_LOSS,-50.0,0.0,,,-50.0,LOSS,100.0,51.38322142842923,0.2348792482046778,3.034603245309014,0.0961119291634305,5127.5963934
28356b05438f2d2e73a5,v0.1.1,reports\strategy_lab\v0.1.1\trade_journal.csv,BTCUSDT,2026-01-11 15:00:00+00:00,2026-01-11 18:15:00+00:00,90907.03,90930.81,0.02750062,2500.0,,89088.8894,94543.3112,EMA20_EXIT,0.65396483,0.0,,,0.65396483,WIN,100.0,53.58823449630285,0.1056428649402181,3.540799993929236,0.0986179024868697,5128.25035822
da4c590b63e57c84c010,v0.1.1,reports\strategy_lab\v0.1.1\trade_journal.csv,BTCUSDT,2026-01-12 00:30:00+00:00,2026-01-12 06:45:00+00:00,90826.61,91836.34,0.02752497,2500.0,,89010.0778,94459.6744,EMA20_EXIT,27.79279112,0.0,,,27.79279112,WIN,100.0,50.49219161447683,0.238118471646101,1.2167268969392264,0.0091645517905353,5156.04314934
c77fae31b8c62a3f932a,v0.1.1,reports\strategy_lab\v0.1.1\trade_journal.csv,BTCUSDT,2026-01-13 01:00:00+00:00,2026-01-13 10:30:00+00:00,91478.37,92053.71,0.02732886,2500.0,,89648.8026,95137.5048,EMA20_EXIT,15.72338904,0.0,,,15.72338904,WIN,75.0,52.75899262881001,0.2402250055324696,1.2343169129375418,0.0131391153694171,5171.76653838
c516fc52aa755a6d6802,v0.1.1,reports\strategy_lab\v0.1.1\trade_journal.csv,BTCUSDT,2026-01-15 17:45:00+00:00,2026-01-16 15:15:00+00:00,96636.35,94703.623,0.02587018,2500.0,,94703.623,100501.804,STOP_LOSS,-50.0,0.0,,,-50.0,LOSS,100.0,50.72221359754095,0.45019686014205,1.883755250573912,0.0089071069317851,5121.76653838
8ff429f1f5fd04385b0e,v0.1.1,reports\strategy_lab\v0.1.1\trade_journal.csv,BTCUSDT,2026-01-28 18:00:00+00:00,2026-01-29 02:45:00+00:00,89816.5,88020.17,0.02783453,2500.0,,88020.17,93409.16,STOP_LOSS,-50.0,0.0,,,-50.0,LOSS,100.0,52.5672702493756,0.4303128335286584,1.55842076675789,0.1802185594031641,5071.76653838
730e437cc21f1b1379d0,v0.1.1,reports\strategy_lab\v0.1.1\trade_journal.csv,BTCUSDT,2026-03-02 05:45:00+00:00,2026-03-02 13:45:00+00:00,66730.78,65396.1644,0.03746397,2500.0,,65396.1644,69400.0112,STOP_LOSS,-50.0,0.0,,,-50.0,LOSS,100.0,54.44134313832738,0.4965804028864491,1.2112100350947417,0.2882239407711946,5021.76653838
ff4d6bfa2a3db15c97d2,v0.1.1,reports\strategy_lab\v0.1.1\trade_journal.csv,BTCUSDT,2026-03-03 16:30:00+00:00,2026-03-03 20:00:00+00:00,67726.29,68156.11,0.03691329,2500.0,,66371.7642,70435.3416,EMA20_EXIT,15.86606914,0.0,,,15.86606914,WIN,65.0,53.58838757669496,0.8379975536404953,1.8342791642286456,-0.1288372723724442,5037.63260752
3de9d1174685b4b39e9f,v0.1.1,reports\strategy_lab\v0.1.1\trade_journal.csv,BTCUSDT,2026-03-04 01:45:00+00:00,2026-03-04 08:45:00+00:00,68405.0,71141.2,0.03654704,2500.0,,67036.9,71141.2,TAKE_PROFIT,100.0,0.0,,,100.0,WIN,100.0,52.933490958686434,0.534177182409428,1.7387183060748792,0.2281898682395904,5137.63260752
cb94dd761fac66951be4,v0.1.1,reports\strategy_lab\v0.1.1\trade_journal.csv,BTCUSDT,2026-03-10 01:30:00+00:00,2026-03-10 11:30:00+00:00,68982.86,70589.01,0.03624089,2500.0,,67603.2028,71742.1744,EMA20_EXIT,58.20829986,0.0,,,58.20829986,WIN,100.0,54.84608153629982,0.3892184831461255,1.6772481531451604,0.2727355609441264,5195.84090738
dde62dfdf02343f1daad,v0.1.1,reports\strategy_lab\v0.1.1\trade_journal.csv,BTCUSDT,2026-03-11 15:00:00+00:00,2026-03-11 19:00:00+00:00,70147.69,70473.38,0.03563909,2500.0,,68744.7362,72953.5976,EMA20_EXIT,11.60729598,0.0,,,11.60729598,WIN,100.0,53.95875366562456,0.636625025909893,1.2266085185286029,0.1985864494331501,5207.44820336
0b34c29f36ae613b44a8,v0.1.1,reports\strategy_lab\v0.1.1\trade_journal.csv,BTCUSDT,2026-03-12 20:15:00+00:00,2026-03-13 03:15:00+00:00,70307.03,71093.82,0.03555832,2500.0,,68900.8894,73119.3112,EMA20_EXIT,27.97693204,0.0,,,27.97693204,WIN,100.0,53.62219916531176,0.4094939630792542,1.3201014386001269,0.0960612471016198,5235.4251354
493266de5f48d994df7d,v0.1.1,reports\strategy_lab\v0.1.1\trade_journal.csv,BTCUSDT,2026-03-15 22:00:00+00:00,2026-03-16 07:30:00+00:00,71796.79,73484.86,0.0348205,2500.0,,70360.8542,74668.6616,EMA20_EXIT,58.77943847,0.0,,,58.77943847,WIN,100.0,53.75268077981387,0.3025121072926774,2.6586284875652995,0.1393094932249048,5294.20457387
742dc2e77cf31a1d4442,v0.1.1,reports\strategy_lab\v0.1.1\trade_journal.csv,BTCUSDT,2026-03-16 11:45:00+00:00,2026-03-16 14:15:00+00:00,73552.77,73618.49,0.0339892,2500.0,,72081.7146,76494.8808,EMA20_EXIT,2.23377039,0.0,,,2.23377039,WIN,100.0,53.5357797781444,0.347318848135122,1.2630309150918175,0.3797922982104044,5296.43834426
6a1c299bc04e16a36255,v0.1.1,reports\strategy_lab\v0.1.1\trade_journal.csv,BTCUSDT,2026-03-16 23:00:00+00:00,2026-03-17 03:00:00+00:00,74392.5,74943.79,0.03360554,2500.0,,72904.65,77368.2,EMA20_EXIT,18.52639715,0.0,,,18.52639715,WIN,100.0,53.77819516138412,0.4300579211116444,2.032452716128378,0.4611055086284112,5314.96474141
0383abfc7ec1b1ad092d,v0.1.1,reports\strategy_lab\v0.1.1\trade_journal.csv,BTCUSDT,2026-03-24 00:00:00+00:00,2026-03-24 12:30:00+00:00,70786.55,70900.0,0.03531744,2500.0,,69370.819,73618.012,EMA20_EXIT,4.006764,0.0,,,4.006764,WIN,100.0,50.98531329227896,0.3504577941907151,2.5258066848162155,0.3750115862361335,5318.97150541
f87603c27aee354b0846,v0.1.1,reports\strategy_lab\v0.1.1\trade_journal.csv,BTCUSDT,2026-03-30 13:30:00+00:00,2026-03-30 19:00:00+00:00,67714.36,66360.0728,0.03691979,2500.0,,66360.0728,70422.9344,STOP_LOSS,-50.0,0.0,,,-50.0,LOSS,100.0,54.48632055234642,0.2894387948395883,2.1276997166303646,0.3992804912005991,5268.97150541
e65a440c8fa3cfed22f7,v0.1.1,reports\strategy_lab\v0.1.1\trade_journal.csv,BTCUSDT,2026-04-05 22:15:00+00:00,2026-04-06 06:15:00+00:00,67436.61,68844.9,0.03707185,2500.0,,66087.8778,70134.0744,EMA20_EXIT,52.20791792,0.0,,,52.20791792,WIN,100.0,53.00258819883802,0.2400504258040381,1.4271151368341946,0.2161722086663343,5321.17942333
3fd184f9f2a44aa1b4d2,v0.1.1,reports\strategy_lab\v0.1.1\trade_journal.csv,BTCUSDT,2026-04-06 16:45:00+00:00,2026-04-06 23:00:00+00:00,69799.14,68403.1572,0.03581706,2500.0,,68403.1572,72591.1056,STOP_LOSS,-50.0,0.0,,,-50.0,LOSS,100.0,54.21860757209784,0.3743925741526305,2.2652016726482,0.415632512292666,5271.17942333
5ff5ac1f1cc369d2d2b4,v0.1.1,reports\strategy_lab\v0.1.1\trade_journal.csv,BTCUSDT,2026-04-10 21:30:00+00:00,2026-04-11 20:45:00+00:00,73064.01,73290.43,0.03421657,2500.0,,71602.7298,75986.5704,EMA20_EXIT,7.74731636,0.0,,,7.74731636,WIN,100.0,53.62819519144119,0.3167510876225847,1.858127458908536,0.4330986486892868,5278.92673969
9d1b865937253e3dfd08,v0.1.1,reports\strategy_lab\v0.1.1\trade_journal.csv,BTCUSDT,2026-04-14 14:45:00+00:00,2026-04-16 13:45:00+00:00,75013.62,73513.3476,0.03332728,2500.0,,73513.3476,78014.1648,STOP_LOSS,-50.0,0.0,,,-50.0,LOSS,100.0,54.99812779763763,0.3801480623021137,1.3071555320558748,0.4957620478559666,5228.92673969
cbc03c7d94a8f3b26c26,v0.1.1,reports\strategy_lab\v0.1.1\trade_journal.csv,BTCUSDT,2026-04-17 22:00:00+00:00,2026-04-18 11:30:00+00:00,77415.46,75867.1508,0.03229329,2500.0,,75867.1508,80512.0784,STOP_LOSS,-50.0,0.0,,,-50.0,LOSS,100.0,54.02518663189127,0.3229282941480323,1.2971913841862197,0.5517773073832691,5178.92673969
30821adbdcf1d3f3fe9e,v0.1.1,reports\strategy_lab\v0.1.1\trade_journal.csv,BTCUSDT,2026-04-23 16:45:00+00:00,2026-04-24 01:00:00+00:00,78103.72,78156.01,0.03200872,2500.0,,76541.6456,81227.8688,EMA20_EXIT,1.6737359,0.0,,,1.6737359,WIN,100.0,53.98809212295456,0.3266000001029974,1.1821636142547114,0.0969820449826254,5180.60047559
37462bf726f19ee04964,v0.1.1,reports\strategy_lab\v0.1.1\trade_journal.csv,BTCUSDT,2026-04-24 13:45:00+00:00,2026-04-26 23:15:00+00:00,78093.79,78154.16,0.03201279,2500.0,,76531.9142,81217.5416,EMA20_EXIT,1.93261206,0.0,,,1.93261206,WIN,100.0,52.802432092903565,0.2638684570161727,1.158538734105408,0.1267483692167959,5182.53308765
f3f3e76325bd1dd853e3,v0.1.1,reports\strategy_lab\v0.1.1\trade_journal.csv,BTCUSDT,2026-05-11 00:15:00+00:00,2026-05-11 21:00:00+00:00,81679.99,81731.13,0.03060725,2500.0,,80046.3902,84947.1896,EMA20_EXIT,1.56525484,0.0,,,1.56525484,WIN,100.0,52.87763950847897,0.3904204734622993,1.558938392032285,0.3567690542530954,5184.09834249
acfe51fd9c2a9405e6c1,v0.1.1,reports\strategy_lab\v0.1.1\trade_journal.csv,BTCUSDT,2026-05-15 00:15:00+00:00,2026-05-15 13:30:00+00:00,81460.0,79830.8,0.03068991,2500.0,,79830.8,84718.4,STOP_LOSS,-50.0,0.0,,,-50.0,LOSS,100.0,54.712858691255455,0.2488478582136518,1.2080018253891434,0.3731320728164869,5134.09834249
26409e0ac919977e971b,v0.1.1,reports\strategy_lab\v0.1.1\trade_journal.csv,BTCUSDT,2026-05-20 14:30:00+00:00,2026-05-20 18:45:00+00:00,77395.75,77415.09,0.03230152,2500.0,,75847.835,80491.58,EMA20_EXIT,0.62471131,0.0,,,0.62471131,WIN,75.0,51.76349425499572,0.2551862059772336,1.5663443084793696,0.1308367870388603,5134.72305379
1017af169ca401b5d67d,v0.1.1,reports\strategy_lab\v0.1.1\trade_journal.csv,BTCUSDT,2026-05-21 08:30:00+00:00,2026-05-22 18:45:00+00:00,77926.99,76368.4502,0.03208131,2500.0,,76368.4502,81044.0696,STOP_LOSS,-50.0,0.0,,,-50.0,LOSS,100.0,53.80419998840192,0.1974886804714048,1.4595665158950268,0.1049122439785875,5084.72305379
6d8b256363bdeccebbbb,v0.1.1,reports\strategy_lab\v0.1.1\trade_journal.csv,BTCUSDT,2026-05-24 03:30:00+00:00,2026-05-24 07:45:00+00:00,76757.39,76799.99,0.03257015,2500.0,,75222.2422,79827.6856,EMA20_EXIT,1.38748855,0.0,,,1.38748855,WIN,100.0,54.04234392040122,0.2094253894837751,1.204295676261519,0.4724960411834429,5086.11054235
c2e84f3d59783a42ca13,v0.1.1,reports\strategy_lab\v0.1.1\trade_journal.csv,BTCUSDT,2026-05-25 08:00:00+00:00,2026-05-25 11:15:00+00:00,77293.45,77416.44,0.03234427,2500.0,,75747.581,80385.188,EMA20_EXIT,3.97802142,0.0,,,3.97802142,WIN,100.0,52.25970544285887,0.2015682693835151,1.2399143919285196,0.2038965147842163,5090.08856377
2c5161a8c91920c39701,v0.1.1,reports\strategy_lab\v0.1.1\trade_journal.csv,BTCUSDT,2026-06-08 06:15:00+00:00,2026-06-08 10:15:00+00:00,63076.01,63152.0,0.03963472,2500.0,,61814.4898,65599.0504,EMA20_EXIT,3.01184238,0.0,,,3.01184238,WIN,75.0,54.87069898687414,0.4738834936887303,1.537720614435062,0.2581387756469315,5093.10040615
65103c312a08d43813af,v0.1.1,reports\strategy_lab\v0.1.1\trade_journal.csv,BTCUSDT,2026-06-08 13:15:00+00:00,2026-06-08 16:30:00+00:00,63593.01,63677.99,0.0393125,2500.0,,62321.1498,66136.7304,EMA20_EXIT,3.34077598,0.0,,,3.34077598,WIN,100.0,54.97797242037476,0.5186495544546071,1.1736089861620729,0.3765294795810621,5096.44118213
b176a57620d6c1a36e1c,v0.1.1,reports\strategy_lab\v0.1.1\trade_journal.csv,BTCUSDT,2026-06-12 14:30:00+00:00,2026-06-12 15:45:00+00:00,63504.59,63593.02,0.03936723,2500.0,,62234.4982,66044.7736,EMA20_EXIT,3.48124443,0.0,,,3.48124443,WIN,75.0,50.05523134396568,0.3345750660626519,1.5457380922150643,0.0385407098383522,5099.92242655
e5377e7dc52558a0c82c,v0.1.1,reports\strategy_lab\v0.1.1\trade_journal.csv,BTCUSDT,2026-06-17 02:30:00+00:00,2026-06-17 19:15:00+00:00,65858.05,64540.889,0.03796043,2500.0,,64540.889,68492.372,STOP_LOSS,-50.0,0.0,,,-50.0,LOSS,65.0,51.36544141769188,0.2724438353093655,1.2958912322650296,-0.0803900141137078,5049.92242655
ad459ed9bc45fefd5274,v0.1.1,reports\strategy_lab\v0.1.1\trade_journal.csv,BTCUSDT,2026-06-20 17:30:00+00:00,2026-06-20 20:30:00+00:00,63863.7,63874.9,0.03914587,2500.0,,62586.426,66418.248,EMA20_EXIT,0.43843373,0.0,,,0.43843373,WIN,100.0,51.90551744310083,0.2751571753929238,1.185240065903214,0.2331237974425692,5050.36086028
c24dfac5476136faa9d4,v0.1.1,reports\strategy_lab\v0.1.1\trade_journal.csv,BTCUSDT,2026-06-21 11:30:00+00:00,2026-06-22 15:45:00+00:00,64293.65,64836.95,0.03888409,2500.0,,63007.777,66865.396,EMA20_EXIT,21.12572548,0.0,,,21.12572548,WIN,100.0,53.32339757737568,0.1860185562850521,1.427863516040943,0.0796398559079044,5071.48658576
5d9c6885ad3dc8cc366c,v0.1.1,reports\strategy_lab\v0.1.1\trade_journal.csv,ETHUSDT,2025-07-11 10:00:00+00:00,2025-07-11 16:00:00+00:00,2998.23,2938.2654,0.83382529,2500.0,,2938.2654,3118.1592,STOP_LOSS,-50.0,0.0,,,-50.0,LOSS,100.0,53.31967442927318,0.6147096887551219,1.6972994475263865,1.1462810705615338,4950.0
1bcec7ee8c548cf9e096,v0.1.1,reports\strategy_lab\v0.1.1\trade_journal.csv,ETHUSDT,2025-07-13 11:30:00+00:00,2025-07-13 16:45:00+00:00,2962.73,2974.58,0.84381635,2500.0,,2903.4754,3081.2392,EMA20_EXIT,9.99922369,0.0,,,9.99922369,WIN,100.0,59.70709458011864,0.203441619022175,1.5217810463809722,0.1069275597875064,4959.99922369
eef60e307165627fb124,v0.1.1,reports\strategy_lab\v0.1.1\trade_journal.csv,ETHUSDT,2025-07-14 06:00:00+00:00,2025-07-14 12:00:00+00:00,3028.88,3050.5,0.8253876,2500.0,,2968.3024,3150.0352,EMA20_EXIT,17.84487996,0.0,,,17.84487996,WIN,100.0,56.33253250738712,0.5598650733352569,1.213798703680525,0.6866483737859284,4977.84410364
f87372ec3abffdcc6700,v0.1.1,reports\strategy_lab\v0.1.1\trade_journal.csv,ETHUSDT,2025-07-15 14:30:00+00:00,2025-07-15 19:30:00+00:00,3016.42,3045.49,0.82879705,2500.0,,2956.0916,3137.0768,EMA20_EXIT,24.09313027,0.0,,,24.09313027,WIN,100.0,55.07677296560404,0.637243760416775,1.731141843028138,0.4470939912102132,5001.93723391
9b86f3f8d3e5fde0ef76,v0.1.1,reports\strategy_lab\v0.1.1\trade_journal.csv,ETHUSDT,2025-07-16 13:30:00+00:00,2025-07-16 17:45:00+00:00,3174.4,3301.376,0.7875504,2500.0,,3110.912,3301.376,TAKE_PROFIT,100.0,0.0,,,100.0,WIN,100.0,59.52641871522687,0.4357564158330481,1.709591587039298,0.5668459047741933,5101.93723391
e8d4747ce0d97b288d32,v0.1.1,reports\strategy_lab\v0.1.1\trade_journal.csv,ETHUSDT,2025-07-17 22:45:00+00:00,2025-07-18 01:30:00+00:00,3466.63,3605.2952,0.72116147,2500.0,,3397.2974,3605.2952,TAKE_PROFIT,100.0,0.0,,,100.0,WIN,100.0,57.58209538522299,0.7626251908244462,1.2943625372059588,0.5470235955182771,5201.93723391
ab7d2cc6410fb352116c,v0.1.1,reports\strategy_lab\v0.1.1\trade_journal.csv,ETHUSDT,2025-07-18 13:30:00+00:00,2025-07-18 14:30:00+00:00,3637.74,3564.9852,0.68723988,2500.0,,3564.9852,3783.2496,STOP_LOSS,-50.0,0.0,,,-50.0,LOSS,100.0,57.67388885283423,0.6244230229307051,1.3368336223244992,0.6086844176697812,5151.93723391
1360fd5113689c3252a7,v0.1.1,reports\strategy_lab\v0.1.1\trade_journal.csv,ETHUSDT,2025-07-20 17:00:00+00:00,2025-07-20 22:15:00+00:00,3776.06,3700.5388,0.66206575,2500.0,,3700.5388,3927.1024,STOP_LOSS,-50.0,0.0,,,-50.0,LOSS,100.0,57.4536756999935,0.5808055213996115,2.257117674843715,1.124337246677321,5101.93723391
f1bfbf48249955b832a9,v0.1.1,reports\strategy_lab\v0.1.1\trade_journal.csv,ETHUSDT,2025-07-21 12:00:00+00:00,2025-07-21 15:45:00+00:00,3803.2,3810.37,0.65734119,2500.0,,3727.136,3955.328,EMA20_EXIT,4.71313631,0.0,,,4.71313631,WIN,100.0,56.41833029024153,0.5178094315779029,1.3984607395383366,0.4358389804391953,5106.65037022
68d07c9ff1d837731bc1,v0.1.1,reports\strategy_lab\v0.1.1\trade_journal.csv,ETHUSDT,2025-07-23 02:30:00+00:00,2025-07-23 04:15:00+00:00,3731.94,3733.0,0.66989287,2500.0,,3657.3012,3881.2176,EMA20_EXIT,0.71008644,0.0,,,0.71008644,WIN,100.0,52.83753309494107,0.4901003463426084,1.9419752270445076,0.3051643165773765,5107.36045666
e73993d4ec044cfae9b4,v0.1.1,reports\strategy_lab\v0.1.1\trade_journal.csv,ETHUSDT,2025-07-26 10:45:00+00:00,2025-07-27 06:15:00+00:00,3759.93,3775.87,0.664906,2500.0,,3684.7314,3910.3272,EMA20_EXIT,10.59860157,0.0,,,10.59860157,WIN,100.0,55.17496446168601,0.3339809620306038,2.1615975089372435,0.4588992721747033,5117.95905823
fef46d309a1c1db541c7,v0.1.1,reports\strategy_lab\v0.1.1\trade_journal.csv,ETHUSDT,2025-07-27 12:30:00+00:00,2025-07-27 19:45:00+00:00,3813.02,3828.32,0.65564828,2500.0,,3736.7596,3965.5408,EMA20_EXIT,10.03141867,0.0,,,10.03141867,WIN,100.0,59.01455653877936,0.405777400381677,1.190364413276894,0.4554982631724253,5127.9904769
59bcda242769d97d73c6,v0.1.1,reports\strategy_lab\v0.1.1\trade_journal.csv,ETHUSDT,2025-07-27 23:00:00+00:00,2025-07-28 01:00:00+00:00,3843.3,3852.9,0.65048266,2500.0,,3766.434,3997.032,EMA20_EXIT,6.24463352,0.0,,,6.24463352,WIN,100.0,52.5050579519567,0.425957169867901,1.300687095229156,0.3959498313832076,5134.23511041
4f717d77be34d4734af7,v0.1.1,reports\strategy_lab\v0.1.1\trade_journal.csv,ETHUSDT,2025-08-05 11:00:00+00:00,2025-08-05 14:15:00+00:00,3671.62,3598.1876,0.68089835,2500.0,,3598.1876,3818.4848,STOP_LOSS,-50.0,0.0,,,-50.0,LOSS,65.0,56.25033221116909,0.4056406087144514,1.2390571928739236,-0.031703847662871,5084.23511041
62d4e469c4a1827336f8,v0.1.1,reports\strategy_lab\v0.1.1\trade_journal.csv,ETHUSDT,2025-08-06 15:00:00+00:00,2025-08-06 21:30:00+00:00,3628.08,3661.75,0.6890697,2500.0,,3555.5184,3773.2032,EMA20_EXIT,23.20097683,0.0,,,23.20097683,WIN,100.0,57.24879192830435,0.5140964881355431,1.710924703649548,0.0152696077264809,5107.43608724
4eb74ec5a53d3f743f99,v0.1.1,reports\strategy_lab\v0.1.1\trade_journal.csv,ETHUSDT,2025-08-07 01:30:00+00:00,2025-08-07 11:45:00+00:00,3691.48,3839.1392,0.67723515,2500.0,,3617.6504,3839.1392,TAKE_PROFIT,100.0,0.0,,,100.0,WIN,100.0,58.43301677272193,0.3708768818227735,2.436566017504175,0.4126367586687837,5207.43608724
9aa4233f20373c9beeb2,v0.1.1,reports\strategy_lab\v0.1.1\trade_journal.csv,ETHUSDT,2025-08-07 14:30:00+00:00,2025-08-08 01:30:00+00:00,3817.56,3888.62,0.65486855,2500.0,,3741.2088,3970.2624,EMA20_EXIT,46.5349595,0.0,,,46.5349595,WIN,100.0,56.46446423579969,0.4927595814373471,1.1752249800791943,1.3207502981737504,5253.97104674
4f9c83cc25a3c4892804,v0.1.1,reports\strategy_lab\v0.1.1\trade_journal.csv,ETHUSDT,2025-08-08 15:00:00+00:00,2025-08-08 22:15:00+00:00,3956.4,4030.59,0.63188757,2500.0,,3877.272,4114.656,EMA20_EXIT,46.87973916,0.0,,,46.87973916,WIN,100.0,57.15768611434929,0.5866498721421981,1.4629194870908515,0.5239476598064402,5300.8507859
cf48f35c21b5cdd7237d,v0.1.1,reports\strategy_lab\v0.1.1\trade_journal.csv,ETHUSDT,2025-08-09 15:15:00+00:00,2025-08-09 22:45:00+00:00,4200.02,4264.28,0.59523526,2500.0,,4116.0196,4368.0208,EMA20_EXIT,38.24981786,0.0,,,38.24981786,WIN,100.0,54.45764160191818,0.5248254899760951,2.0428715487227245,0.739608812799492,5339.10060376
cdcd40e201895e316a50,v0.1.1,reports\strategy_lab\v0.1.1\trade_journal.csv,ETHUSDT,2025-08-10 01:00:00+00:00,2025-08-10 06:15:00+00:00,4289.17,4203.3866,0.58286335,2500.0,,4203.3866,4460.7368,STOP_LOSS,-50.0,0.0,,,-50.0,LOSS,100.0,58.28108981355292,0.563171092554379,1.5139471970210614,0.6762389124694175,5289.10060376
635cf0690f0770278fdf,v0.1.1,reports\strategy_lab\v0.1.1\trade_journal.csv,ETHUSDT,2025-08-10 23:30:00+00:00,2025-08-11 06:00:00+00:00,4247.32,4301.34,0.58860646,2500.0,,4162.3736,4417.2128,EMA20_EXIT,31.7965211,0.0,,,31.7965211,WIN,100.0,58.60538864226981,0.3964172888392747,1.278563325740494,0.1127574414212626,5320.89712486
f5b9f27ac36f322fae8b,v0.1.1,reports\strategy_lab\v0.1.1\trade_journal.csv,ETHUSDT,2025-08-12 08:45:00+00:00,2025-08-12 16:00:00+00:00,4310.65,4483.076,0.57995894,2500.0,,4224.437,4483.076,TAKE_PROFIT,100.0,0.0,,,100.0,WIN,100.0,54.96378028407989,0.4419625768394402,1.2538487338111546,0.3435315302290943,5420.89712486
ed8c30d6656b494f45f8,v0.1.1,reports\strategy_lab\v0.1.1\trade_journal.csv,ETHUSDT,2025-08-13 12:45:00+00:00,2025-08-13 21:45:00+00:00,4685.91,4721.16,0.5335143,2500.0,,4592.1918,4873.3464,EMA20_EXIT,18.80637912,0.0,,,18.80637912,WIN,100.0,55.20019605157367,0.4722249290594089,1.34580602229357,0.821263627818131,5439.70350398
714227b5860030ce5dfb,v0.1.1,reports\strategy_lab\v0.1.1\trade_journal.csv,ETHUSDT,2025-08-13 22:45:00+00:00,2025-08-14 05:00:00+00:00,4734.31,4737.38,0.52806006,2500.0,,4639.6238,4923.6824,EMA20_EXIT,1.62114437,0.0,,,1.62114437,WIN,100.0,52.87615701668188,0.6649914216463799,2.0992801435731936,0.5456591021961325,5441.32464835
604ab73f994ca1175a34,v0.1.1,reports\strategy_lab\v0.1.1\trade_journal.csv,ETHUSDT,2025-08-23 14:15:00+00:00,2025-08-24 01:15:00+00:00,4749.17,4771.22,0.52640777,2500.0,,4654.1866,4939.1368,EMA20_EXIT,11.60729138,0.0,,,11.60729138,WIN,75.0,59.79941740020328,0.4135702586824139,2.2501902332924724,0.0060905071415311,5452.93193973
9476ec0731f5dc6b19c1,v0.1.1,reports\strategy_lab\v0.1.1\trade_journal.csv,ETHUSDT,2025-08-24 03:45:00+00:00,2025-08-24 19:30:00+00:00,4788.59,4850.78,0.52207435,2500.0,,4692.8182,4980.1336,EMA20_EXIT,32.46780367,0.0,,,32.46780367,WIN,100.0,55.85336404583792,0.3539048574823097,1.2103780604813368,0.2398880604636407,5485.39974341
453c8e158c29086762ad,v0.1.1,reports\strategy_lab\v0.1.1\trade_journal.csv,ETHUSDT,2025-08-27 05:15:00+00:00,2025-08-27 20:00:00+00:00,4624.29,4531.8042,0.54062353,2500.0,,4531.8042,4809.2616,STOP_LOSS,-50.0,0.0,,,-50.0,LOSS,100.0,59.36500745881952,0.5396075983532793,2.119489379722161,0.5494167190251902,5435.39974341
c96f56f219a8a3af3b49,v0.1.1,reports\strategy_lab\v0.1.1\trade_journal.csv,ETHUSDT,2025-08-31 11:45:00+00:00,2025-08-31 23:30:00+00:00,4476.98,4387.4404,0.55841214,2500.0,,4387.4404,4656.0592,STOP_LOSS,-50.0,0.0,,,-50.0,LOSS,100.0,59.9087362747056,0.3114188695641717,1.4968563101697434,0.379804856675326,5385.39974341
f58090bbed4387ac5426,v0.1.1,reports\strategy_lab\v0.1.1\trade_journal.csv,ETHUSDT,2025-09-04 10:45:00+00:00,2025-09-04 15:00:00+00:00,4408.17,4320.0066,0.56712876,2500.0,,4320.0066,4584.4968,STOP_LOSS,-50.0,0.0,,,-50.0,LOSS,65.0,55.54593187404053,0.3596372116400273,1.4741031288897537,-0.2193045863852417,5335.39974341
67832712cf24d2f640e3,v0.1.1,reports\strategy_lab\v0.1.1\trade_journal.csv,ETHUSDT,2025-09-05 13:45:00+00:00,2025-09-05 14:15:00+00:00,4442.8,4353.944,0.5627082,2500.0,,4353.944,4620.512,STOP_LOSS,-50.0,0.0,,,-50.0,LOSS,100.0,59.32072681156384,0.5437240665044747,1.451455646682312,0.8007947649294836,5285.39974341
3042313564d9d38ccee6,v0.1.1,reports\strategy_lab\v0.1.1\trade_journal.csv,ETHUSDT,2025-09-08 13:15:00+00:00,2025-09-08 17:15:00+00:00,4339.96,4340.93,0.57604218,2500.0,,4253.1608,4513.5584,EMA20_EXIT,0.55876091,0.0,,,0.55876091,WIN,100.0,59.94880964632935,0.3396754997672197,1.177949755443508,0.2101846821931905,5285.95850432
2aa96f9006f50f04e284,v0.1.1,reports\strategy_lab\v0.1.1\trade_journal.csv,ETHUSDT,2025-09-10 08:15:00+00:00,2025-09-10 16:00:00+00:00,4328.65,4383.61,0.57754727,2500.0,,4242.077,4501.796,EMA20_EXIT,31.74199808,0.0,,,31.74199808,WIN,100.0,58.577035868729226,0.2515560971806843,1.3906639210168794,0.1144719815275812,5317.7005024
dcafd734ea53a8da5ee0,v0.1.1,reports\strategy_lab\v0.1.1\trade_journal.csv,ETHUSDT,2025-09-12 16:30:00+00:00,2025-09-12 22:15:00+00:00,4559.27,4741.6408,0.5483334,2500.0,,4468.0846,4741.6408,TAKE_PROFIT,100.0,0.0,,,100.0,WIN,100.0,59.64230710658384,0.3936836660044815,1.1026835146322012,0.3302421754937852,5417.7005024
1616ec64aeac9cc5aff8,v0.1.1,reports\strategy_lab\v0.1.1\trade_journal.csv,ETHUSDT,2025-09-14 01:45:00+00:00,2025-09-14 14:30:00+00:00,4673.13,4579.6674,0.53497335,2500.0,,4579.6674,4860.0552,STOP_LOSS,-50.0,0.0,,,-50.0,LOSS,65.0,56.69154866304223,0.2511260484048057,1.2349902733814948,-0.061825155558045,5367.7005024
f46854e706c10803e809,v0.1.1,reports\strategy_lab\v0.1.1\trade_journal.csv,ETHUSDT,2025-09-18 14:30:00+00:00,2025-09-19 11:30:00+00:00,4600.09,4508.0882,0.54346763,2500.0,,4508.0882,4784.0936,STOP_LOSS,-50.0,0.0,,,-50.0,LOSS,100.0,56.25408304146207,0.3632462779967416,1.2236144761665206,0.1189116157453619,5317.7005024
6667a3b0a4d23bdbf728,v0.1.1,reports\strategy_lab\v0.1.1\trade_journal.csv,ETHUSDT,2025-09-28 00:30:00+00:00,2025-09-29 02:30:00+00:00,4025.17,4109.28,0.62109178,2500.0,,3944.6666,4186.1768,EMA20_EXIT,52.24002961,0.0,,,52.24002961,WIN,100.0,57.28331789548536,0.2529580718642559,1.650486546957319,0.1237216192181878,5369.94053201
471135807ff19843d217,v0.1.1,reports\strategy_lab\v0.1.1\trade_journal.csv,ETHUSDT,2025-09-29 08:45:00+00:00,2025-09-29 16:30:00+00:00,4122.3,4152.41,0.60645756,2500.0,,4039.854,4287.192,EMA20_EXIT,18.26043713,0.0,,,18.26043713,WIN,100.0,57.83791746339298,0.2795258195899022,2.0636524044776547,0.2951405863071855,5388.20096915
98800ebb5737f8e83b0e,v0.1.1,reports\strategy_lab\v0.1.1\trade_journal.csv,ETHUSDT,2025-10-02 13:15:00+00:00,2025-10-02 21:45:00+00:00,4393.8,4468.71,0.56898357,2500.0,,4305.924,4569.552,EMA20_EXIT,42.62255906,0.0,,,42.62255906,WIN,100.0,54.25014864057753,0.2974141255912245,2.3137222980029226,0.2793117745187333,5430.82352821
2df508c90e69cf1fcf4f,v0.1.1,reports\strategy_lab\v0.1.1\trade_journal.csv,ETHUSDT,2025-10-03 03:45:00+00:00,2025-10-03 20:00:00+00:00,4500.59,4504.33,0.55548273,2500.0,,4410.5782,4680.6136,EMA20_EXIT,2.07750539,0.0,,,2.07750539,WIN,100.0,54.82249296811626,0.4397505551352879,2.0431313030697646,0.4930374951105893,5432.9010336
38e12cf05c126f385162,v0.1.1,reports\strategy_lab\v0.1.1\trade_journal.csv,ETHUSDT,2025-10-06 01:30:00+00:00,2025-10-06 04:45:00+00:00,4522.2,4524.66,0.55282827,2500.0,,4431.756,4703.088,EMA20_EXIT,1.35995754,0.0,,,1.35995754,WIN,65.0,54.95220432461021,0.395264687524001,2.846165229836698,-0.0985830349638246,5434.26099114
5607add5708eb11c080d,v0.1.1,reports\strategy_lab\v0.1.1\trade_journal.csv,ETHUSDT,2025-10-06 11:30:00+00:00,2025-10-06 20:45:00+00:00,4577.39,4689.12,0.54616277,2500.0,,4485.8422,4760.4856,EMA20_EXIT,61.02276625,0.0,,,61.02276625,WIN,100.0,58.8816468686272,0.3251164242184752,1.6767345499185768,0.330997876549614,5495.28375739
17618decb148c7218bf9,v0.1.1,reports\strategy_lab\v0.1.1\trade_journal.csv,ETHUSDT,2025-10-07 10:00:00+00:00,2025-10-07 13:45:00+00:00,4697.4,4704.63,0.53220931,2500.0,,4603.452,4885.296,EMA20_EXIT,3.84787329,0.0,,,3.84787329,WIN,75.0,57.206657809600046,0.348912368466478,1.4039141942904496,0.0183050003436567,5499.13163068
0c513ad98b3aef270901,v0.1.1,reports\strategy_lab\v0.1.1\trade_journal.csv,ETHUSDT,2025-10-15 09:15:00+00:00,2025-10-15 12:15:00+00:00,4153.5,4070.43,0.60190201,2500.0,,4070.43,4319.64,STOP_LOSS,-50.0,0.0,,,-50.0,LOSS,100.0,56.89057219885738,0.5802941300476148,1.1553477609519809,0.475852937301748,5449.13163068
77b1eaf21a747d32c258,v0.1.1,reports\strategy_lab\v0.1.1\trade_journal.csv,ETHUSDT,2025-10-19 05:45:00+00:00,2025-10-19 20:00:00+00:00,3897.21,3978.67,0.64148455,2500.0,,3819.2658,4053.0984,EMA20_EXIT,52.25533138,0.0,,,52.25533138,WIN,100.0,55.31752575411198,0.2647017885876575,1.2516459654941798,0.1676356020864351,5501.38696206
0de7679d6ba4a83e9926,v0.1.1,reports\strategy_lab\v0.1.1\trade_journal.csv,ETHUSDT,2025-10-21 17:00:00+00:00,2025-10-21 21:15:00+00:00,4014.4,3934.112,0.62275807,2500.0,,3934.112,4174.976,STOP_LOSS,-50.0,0.0,,,-50.0,LOSS,100.0,57.24840912080758,0.8652432015523955,1.4130860425408156,1.1240733061468704,5451.38696206
6e0d9b3570c529d43cc8,v0.1.1,reports\strategy_lab\v0.1.1\trade_journal.csv,ETHUSDT,2025-10-24 07:30:00+00:00,2025-10-24 16:00:00+00:00,3948.92,3869.9416,0.63308449,2500.0,,3869.9416,4106.8768,STOP_LOSS,-50.0,0.0,,,-50.0,LOSS,100.0,56.12731380115442,0.3842035841610902,1.6571438287496565,0.9032688220657612,5401.38696206
c68cd4b02dc8c9a93197,v0.1.1,reports\strategy_lab\v0.1.1\trade_journal.csv,ETHUSDT,2025-10-25 07:30:00+00:00,2025-10-25 10:00:00+00:00,3930.79,3934.5,0.63600447,2500.0,,3852.1742,4088.0216,EMA20_EXIT,2.35957657,0.0,,,2.35957657,WIN,100.0,50.88788184244481,0.2428731505662812,4.132432589593688,0.047877424597253,5403.74653864
f8422ae2601c9bf0307b,v0.1.1,reports\strategy_lab\v0.1.1\trade_journal.csv,ETHUSDT,2025-11-01 15:30:00+00:00,2025-11-02 08:45:00+00:00,3884.6,3894.72,0.64356691,2500.0,,3806.908,4039.984,EMA20_EXIT,6.51289708,0.0,,,6.51289708,WIN,100.0,57.52077288095066,0.2634139226116971,1.4308030898284003,0.1518484497150826,5410.25943572
2efd0e21eab6498b6962,v0.1.1,reports\strategy_lab\v0.1.1\trade_journal.csv,ETHUSDT,2025-11-10 00:00:00+00:00,2025-11-10 04:15:00+00:00,3579.92,3609.6,0.69833963,2500.0,,3508.3216,3723.1168,EMA20_EXIT,20.72672015,0.0,,,20.72672015,WIN,100.0,59.06083184116947,0.5234694681719315,2.1610353307313868,1.0435997119922855,5430.98615587
13b3db15925da6389e87,v0.1.1,reports\strategy_lab\v0.1.1\trade_journal.csv,ETHUSDT,2025-11-10 13:30:00+00:00,2025-11-10 14:45:00+00:00,3614.94,3542.6412,0.69157441,2500.0,,3542.6412,3759.5376,STOP_LOSS,-50.0,0.0,,,-50.0,LOSS,75.0,55.16380855945375,0.3812975835002091,1.2384370038421282,0.1567336977904428,5380.98615587
e87201956e84626cb326,v0.1.1,reports\strategy_lab\v0.1.1\trade_journal.csv,ETHUSDT,2025-11-11 01:30:00+00:00,2025-11-11 14:00:00+00:00,3597.34,3525.3932,0.69495794,2500.0,,3525.3932,3741.2336,STOP_LOSS,-50.0,0.0,,,-50.0,LOSS,100.0,58.96420048858623,0.6254709526883891,1.5265492926767903,0.1222047316503863,5330.98615587
3506c73c662bf99e4763,v0.1.1,reports\strategy_lab\v0.1.1\trade_journal.csv,ETHUSDT,2025-11-12 14:30:00+00:00,2025-11-12 15:15:00+00:00,3547.17,3476.2266,0.7047872,2500.0,,3476.2266,3689.0568,STOP_LOSS,-50.0,0.0,,,-50.0,LOSS,100.0,56.58451189385367,0.4844172035928097,1.569016652987428,0.9830692173850426,5280.98615587
832d9600cec0d0c86b34,v0.1.1,reports\strategy_lab\v0.1.1\trade_journal.csv,ETHUSDT,2025-11-19 02:15:00+00:00,2025-11-19 04:45:00+00:00,3115.08,3052.7784,0.80254761,2500.0,,3052.7784,3239.6832,STOP_LOSS,-50.0,0.0,,,-50.0,LOSS,75.0,50.6571251420219,0.5529088644595704,1.1120244100613876,0.1609541587780329,5230.98615587
6d8c0bdabb05a7c0a042,v0.1.1,reports\strategy_lab\v0.1.1\trade_journal.csv,ETHUSDT,2025-11-23 13:00:00+00:00,2025-11-24 00:15:00+00:00,2824.41,2767.9218,0.88514061,2500.0,,2767.9218,2937.3864,STOP_LOSS,-50.0,0.0,,,-50.0,LOSS,100.0,55.50810601673302,0.4175779647801491,1.8287788821804003,0.4077156784662364,5180.98615587
b6d7ffe116af9a438b50,v0.1.1,reports\strategy_lab\v0.1.1\trade_journal.csv,ETHUSDT,2025-11-24 02:30:00+00:00,2025-11-24 06:15:00+00:00,2841.01,2841.31,0.87996874,2500.0,,2784.1898,2954.6504,EMA20_EXIT,0.26399062,0.0,,,0.26399062,WIN,100.0,58.592460581656674,0.6993993606751908,2.2093430710712627,0.0176619328592348,5181.25014649
958919b75888c7940df1,v0.1.1,reports\strategy_lab\v0.1.1\trade_journal.csv,ETHUSDT,2025-11-24 15:00:00+00:00,2025-11-24 18:00:00+00:00,2833.39,2946.7256,0.88233529,2500.0,,2776.7222,2946.7256,TAKE_PROFIT,100.0,0.0,,,100.0,WIN,65.0,58.553304652790615,0.6700551324221989,2.034946290467102,-0.1193768189470908,5281.25014649
4f1006342f7366b6ce93,v0.1.1,reports\strategy_lab\v0.1.1\trade_journal.csv,ETHUSDT,2025-11-25 20:15:00+00:00,2025-11-26 02:45:00+00:00,2931.37,2956.8,0.85284355,2500.0,,2872.7426,3048.6248,EMA20_EXIT,21.6878115,0.0,,,21.6878115,WIN,100.0,53.94335227226049,0.7069897367171818,1.1955937355643722,0.1643204098962119,5302.93795799
e375e78ddc4b3bb0fcfc,v0.1.1,reports\strategy_lab\v0.1.1\trade_journal.csv,ETHUSDT,2025-11-26 14:30:00+00:00,2025-11-27 00:00:00+00:00,2932.86,3012.4,0.85241028,2500.0,,2874.2028,3050.1744,EMA20_EXIT,67.8007133,0.0,,,67.8007133,WIN,65.0,59.09063825092792,0.4442245781702069,1.833734193958461,-0.1582154655159974,5370.73867129
e516aae22124e629cd22,v0.1.1,reports\strategy_lab\v0.1.1\trade_journal.csv,ETHUSDT,2025-11-27 02:45:00+00:00,2025-11-28 16:00:00+00:00,3037.46,3058.16,0.82305611,2500.0,,2976.7108,3158.9584,EMA20_EXIT,17.0372614,0.0,,,17.0372614,WIN,100.0,53.35762784962568,0.5352143657487566,2.681655702712863,0.839057001283854,5387.77593268
55559491cf5848c53d26,v0.1.1,reports\strategy_lab\v0.1.1\trade_journal.csv,ETHUSDT,2025-11-30 14:30:00+00:00,2025-11-30 18:30:00+00:00,3028.95,3031.0,0.82536853,2500.0,,2968.371,3150.108,EMA20_EXIT,1.69200548,0.0,,,1.69200548,WIN,100.0,56.210642190299176,0.3074605416259613,1.388282843507423,0.3846668951484095,5389.46793816
e36cc7274e322b5cda5f,v0.1.1,reports\strategy_lab\v0.1.1\trade_journal.csv,ETHUSDT,2025-12-03 07:00:00+00:00,2025-12-03 14:45:00+00:00,3058.38,3076.53,0.81742622,2500.0,,2997.2124,3180.7152,EMA20_EXIT,14.83628588,0.0,,,14.83628588,WIN,100.0,58.26541610925969,0.4628848293443862,1.5813721399378295,1.04728145330672,5404.30422404
bd3aa1c988e9c5007d67,v0.1.1,reports\strategy_lab\v0.1.1\trade_journal.csv,ETHUSDT,2025-12-08 01:15:00+00:00,2025-12-08 11:30:00+00:00,3104.41,3143.93,0.805306,2500.0,,3042.3218,3228.5864,EMA20_EXIT,31.82569313,0.0,,,31.82569313,WIN,75.0,59.698016196337306,0.7199045282646512,2.228508413765672,0.1272690188753582,5436.12991717
98a35ff7a70b6664731b,v0.1.1,reports\strategy_lab\v0.1.1\trade_journal.csv,ETHUSDT,2025-12-10 10:15:00+00:00,2025-12-10 20:45:00+00:00,3327.53,3355.44,0.75130803,2500.0,,3260.9794,3460.6312,EMA20_EXIT,20.96900704,0.0,,,20.96900704,WIN,100.0,52.29211071098887,0.3727244686582482,1.6024360440869796,0.3626557376824699,5457.09892421
0010812558ffde67a5d0,v0.1.1,reports\strategy_lab\v0.1.1\trade_journal.csv,ETHUSDT,2025-12-19 14:15:00+00:00,2025-12-19 15:45:00+00:00,2960.86,2964.99,0.84434928,2500.0,,2901.6428,3079.2944,EMA20_EXIT,3.48716251,0.0,,,3.48716251,WIN,100.0,55.298925747757934,0.467054428048235,2.996553534359667,0.8083607954590172,5460.58608672
11969fdd9cd07a160aaf,v0.1.1,reports\strategy_lab\v0.1.1\trade_journal.csv,ETHUSDT,2025-12-19 16:30:00+00:00,2025-12-20 06:00:00+00:00,2981.84,2983.8,0.8384085,2500.0,,2922.2032,3101.1136,EMA20_EXIT,1.64328066,0.0,,,1.64328066,WIN,100.0,57.465648767805085,0.7216930763156817,1.2870680928485538,0.7576307963098272,5462.22936738
cbca2b9473a3117f3b5e,v0.1.1,reports\strategy_lab\v0.1.1\trade_journal.csv,ETHUSDT,2025-12-28 10:15:00+00:00,2025-12-28 16:15:00+00:00,2942.4,2942.67,0.84964655,2500.0,,2883.552,3060.096,EMA20_EXIT,0.22940457,0.0,,,0.22940457,WIN,100.0,53.49619409353715,0.161047154800673,1.5782359791790088,0.030954604342341,5462.45877195
414b2883baa948b721b4,v0.1.1,reports\strategy_lab\v0.1.1\trade_journal.csv,ETHUSDT,2025-12-28 23:00:00+00:00,2025-12-29 07:00:00+00:00,2941.84,3021.05,0.84980828,2500.0,,2883.0032,3059.5136,EMA20_EXIT,67.31331412,0.0,,,67.31331412,WIN,65.0,52.53582368356957,0.2269042662911166,1.7229662134888224,-0.0229710655017952,5529.77208607
821d6fd26ec99da43e38,v0.1.1,reports\strategy_lab\v0.1.1\trade_journal.csv,ETHUSDT,2025-12-30 15:45:00+00:00,2026-01-02 02:00:00+00:00,2989.77,2997.6,0.83618472,2500.0,,2929.9746,3109.3608,EMA20_EXIT,6.54732638,0.0,,,6.54732638,WIN,100.0,57.23927269631888,0.4616886123248476,1.3510941093650826,0.3205188921712854,5536.31941245
e48a7cf4f23c8c6ebc5c,v0.1.1,reports\strategy_lab\v0.1.1\trade_journal.csv,ETHUSDT,2026-01-02 11:15:00+00:00,2026-01-02 23:15:00+00:00,3047.38,3123.95,0.82037685,2500.0,,2986.4324,3169.2752,EMA20_EXIT,62.81625528,0.0,,,62.81625528,WIN,100.0,59.23864044120694,0.3364973240533848,1.2960254328030183,0.5188557840195471,5599.13566772
a6ddaca04b388689adf7,v0.1.1,reports\strategy_lab\v0.1.1\trade_journal.csv,ETHUSDT,2026-01-04 23:00:00+00:00,2026-01-05 04:00:00+00:00,3139.43,3174.48,0.7963229,2500.0,,3076.6414,3265.0072,EMA20_EXIT,27.91111762,0.0,,,27.91111762,WIN,100.0,50.98563923317534,0.2550310061319799,1.719484252838931,0.0288312991291682,5627.04678535
7de0f699335442fe925f,v0.1.1,reports\strategy_lab\v0.1.1\trade_journal.csv,ETHUSDT,2026-01-05 14:45:00+00:00,2026-01-05 23:45:00+00:00,3167.0,3224.99,0.78939059,2500.0,,3103.66,3293.68,EMA20_EXIT,45.77676034,0.0,,,45.77676034,WIN,75.0,51.35639625156144,0.4098273793714592,2.9889411147658635,0.0175514433720336,5672.82354569
b3c6acf7fd38b2db9d2b,v0.1.1,reports\strategy_lab\v0.1.1\trade_journal.csv,ETHUSDT,2026-01-06 15:30:00+00:00,2026-01-06 17:45:00+00:00,3271.07,3205.6486,0.76427591,2500.0,,3205.6486,3401.9128,STOP_LOSS,-50.0,0.0,,,-50.0,LOSS,100.0,56.92430161244389,0.4995329282500146,1.2810842754609468,0.5399435508301221,5622.82354569
d6995f03dfb48763c253,v0.1.1,reports\strategy_lab\v0.1.1\trade_journal.csv,ETHUSDT,2026-01-11 15:30:00+00:00,2026-01-11 19:30:00+00:00,3116.43,3122.53,0.80219995,2500.0,,3054.1014,3241.0872,EMA20_EXIT,4.89341971,0.0,,,4.89341971,WIN,100.0,56.81471996503517,0.2037257882085782,1.7602223432044704,0.2189150960127952,5627.7169654
dd3a1987cecaeb2a53e3,v0.1.1,reports\strategy_lab\v0.1.1\trade_journal.csv,ETHUSDT,2026-01-12 01:00:00+00:00,2026-01-12 07:30:00+00:00,3127.95,3142.77,0.79924551,2500.0,,3065.391,3253.068,EMA20_EXIT,11.84481849,0.0,,,11.84481849,WIN,100.0,56.87807659075694,0.3840747815531476,3.1400824509266325,0.0546740425807402,5639.56178389
416c0e4f4d1cb633ce85,v0.1.1,reports\strategy_lab\v0.1.1\trade_journal.csv,ETHUSDT,2026-01-12 16:30:00+00:00,2026-01-13 22:00:00+00:00,3132.31,3257.6024,0.79813301,2500.0,,3069.6638,3257.6024,TAKE_PROFIT,100.0,0.0,,,100.0,WIN,65.0,56.3875779159545,0.4779274805659946,1.4276392589062672,-0.0865796360841722,5739.56178389
b052d53cc676cc61e08e,v0.1.1,reports\strategy_lab\v0.1.1\trade_journal.csv,ETHUSDT,2026-01-14 14:15:00+00:00,2026-01-14 17:45:00+00:00,3316.66,3342.41,0.75377036,2500.0,,3250.3268,3449.3264,EMA20_EXIT,19.40958675,0.0,,,19.40958675,WIN,75.0,55.50254890215787,0.3132954215752379,1.915402637629693,0.0500119926928027,5758.97137065
c017695b205fd123e1de,v0.1.1,reports\strategy_lab\v0.1.1\trade_journal.csv,ETHUSDT,2026-01-15 13:00:00+00:00,2026-01-15 15:45:00+00:00,3361.0,3293.78,0.74382624,2500.0,,3293.78,3495.44,STOP_LOSS,-50.0,0.0,,,-50.0,LOSS,100.0,57.5651233411756,0.3299837857061201,1.474309793731286,0.2997174150917365,5708.97137065
93b9bebc5a55d461778c,v0.1.1,reports\strategy_lab\v0.1.1\trade_journal.csv,ETHUSDT,2026-01-18 09:00:00+00:00,2026-01-18 13:00:00+00:00,3316.67,3319.99,0.75376809,2500.0,,3250.3366,3449.3368,EMA20_EXIT,2.50251005,0.0,,,2.50251005,WIN,100.0,58.43870728533556,0.1355798933095545,1.3673246347815642,0.0337377915563038,5711.47388069
7457ff1c53f267f2ca60,v0.1.1,reports\strategy_lab\v0.1.1\trade_journal.csv,ETHUSDT,2026-01-18 13:45:00+00:00,2026-01-18 20:00:00+00:00,3325.92,3343.73,0.75167172,2500.0,,3259.4016,3458.9568,EMA20_EXIT,13.3872733,0.0,,,13.3872733,WIN,100.0,57.81324787560412,0.1554578494092618,1.5394420627831484,0.1225245239338816,5724.86115399
c375bac335ccd903c6a3,v0.1.1,reports\strategy_lab\v0.1.1\trade_journal.csv,ETHUSDT,2026-01-27 15:00:00+00:00,2026-01-28 02:00:00+00:00,2930.94,3012.24,0.85296867,2500.0,,2872.3212,3048.1776,EMA20_EXIT,69.34635305,0.0,,,69.34635305,WIN,65.0,56.76661699189858,0.3978329111954223,2.315342881575267,-0.0630566123295957,5794.20750704
2516baf738b6169effb6,v0.1.1,reports\strategy_lab\v0.1.1\trade_journal.csv,ETHUSDT,2026-01-28 12:00:00+00:00,2026-01-29 02:30:00+00:00,3027.39,2966.8422,0.82579384,2500.0,,2966.8422,3148.4856,STOP_LOSS,-50.0,0.0,,,-50.0,LOSS,100.0,57.85814794056589,0.3550997612251217,1.5181110470494852,0.3215791693402478,5744.20750704
e147c1a667fb35e4e6ff,v0.1.1,reports\strategy_lab\v0.1.1\trade_journal.csv,ETHUSDT,2026-02-07 04:30:00+00:00,2026-02-07 07:00:00+00:00,2080.53,2038.9194,1.2016169,2500.0,,2038.9194,2163.7512,STOP_LOSS,-50.0,0.0,,,-50.0,LOSS,100.0,57.535704241663325,0.8580949774977045,1.391253102469378,1.1299154034151933,5694.20750704
b1e68106eafa3376a3f6,v0.1.1,reports\strategy_lab\v0.1.1\trade_journal.csv,ETHUSDT,2026-02-07 13:30:00+00:00,2026-02-07 16:00:00+00:00,2033.32,2114.6528,1.22951626,2500.0,,1992.6536,2114.6528,TAKE_PROFIT,100.0,0.0,,,100.0,WIN,65.0,49.857296612056665,0.8345501041732376,2.3451971367892845,-0.1883492373456396,5794.20750704
33a4d3f8f5cb58aa6397,v0.1.1,reports\strategy_lab\v0.1.1\trade_journal.csv,ETHUSDT,2026-02-07 16:00:00+00:00,2026-02-07 22:45:00+00:00,2055.16,2088.58,1.2164503,2500.0,,2014.0568,2137.3664,EMA20_EXIT,40.65376905,0.0,,,40.65376905,WIN,100.0,59.111615039666894,1.163134192970681,11.672028489822042,0.0558963846469943,5834.86127609
030dcf60d4465ea42c64,v0.1.1,reports\strategy_lab\v0.1.1\trade_journal.csv,ETHUSDT,2026-02-08 13:00:00+00:00,2026-02-08 16:45:00+00:00,2125.5,2082.99,1.17619384,2500.0,,2082.99,2210.52,STOP_LOSS,-50.0,0.0,,,-50.0,LOSS,100.0,59.68961967613642,0.6483840791841818,1.702230734009289,0.6655990631606166,5784.86127609
65f831027b738d66b84f,v0.1.1,reports\strategy_lab\v0.1.1\trade_journal.csv,ETHUSDT,2026-02-08 23:00:00+00:00,2026-02-08 23:30:00+00:00,2119.17,2076.7866,1.17970715,2500.0,,2076.7866,2203.9368,STOP_LOSS,-50.0,0.0,,,-50.0,LOSS,75.0,57.47924385901082,0.6539996854888191,5.651259592531193,0.0416246967285811,5734.86127609
1735f7598ae2ad8df139,v0.1.1,reports\strategy_lab\v0.1.1\trade_journal.csv,ETHUSDT,2026-02-21 10:00:00+00:00,2026-02-21 16:00:00+00:00,1971.97,1981.69,1.26776777,2500.0,,1932.5306,2050.8488,EMA20_EXIT,12.32270268,0.0,,,12.32270268,WIN,100.0,59.83638182826854,0.2095165014205064,1.427131451349866,0.1080822940253359,5747.18397876
083b294abf3d657635f0,v0.1.1,reports\strategy_lab\v0.1.1\trade_journal.csv,ETHUSDT,2026-03-01 04:15:00+00:00,2026-03-01 13:15:00+00:00,2012.08,1971.8384,1.24249533,2500.0,,1971.8384,2092.5632,STOP_LOSS,-50.0,0.0,,,-50.0,LOSS,100.0,58.26381630810631,0.8293247833193707,1.3641408691491936,1.6766560306251437,5697.18397876
6d8e418c73fd8e90d0ee,v0.1.1,reports\strategy_lab\v0.1.1\trade_journal.csv,ETHUSDT,2026-03-01 14:30:00+00:00,2026-03-01 17:15:00+00:00,1998.64,1958.6672,1.25085058,2500.0,,1958.6672,2078.5856,STOP_LOSS,-50.0,0.0,,,-50.0,LOSS,100.0,54.305859671482274,0.6737375394610335,1.6880098094950238,0.1980685944083588,5647.18397876
a70a01ec180d92a1df7f,v0.1.1,reports\strategy_lab\v0.1.1\trade_journal.csv,ETHUSDT,2026-03-04 11:30:00+00:00,2026-03-04 15:15:00+00:00,2054.01,2136.1704,1.21713137,2500.0,,2012.9298,2136.1704,TAKE_PROFIT,100.0,0.0,,,100.0,WIN,100.0,58.59721938204726,0.6960082477543976,1.2627580662049025,1.5119499219349215,5747.18397876
6f77c90475260b35076a,v0.1.1,reports\strategy_lab\v0.1.1\trade_journal.csv,ETHUSDT,2026-03-09 14:00:00+00:00,2026-03-09 17:45:00+00:00,2013.99,2016.94,1.24131699,2500.0,,1973.7102,2094.5496,EMA20_EXIT,3.66188511,0.0,,,3.66188511,WIN,100.0,57.82400004998983,0.6257267632979538,2.221296887669088,0.6637696756247519,5750.84586388
2497083549b9eb54fd50,v0.1.1,reports\strategy_lab\v0.1.1\trade_journal.csv,ETHUSDT,2026-03-09 19:30:00+00:00,2026-03-09 23:45:00+00:00,2031.64,1991.0072,1.23053297,2500.0,,1991.0072,2112.9056,STOP_LOSS,-50.0,0.0,,,-50.0,LOSS,100.0,56.24888277592189,0.702180694134783,1.9446648814999632,0.5497676320322598,5700.84586388
88a4f4acf5a5f5980480,v0.1.1,reports\strategy_lab\v0.1.1\trade_journal.csv,ETHUSDT,2026-03-10 11:15:00+00:00,2026-03-10 14:00:00+00:00,2064.64,2023.3472,1.21086485,2500.0,,2023.3472,2147.2256,STOP_LOSS,-50.0,0.0,,,-50.0,LOSS,100.0,59.06098975069083,0.4476255681345051,1.6723448305657742,0.6162548782536293,5650.84586388
8898fd534574607de1dc,v0.1.1,reports\strategy_lab\v0.1.1\trade_journal.csv,ETHUSDT,2026-03-10 15:00:00+00:00,2026-03-10 21:45:00+00:00,2068.48,2027.1104,1.20861696,2500.0,,2027.1104,2151.2192,STOP_LOSS,-50.0,0.0,,,-50.0,LOSS,75.0,58.04843700061418,0.7366703327672112,2.8799255707616327,0.1928533185393302,5600.84586388
99b990ce8e40dcfc7e3f,v0.1.1,reports\strategy_lab\v0.1.1\trade_journal.csv,ETHUSDT,2026-03-11 13:00:00+00:00,2026-03-11 15:30:00+00:00,2034.47,2039.79,1.22882127,2500.0,,1993.7806,2115.8488,EMA20_EXIT,6.53732913,0.0,,,6.53732913,WIN,65.0,59.690389592595366,0.4305239245611745,1.3749719748668097,-0.1137297966155179,5607.38319301
34f6b34e4180df24ef38,v0.1.1,reports\strategy_lab\v0.1.1\trade_journal.csv,ETHUSDT,2026-03-11 17:30:00+00:00,2026-03-12 02:30:00+00:00,2070.0,2028.6,1.20772947,2500.0,,2028.6,2152.8,STOP_LOSS,-50.0,0.0,,,-50.0,LOSS,100.0,59.65453135076017,0.7185331678235516,1.128036684824915,0.5944698149739456,5557.38319301
31eeafd65cfc4160394e,v0.1.1,reports\strategy_lab\v0.1.1\trade_journal.csv,ETHUSDT,2026-03-12 11:45:00+00:00,2026-03-13 00:30:00+00:00,2062.83,2145.3432,1.2119273,2500.0,,2021.5734,2145.3432,TAKE_PROFIT,100.0,0.0,,,100.0,WIN,100.0,58.79373424842712,0.4334297765475512,1.5356187757761155,0.328507836888992,5657.38319301
146481d7c46601ee8fd6,v0.1.1,reports\strategy_lab\v0.1.1\trade_journal.csv,ETHUSDT,2026-03-16 14:15:00+00:00,2026-03-16 21:30:00+00:00,2281.11,2372.3544,1.09595767,2500.0,,2235.4878,2372.3544,TAKE_PROFIT,100.0,0.0,,,100.0,WIN,100.0,55.10041406894222,0.6915620324388918,1.1092488657335928,1.1776476783725622,5757.38319301
3b7e1cfbcffcea37f844,v0.1.1,reports\strategy_lab\v0.1.1\trade_journal.csv,ETHUSDT,2026-03-17 00:15:00+00:00,2026-03-17 04:30:00+00:00,2354.04,2306.9592,1.06200404,2500.0,,2306.9592,2448.2016,STOP_LOSS,-50.0,0.0,,,-50.0,LOSS,100.0,54.961221929291824,0.7776207878575384,1.890648022092236,1.1695232752089957,5707.38319301
da107db58caea9dbb8d8,v0.1.1,reports\strategy_lab\v0.1.1\trade_journal.csv,ETHUSDT,2026-03-17 14:00:00+00:00,2026-03-18 11:30:00+00:00,2332.21,2285.5658,1.07194464,2500.0,,2285.5658,2425.4984,STOP_LOSS,-50.0,0.0,,,-50.0,LOSS,100.0,56.332898490340725,0.542291872612781,2.2304036664930726,0.005402668381378,5657.38319301
e2b1b79276204957d5ce,v0.1.1,reports\strategy_lab\v0.1.1\trade_journal.csv,ETHUSDT,2026-03-24 08:15:00+00:00,2026-03-24 13:00:00+00:00,2154.94,2157.0,1.16012511,2500.0,,2111.8412,2241.1376,EMA20_EXIT,2.38985772,0.0,,,2.38985772,WIN,100.0,56.2251791088397,0.4394550547739195,1.2675595213132207,0.2252709558640179,5659.77305073
b806837dc27060458bb6,v0.1.1,reports\strategy_lab\v0.1.1\trade_journal.csv,ETHUSDT,2026-03-25 13:30:00+00:00,2026-03-26 02:30:00+00:00,2188.89,2145.1122,1.1421314,2500.0,,2145.1122,2276.4456,STOP_LOSS,-50.0,0.0,,,-50.0,LOSS,100.0,57.42084689781363,0.4641238141208552,2.0203677007198224,0.3933432644312105,5609.77305073
d30ff2e7b1cbcbaacc09,v0.1.1,reports\strategy_lab\v0.1.1\trade_journal.csv,ETHUSDT,2026-03-30 13:30:00+00:00,2026-03-30 19:00:00+00:00,2068.16,2026.7968,1.20880396,2500.0,,2026.7968,2150.8864,STOP_LOSS,-50.0,0.0,,,-50.0,LOSS,100.0,59.14714222165421,0.3997824188827966,2.129723333303672,0.7385494783035381,5559.77305073
0626cf3c9679a29918b0,v0.1.1,reports\strategy_lab\v0.1.1\trade_journal.csv,ETHUSDT,2026-03-31 14:30:00+00:00,2026-03-31 22:15:00+00:00,2068.68,2096.96,1.20850011,2500.0,,2027.3064,2151.4272,EMA20_EXIT,34.17638301,0.0,,,34.17638301,WIN,100.0,58.180737467851685,0.5858770973128486,1.2630569506404214,0.2638963574038738,5593.94943374
7a3f471f80e70cd6d442,v0.1.1,reports\strategy_lab\v0.1.1\trade_journal.csv,ETHUSDT,2026-04-01 07:45:00+00:00,2026-04-01 10:00:00+00:00,2131.0,2131.08,1.17315814,2500.0,,2088.38,2216.24,EMA20_EXIT,0.09385265,0.0,,,0.09385265,WIN,100.0,56.226395968623294,0.4707643070123253,1.159721878569226,0.770662697510921,5594.04328639
c4d3de0e3c0a10ba90c1,v0.1.1,reports\strategy_lab\v0.1.1\trade_journal.csv,ETHUSDT,2026-04-01 17:15:00+00:00,2026-04-01 23:00:00+00:00,2141.76,2142.1,1.16726431,2500.0,,2098.9248,2227.4304,EMA20_EXIT,0.39686986,0.0,,,0.39686986,WIN,100.0,55.11086204759878,0.5682407217760507,1.2168084292182877,0.3200040513977658,5594.44015626
526238ae0c5f247594c9,v0.1.1,reports\strategy_lab\v0.1.1\trade_journal.csv,ETHUSDT,2026-04-06 14:30:00+00:00,2026-04-06 23:00:00+00:00,2148.01,2105.0498,1.16386795,2500.0,,2105.0498,2233.9304,STOP_LOSS,-50.0,0.0,,,-50.0,LOSS,100.0,53.15693260048688,0.4771356735113807,2.5465778636975416,0.5120794291330986,5544.44015626
d0ad389b697e1d230596,v0.1.1,reports\strategy_lab\v0.1.1\trade_journal.csv,ETHUSDT,2026-04-07 10:00:00+00:00,2026-04-07 12:00:00+00:00,2117.37,2075.0226,1.18071003,2500.0,,2075.0226,2202.0648,STOP_LOSS,-50.0,0.0,,,-50.0,LOSS,65.0,53.90454981027407,0.3438254893712741,1.5561068003086795,-0.0559492694710776,5494.44015626
c4ec928ca47e955ebb9b,v0.1.1,reports\strategy_lab\v0.1.1\trade_journal.csv,ETHUSDT,2026-04-08 13:15:00+00:00,2026-04-08 14:30:00+00:00,2260.63,2215.4174,1.10588641,2500.0,,2215.4174,2351.0552,STOP_LOSS,-50.0,0.0,,,-50.0,LOSS,100.0,59.54856584937944,0.4086160575091545,1.3209318903777736,0.6954163706446032,5444.44015626
4b628b54059e77b0e1da,v0.1.1,reports\strategy_lab\v0.1.1\trade_journal.csv,ETHUSDT,2026-04-09 10:45:00+00:00,2026-04-09 21:15:00+00:00,2190.7,2209.86,1.14118775,2500.0,,2146.886,2278.328,EMA20_EXIT,21.86515726,0.0,,,21.86515726,WIN,65.0,54.94132111508133,0.2872227633001412,2.4318932129044186,-0.1023379337452437,5466.30531351
6700b4350df63a62c71e,v0.1.1,reports\strategy_lab\v0.1.1\trade_journal.csv,ETHUSDT,2026-04-11 15:30:00+00:00,2026-04-11 23:00:00+00:00,2246.59,2283.92,1.11279762,2500.0,,2201.6582,2336.4536,EMA20_EXIT,41.54073507,0.0,,,41.54073507,WIN,100.0,58.12209075783796,0.2078157162350253,1.1644256751123676,0.0772383255608529,5507.84604858
43c1e5970a9db3592ffa,v0.1.1,reports\strategy_lab\v0.1.1\trade_journal.csv,ETHUSDT,2026-04-14 14:00:00+00:00,2026-04-14 15:00:00+00:00,2383.14,2335.4772,1.04903615,2500.0,,2335.4772,2478.4656,STOP_LOSS,-50.0,0.0,,,-50.0,LOSS,100.0,55.06896919902835,0.3791834711837685,1.854268787798731,0.5914237755482272,5457.84604858
3c6df4689158770cbc7f,v0.1.1,reports\strategy_lab\v0.1.1\trade_journal.csv,ETHUSDT,2026-04-15 14:15:00+00:00,2026-04-15 21:00:00+00:00,2339.99,2353.78,1.06838063,2500.0,,2293.1902,2433.5896,EMA20_EXIT,14.73296894,0.0,,,14.73296894,WIN,100.0,59.51122410106901,0.3792822644146653,2.65430583583888,0.0560565445966259,5472.57901753
cdbb01a74b3de6974c5f,v0.1.1,reports\strategy_lab\v0.1.1\trade_journal.csv,ETHUSDT,2026-04-15 22:30:00+00:00,2026-04-16 13:45:00+00:00,2369.36,2321.9728,1.05513725,2500.0,,2321.9728,2464.1344,STOP_LOSS,-50.0,0.0,,,-50.0,LOSS,100.0,59.41657439930425,0.4580873604546486,1.3063609918519037,0.4542699425182818,5422.57901753
2491952ca9504d776efe,v0.1.1,reports\strategy_lab\v0.1.1\trade_journal.csv,ETHUSDT,2026-04-17 10:00:00+00:00,2026-04-17 14:30:00+00:00,2353.59,2447.7336,1.0622071,2500.0,,2306.5182,2447.7336,TAKE_PROFIT,100.0,0.0,,,100.0,WIN,100.0,58.291633466553016,0.4135784825224697,1.36918478693572,0.2283130956717874,5522.57901753
ed2a901a129c8f917b68,v0.1.1,reports\strategy_lab\v0.1.1\trade_journal.csv,ETHUSDT,2026-04-26 23:45:00+00:00,2026-04-27 04:45:00+00:00,2369.44,2382.84,1.05510163,2500.0,,2322.0512,2464.2176,EMA20_EXIT,14.13836181,0.0,,,14.13836181,WIN,100.0,59.165246544633234,0.3600641775383274,1.4459250696515362,0.3882938957318535,5536.71737933
076e3e05f812f47e2243,v0.1.1,reports\strategy_lab\v0.1.1\trade_journal.csv,ETHUSDT,2026-04-29 10:30:00+00:00,2026-04-29 15:00:00+00:00,2332.01,2285.3698,1.07203657,2500.0,,2285.3698,2425.2904,STOP_LOSS,-50.0,0.0,,,-50.0,LOSS,100.0,56.625512083551925,0.3015011356844627,1.256097239467964,0.5464741462750408,5486.71737933
07000e35b86d6828b6df,v0.1.1,reports\strategy_lab\v0.1.1\trade_journal.csv,ETHUSDT,2026-05-01 14:30:00+00:00,2026-05-02 17:15:00+00:00,2306.25,2307.28,1.08401084,2500.0,,2260.125,2398.5,EMA20_EXIT,1.11653117,0.0,,,1.11653117,WIN,100.0,59.44743100266571,0.3511829087375394,1.6971239175470774,0.5044548170409812,5487.8339105
7669a589beeddf57f7b5,v0.1.1,reports\strategy_lab\v0.1.1\trade_journal.csv,ETHUSDT,2026-05-02 22:15:00+00:00,2026-05-03 20:45:00+00:00,2318.54,2329.58,1.07826477,2500.0,,2272.1692,2411.2816,EMA20_EXIT,11.90404306,0.0,,,11.90404306,WIN,100.0,58.50786556644084,0.1982136333206814,1.861215761918788,0.1989425123611101,5499.73795356
877666dde8f341cca84b,v0.1.1,reports\strategy_lab\v0.1.1\trade_journal.csv,ETHUSDT,2026-05-03 22:15:00+00:00,2026-05-04 06:15:00+00:00,2338.66,2362.06,1.06898822,2500.0,,2291.8868,2432.2064,EMA20_EXIT,25.01432444,0.0,,,25.01432444,WIN,100.0,56.14383609541566,0.3784185113210788,3.0889610721706,0.2123195129047981,5524.752278
32ccc76cf2093fc871ab,v0.1.1,reports\strategy_lab\v0.1.1\trade_journal.csv,ETHUSDT,2026-05-04 15:45:00+00:00,2026-05-04 19:15:00+00:00,2350.1,2357.02,1.06378452,2500.0,,2303.098,2444.104,EMA20_EXIT,7.36138888,0.0,,,7.36138888,WIN,65.0,50.45046555277511,0.5595172382321373,1.4015169724869716,-0.0304081323233995,5532.11366688
8e400e4a45b01051a12e,v0.1.1,reports\strategy_lab\v0.1.1\trade_journal.csv,ETHUSDT,2026-05-05 02:45:00+00:00,2026-05-05 06:15:00+00:00,2367.72,2371.2,1.05586809,2500.0,,2320.3656,2462.4288,EMA20_EXIT,3.67442096,0.0,,,3.67442096,WIN,100.0,58.23188973394998,0.3102557506871218,1.883034736838888,0.1384172555849454,5535.78808784
3285073a8cd9c8014360,v0.1.1,reports\strategy_lab\v0.1.1\trade_journal.csv,ETHUSDT,2026-05-05 15:15:00+00:00,2026-05-06 13:00:00+00:00,2385.04,2389.72,1.04820045,2500.0,,2337.3392,2480.4416,EMA20_EXIT,4.9055781,0.0,,,4.9055781,WIN,100.0,54.17825116170294,0.3712158599918382,1.166066141812889,0.1932699091624205,5540.69366594
52b63e34b483abfe03be,v0.1.1,reports\strategy_lab\v0.1.1\trade_journal.csv,ETHUSDT,2026-05-09 16:15:00+00:00,2026-05-09 23:00:00+00:00,2319.9,2328.25,1.07763266,2500.0,,2273.502,2412.696,EMA20_EXIT,8.99823268,0.0,,,8.99823268,WIN,100.0,59.9535335503708,0.1936508789170444,1.9513786940205755,0.0309052533455131,5549.69189863
772e9e4c8e08cbb1022b,v0.1.1,reports\strategy_lab\v0.1.1\trade_journal.csv,ETHUSDT,2026-05-10 04:00:00+00:00,2026-05-10 07:00:00+00:00,2327.37,2327.55,1.07417385,2500.0,,2280.8226,2420.4648,EMA20_EXIT,0.19335129,0.0,,,0.19335129,WIN,100.0,52.57989289435829,0.1643687586178525,1.3087865855878265,0.0590242843847941,5549.88524992
910479b46e12a5ae4039,v0.1.1,reports\strategy_lab\v0.1.1\trade_journal.csv,ETHUSDT,2026-05-10 13:45:00+00:00,2026-05-10 20:15:00+00:00,2329.8,2353.55,1.07305348,2500.0,,2283.204,2422.992,EMA20_EXIT,25.48502017,0.0,,,25.48502017,WIN,100.0,59.69929834973555,0.1360033303131085,1.3876833369111172,0.0053068006234184,5575.37027009
3705f1376d83ec75689c,v0.1.1,reports\strategy_lab\v0.1.1\trade_journal.csv,ETHUSDT,2026-05-21 08:15:00+00:00,2026-05-22 18:45:00+00:00,2141.48,2098.6504,1.16741693,2500.0,,2098.6504,2227.1392,STOP_LOSS,-50.0,0.0,,,-50.0,LOSS,75.0,55.1905416485284,0.2551611024896779,1.4191726563903444,0.0225658739244579,5525.37027009
928b49ce571059681650,v0.1.1,reports\strategy_lab\v0.1.1\trade_journal.csv,ETHUSDT,2026-05-25 15:15:00+00:00,2026-05-25 18:45:00+00:00,2125.04,2126.85,1.17644844,2500.0,,2082.5392,2210.0416,EMA20_EXIT,2.12937168,0.0,,,2.12937168,WIN,100.0,59.24103744012685,0.2433365065089873,1.2058410711191438,0.2698313631648474,5527.49964178
076a0d7b928a34d45d04,v0.1.1,reports\strategy_lab\v0.1.1\trade_journal.csv,ETHUSDT,2026-05-26 12:00:00+00:00,2026-05-26 16:00:00+00:00,2117.75,2075.395,1.18049817,2500.0,,2075.395,2202.46,STOP_LOSS,-50.0,0.0,,,-50.0,LOSS,100.0,58.51531174733791,0.3194959330872283,2.4319199133791685,0.2250877872764939,5477.49964178
5eec25728a588669b816,v0.1.1,reports\strategy_lab\v0.1.1\trade_journal.csv,ETHUSDT,2026-05-30 15:45:00+00:00,2026-05-31 05:30:00+00:00,2026.61,2030.56,1.23358712,2500.0,,1986.0778,2107.6744,EMA20_EXIT,4.87266914,0.0,,,4.87266914,WIN,100.0,59.16424764230477,0.1767017044262257,1.4910875414144251,0.1583182726551228,5482.37231091
551eef4b754640c4e80d,v0.1.1,reports\strategy_lab\v0.1.1\trade_journal.csv,ETHUSDT,2026-06-08 13:30:00+00:00,2026-06-08 17:15:00+00:00,1682.95,1686.67,1.48548679,2500.0,,1649.291,1750.268,EMA20_EXIT,5.52601087,0.0,,,5.52601087,WIN,100.0,53.50711953863939,0.6347414115113785,2.923367561685457,0.483045501270942,5487.89832179
1e09dec151bd39d8e177,v0.1.1,reports\strategy_lab\v0.1.1\trade_journal.csv,ETHUSDT,2026-06-11 12:00:00+00:00,2026-06-11 20:15:00+00:00,1661.37,1670.64,1.5047822,2500.0,,1628.1426,1727.8248,EMA20_EXIT,13.94933097,0.0,,,13.94933097,WIN,100.0,56.398929582157336,0.330371619633726,1.8484399528202284,0.4414389338706851,5501.84765276
5b4d445d1122b6d0fa91,v0.1.1,reports\strategy_lab\v0.1.1\trade_journal.csv,ETHUSDT,2026-06-12 15:15:00+00:00,2026-06-15 04:30:00+00:00,1682.54,1717.27,1.48584878,2500.0,,1648.8892,1749.8416,EMA20_EXIT,51.603528,0.0,,,51.603528,WIN,100.0,59.34913634692031,0.4603730952860436,2.2702460646490734,0.1060991525054119,5553.45118076
35991431283d0fb90f03,v0.1.1,reports\strategy_lab\v0.1.1\trade_journal.csv,ETHUSDT,2026-06-15 10:15:00+00:00,2026-06-15 13:00:00+00:00,1724.64,1793.6256,1.44957788,2500.0,,1690.1472,1793.6256,TAKE_PROFIT,100.0,0.0,,,100.0,WIN,100.0,58.56802239653968,0.2808164523863887,3.0930857548620105,0.3558816346919,5653.45118076
d545d497e2f6051c0f48,v0.1.1,reports\strategy_lab\v0.1.1\trade_journal.csv,ETHUSDT,2026-06-16 09:15:00+00:00,2026-06-16 13:45:00+00:00,1791.02,1797.88,1.39585264,2500.0,,1755.1996,1862.6608,EMA20_EXIT,9.57554913,0.0,,,9.57554913,WIN,65.0,58.923660511430526,0.4291100084360588,1.2370918566169644,-0.101547101492781,5663.02672989
8f8602db8aba6196503a,v0.1.1,reports\strategy_lab\v0.1.1\trade_journal.csv,ETHUSDT,2026-06-22 03:00:00+00:00,2026-06-22 04:30:00+00:00,1731.61,1731.95,1.44374311,2500.0,,1696.9778,1800.8744,EMA20_EXIT,0.49087266,0.0,,,0.49087266,WIN,100.0,51.52514181653631,0.4881740416612703,1.157972841028305,0.1799359179289791,5663.51760254
a287c770da9138d8d180,v0.1.1,reports\strategy_lab\v0.1.1\trade_journal.csv,ETHUSDT,2026-07-03 01:15:00+00:00,2026-07-03 14:00:00+00:00,1708.68,1734.26,1.46311773,2500.0,,1674.5064,1777.0272,EMA20_EXIT,37.42655149,0.0,,,37.42655149,WIN,100.0,59.37882357281672,0.4055557850417492,1.882593123889453,0.5477280836191963,5700.94415403
be5a32439717cebc2ac4,v0.1.1,reports\strategy_lab\v0.1.1\trade_journal.csv,ETHUSDT,2026-07-04 13:30:00+00:00,2026-07-04 20:15:00+00:00,1763.73,1784.73,1.41745052,2500.0,,1728.4554,1834.2792,EMA20_EXIT,29.76646085,0.0,,,29.76646085,WIN,100.0,56.947215161858814,0.252880465163938,1.624957288024466,0.2097530028276197,5730.71061489
56e7a0d0d7cf8dd69895,v0.1.1,reports\strategy_lab\v0.1.1\trade_journal.csv,ETHUSDT,2026-07-05 16:45:00+00:00,2026-07-05 20:15:00+00:00,1773.0,1777.48,1.41003948,2500.0,,1737.54,1843.92,EMA20_EXIT,6.31697688,0.0,,,6.31697688,WIN,100.0,58.82943299144536,0.2618012428339628,1.4067276835622395,0.0862398832067068,5737.02759176
c2481933dc43b2d01507,v0.1.1,reports\strategy_lab\v0.1.1\trade_journal.csv,ETHUSDT,2026-07-05 22:30:00+00:00,2026-07-06 12:00:00+00:00,1789.72,1753.9256,1.39686655,2500.0,,1753.9256,1861.3088,STOP_LOSS,-50.0,0.0,,,-50.0,LOSS,100.0,59.16972763113012,0.4072138368035646,3.808040984551986,0.3360494640811899,5687.02759176
f1d7f87b050f4136a8a1,v0.1.1,reports\strategy_lab\v0.1.1\trade_journal.csv,ETHUSDT,2026-07-07 15:00:00+00:00,2026-07-07 18:45:00+00:00,1785.95,1786.6,1.39981522,2500.0,,1750.231,1857.388,EMA20_EXIT,0.9098799,0.0,,,0.9098799,WIN,65.0,57.496653001090046,0.5250994567011553,1.1636701507419591,-0.0434217749204654,5687.93747166
847f2262fe11a4f4e920,v0.1.1,reports\strategy_lab\v0.1.1\trade_journal.csv,SOLUSDT,2025-07-13 18:15:00+00:00,2025-07-13 22:15:00+00:00,163.09,159.8282,15.32895947,2500.0,,159.8282,169.6136,STOP_LOSS,-50.0,0.0,,,-50.0,LOSS,100.0,58.6270976661074,0.406482805563788,1.2622657980902137,0.1165290055565493,4950.0
d90ad5a2b255beb4916c,v0.1.1,reports\strategy_lab\v0.1.1\trade_journal.csv,SOLUSDT,2025-07-14 13:45:00+00:00,2025-07-14 15:15:00+00:00,167.93,164.5714,14.88715536,2500.0,,164.5714,174.6472,STOP_LOSS,-50.0,0.0,,,-50.0,LOSS,100.0,59.97222689532723,0.5073820810461318,2.7513792515632964,0.5112651268957608,4900.0
37c4d1771f47c6e0a587,v0.1.1,reports\strategy_lab\v0.1.1\trade_journal.csv,SOLUSDT,2025-07-16 15:15:00+00:00,2025-07-16 17:45:00+00:00,167.32,174.0128,14.9414296,2500.0,,163.9736,174.0128,TAKE_PROFIT,100.0,0.0,,,100.0,WIN,100.0,58.25279911228946,0.4653720081095259,1.5087101399218896,0.7355793220987684,5000.0
0dbff9b4e1a048ed178f,v0.1.1,reports\strategy_lab\v0.1.1\trade_journal.csv,SOLUSDT,2025-07-17 06:15:00+00:00,2025-07-17 12:15:00+00:00,173.06,174.87,14.44585693,2500.0,,169.5988,179.9824,EMA20_EXIT,26.14700104,0.0,,,26.14700104,WIN,75.0,59.92957164020249,0.5832609133962667,1.2528578361353937,0.0300722773793913,5026.14700104
e0c397e33a76d728ae8a,v0.1.1,reports\strategy_lab\v0.1.1\trade_journal.csv,SOLUSDT,2025-07-17 13:00:00+00:00,2025-07-17 16:15:00+00:00,175.71,172.1958,14.2279893,2500.0,,172.1958,182.7384,STOP_LOSS,-50.0,0.0,,,-50.0,LOSS,100.0,53.30873467981184,0.7217068049334924,1.5171299236174551,0.7959914705905016,4976.14700104
ca81dd37f0e2a27e590a,v0.1.1,reports\strategy_lab\v0.1.1\trade_journal.csv,SOLUSDT,2025-07-17 21:30:00+00:00,2025-07-18 05:00:00+00:00,175.73,182.7592,14.22637,2500.0,,172.2154,182.7592,TAKE_PROFIT,100.0,0.0,,,100.0,WIN,100.0,59.44073482426865,0.7335429405667602,1.620514503778454,0.1122473582184626,5076.14700104
402e8b9198867c39d2a3,v0.1.1,reports\strategy_lab\v0.1.1\trade_journal.csv,SOLUSDT,2025-07-20 19:45:00+00:00,2025-07-20 22:15:00+00:00,181.99,178.3502,13.73701852,2500.0,,178.3502,189.2696,STOP_LOSS,-50.0,0.0,,,-50.0,LOSS,100.0,53.74691811618226,0.5681022244342718,1.3284007606738129,0.4444753261696592,5026.14700104
cb29184465ff02e30a47,v0.1.1,reports\strategy_lab\v0.1.1\trade_journal.csv,SOLUSDT,2025-07-21 16:15:00+00:00,2025-07-21 23:45:00+00:00,195.23,195.72,12.805409,2500.0,,191.3254,203.0392,EMA20_EXIT,6.27465041,0.0,,,6.27465041,WIN,100.0,59.98757404360684,0.8445156612421831,2.0126576239318577,1.488295006696152,5032.42165145
b5ad68a8b8a3f51c0a56,v0.1.1,reports\strategy_lab\v0.1.1\trade_journal.csv,SOLUSDT,2025-07-22 00:30:00+00:00,2025-07-22 03:30:00+00:00,197.0,198.39,12.69035533,2500.0,,193.06,204.88,EMA20_EXIT,17.63959391,0.0,,,17.63959391,WIN,100.0,54.68074335869154,0.7145576156736638,1.6702563844638303,0.8461914278776248,5050.06124536
88310f047445e2cffc8c,v0.1.1,reports\strategy_lab\v0.1.1\trade_journal.csv,SOLUSDT,2025-07-22 13:15:00+00:00,2025-07-22 14:00:00+00:00,201.57,197.5386,12.40263928,2500.0,,197.5386,209.6328,STOP_LOSS,-50.0,0.0,,,-50.0,LOSS,100.0,58.28817210777437,0.8822771398679985,1.4981027349400944,0.6149417056582156,5000.06124536
dd70e49100f73e321009,v0.1.1,reports\strategy_lab\v0.1.1\trade_journal.csv,SOLUSDT,2025-07-23 00:00:00+00:00,2025-07-23 06:30:00+00:00,204.25,200.165,12.23990208,2500.0,,200.165,212.42,STOP_LOSS,-50.0,0.0,,,-50.0,LOSS,100.0,59.15100128903085,0.7377891785514111,1.200261061044534,0.53901127526012,4950.06124536
05eb416175a62b33f666,v0.1.1,reports\strategy_lab\v0.1.1\trade_journal.csv,SOLUSDT,2025-07-27 10:45:00+00:00,2025-07-27 23:15:00+00:00,187.66,188.06,13.32196526,2500.0,,183.9068,195.1664,EMA20_EXIT,5.3287861,0.0,,,5.3287861,WIN,100.0,57.18288688711554,0.342110728557872,2.442381134633075,0.1196147476095343,4955.39003146
0df37de40714e042c3cc,v0.1.1,reports\strategy_lab\v0.1.1\trade_journal.csv,SOLUSDT,2025-07-28 00:30:00+00:00,2025-07-28 07:00:00+00:00,189.49,192.15,13.19330835,2500.0,,185.7002,197.0696,EMA20_EXIT,35.09420022,0.0,,,35.09420022,WIN,100.0,56.01835007623384,0.600608186988486,1.330993576800332,0.3648115319598346,4990.48423169
235cb9436edcf5b3b08e,v0.1.1,reports\strategy_lab\v0.1.1\trade_journal.csv,SOLUSDT,2025-07-28 12:30:00+00:00,2025-07-28 13:30:00+00:00,193.5,189.63,12.91989664,2500.0,,189.63,201.24,STOP_LOSS,-50.0,0.0,,,-50.0,LOSS,100.0,59.197375517688016,0.47589008751141,2.0362429138412828,0.3312824181507753,4940.48423169
0f77f55404aa17b9b93c,v0.1.1,reports\strategy_lab\v0.1.1\trade_journal.csv,SOLUSDT,2025-08-05 06:00:00+00:00,2025-08-05 12:15:00+00:00,168.89,168.9,14.80253419,2500.0,,165.5122,175.6456,EMA20_EXIT,0.14802534,0.0,,,0.14802534,WIN,75.0,57.47797068245345,0.4225876183344734,1.290928441576246,0.2659519045936722,4940.63225703
03c4ec8a8d15c0e1593c,v0.1.1,reports\strategy_lab\v0.1.1\trade_journal.csv,SOLUSDT,2025-08-08 00:45:00+00:00,2025-08-08 04:45:00+00:00,174.28,174.38,14.34473261,2500.0,,170.7944,181.2512,EMA20_EXIT,1.43447326,0.0,,,1.43447326,WIN,100.0,57.792587717196966,0.5137261509785914,1.816671522780125,0.8556032697746175,4942.06673029
719e82181803867c3091,v0.1.1,reports\strategy_lab\v0.1.1\trade_journal.csv,SOLUSDT,2025-08-08 08:15:00+00:00,2025-08-08 14:30:00+00:00,175.95,175.97,14.20858198,2500.0,,172.431,182.988,EMA20_EXIT,0.28417164,0.0,,,0.28417164,WIN,100.0,57.90200636203791,0.4943460787374021,1.4024555736620317,0.5865881370144845,4942.35090193
5ac70c09b64196e4fec7,v0.1.1,reports\strategy_lab\v0.1.1\trade_journal.csv,SOLUSDT,2025-08-08 19:45:00+00:00,2025-08-09 11:00:00+00:00,178.47,181.17,14.00795652,2500.0,,174.9006,185.6088,EMA20_EXIT,37.8214826,0.0,,,37.8214826,WIN,100.0,59.671379623261664,0.5734059899762864,1.5240641450803782,0.471599060672804,4980.17238453
116d620d851508651108,v0.1.1,reports\strategy_lab\v0.1.1\trade_journal.csv,SOLUSDT,2025-08-09 11:30:00+00:00,2025-08-09 22:00:00+00:00,181.38,181.43,13.78321755,2500.0,,177.7524,188.6352,EMA20_EXIT,0.68916088,0.0,,,0.68916088,WIN,100.0,53.73072529163874,0.4372652240615481,1.3964580389139791,0.7201757303554238,4980.86154541
f996835e442c0eb7d6c5,v0.1.1,reports\strategy_lab\v0.1.1\trade_journal.csv,SOLUSDT,2025-08-10 00:30:00+00:00,2025-08-10 05:15:00+00:00,182.23,182.4,13.71892663,2500.0,,178.5854,189.5192,EMA20_EXIT,2.33221753,0.0,,,2.33221753,WIN,75.0,57.837161482318585,0.4785096271988848,1.2934688935844345,0.0365626820576739,4983.19376294
5300ffba8741ae9667b6,v0.1.1,reports\strategy_lab\v0.1.1\trade_journal.csv,SOLUSDT,2025-08-10 14:45:00+00:00,2025-08-10 20:15:00+00:00,181.52,181.63,13.77258704,2500.0,,177.8896,188.7808,EMA20_EXIT,1.51498457,0.0,,,1.51498457,WIN,65.0,58.121495701448765,0.5598161812393923,1.5423076641734212,-0.2496212005362941,4984.70874751
f11370dbfbfccc059deb,v0.1.1,reports\strategy_lab\v0.1.1\trade_journal.csv,SOLUSDT,2025-08-10 21:00:00+00:00,2025-08-11 06:30:00+00:00,183.08,184.66,13.65523269,2500.0,,179.4184,190.4032,EMA20_EXIT,21.57526764,0.0,,,21.57526764,WIN,100.0,59.91847870874624,0.4929252974667299,2.449084870339256,0.2961849456808335,5006.28401515
5f999bc6721c0a381f4d,v0.1.1,reports\strategy_lab\v0.1.1\trade_journal.csv,SOLUSDT,2025-08-13 01:00:00+00:00,2025-08-13 04:15:00+00:00,192.09,199.7736,13.01473268,2500.0,,188.2482,199.7736,TAKE_PROFIT,100.0,0.0,,,100.0,WIN,100.0,56.93770121663056,0.6962386287580813,1.8883831324353315,2.0230689266492234,5106.28401515
a8c5f5db306edb977736,v0.1.1,reports\strategy_lab\v0.1.1\trade_journal.csv,SOLUSDT,2025-08-13 12:45:00+00:00,2025-08-13 14:45:00+00:00,201.14,197.1172,12.42915382,2500.0,,197.1172,209.1856,STOP_LOSS,-50.0,0.0,,,-50.0,LOSS,100.0,57.50223795621119,0.5907633451002723,1.221735200437427,1.4026230861971574,5056.28401515
782c11829bac6d056ac6,v0.1.1,reports\strategy_lab\v0.1.1\trade_journal.csv,SOLUSDT,2025-08-13 22:45:00+00:00,2025-08-14 03:45:00+00:00,200.55,208.572,12.46571927,2500.0,,196.539,208.572,TAKE_PROFIT,100.0,0.0,,,100.0,WIN,100.0,51.3577530163191,0.7116386531056398,1.611611437806122,0.4323029915920798,5156.28401515
4d0510b6cad2a0f6f582,v0.1.1,reports\strategy_lab\v0.1.1\trade_journal.csv,SOLUSDT,2025-08-14 12:15:00+00:00,2025-08-14 12:30:00+00:00,205.03,200.9294,12.19333756,2500.0,,200.9294,213.2312,STOP_LOSS,-50.0,0.0,,,-50.0,LOSS,75.0,54.01608181734981,0.7665258568557729,1.5329992267627182,0.0508222883232271,5106.28401515
af66884abbfec7fe0544,v0.1.1,reports\strategy_lab\v0.1.1\trade_journal.csv,SOLUSDT,2025-08-17 16:00:00+00:00,2025-08-17 18:45:00+00:00,194.39,190.5022,12.86074387,2500.0,,190.5022,202.1656,STOP_LOSS,-50.0,0.0,,,-50.0,LOSS,100.0,59.11291920109736,0.416456787219316,2.488832682584972,0.5351230381325474,5056.28401515
b0a04f4b6b70df664f6c,v0.1.1,reports\strategy_lab\v0.1.1\trade_journal.csv,SOLUSDT,2025-08-23 00:00:00+00:00,2025-08-23 05:00:00+00:00,199.13,207.0952,12.55461256,2500.0,,195.1474,207.0952,TAKE_PROFIT,100.0,0.0,,,100.0,WIN,100.0,56.08804349036734,0.6564528895126824,1.2374269935245756,1.9525471144401976,5156.28401515
7c32237c77af7adda840,v0.1.1,reports\strategy_lab\v0.1.1\trade_journal.csv,SOLUSDT,2025-08-23 14:30:00+00:00,2025-08-23 15:30:00+00:00,202.61,202.67,12.33897636,2500.0,,198.5578,210.7144,EMA20_EXIT,0.74033858,0.0,,,0.74033858,WIN,75.0,50.19233173253419,0.5433236163946208,1.331362289439719,0.2755902475978545,5157.02435373
f9bd98635b3dbfcb8a9a,v0.1.1,reports\strategy_lab\v0.1.1\trade_journal.csv,SOLUSDT,2025-08-24 15:30:00+00:00,2025-08-24 19:30:00+00:00,207.05,202.909,12.07437817,2500.0,,202.909,215.332,STOP_LOSS,-50.0,0.0,,,-50.0,LOSS,65.0,55.91538641862236,0.6390810356737222,1.9948446112714957,-0.0840857827247124,5107.02435373
8f0b14a5c10c15aa937d,v0.1.1,reports\strategy_lab\v0.1.1\trade_journal.csv,SOLUSDT,2025-08-27 13:45:00+00:00,2025-08-27 19:00:00+00:00,204.44,206.33,12.22852671,2500.0,,200.3512,212.6176,EMA20_EXIT,23.11191548,0.0,,,23.11191548,WIN,100.0,55.4634171573156,0.6517070705581666,1.347722093967402,0.8839317698232674,5130.13626921
35be83efeba07dc08f4f,v0.1.1,reports\strategy_lab\v0.1.1\trade_journal.csv,SOLUSDT,2025-08-28 06:00:00+00:00,2025-08-28 09:45:00+00:00,210.12,211.6,11.89796307,2500.0,,205.9176,218.5248,EMA20_EXIT,17.60898534,0.0,,,17.60898534,WIN,100.0,59.24557369473656,0.736187968981931,1.2558503881330454,0.8113359071901423,5147.74525455
2d7f6f8f4fa5ef00de27,v0.1.1,reports\strategy_lab\v0.1.1\trade_journal.csv,SOLUSDT,2025-08-28 22:00:00+00:00,2025-08-29 03:00:00+00:00,213.96,214.62,11.684427,2500.0,,209.6808,222.5184,EMA20_EXIT,7.71172182,0.0,,,7.71172182,WIN,100.0,58.47808096039974,0.6928350949084983,1.4993524463815833,0.1996119981964682,5155.45697637
b8e2a826fadb00e5f8a7,v0.1.1,reports\strategy_lab\v0.1.1\trade_journal.csv,SOLUSDT,2025-08-29 04:45:00+00:00,2025-08-29 06:30:00+00:00,217.13,212.7874,11.51383964,2500.0,,212.7874,225.8152,STOP_LOSS,-50.0,0.0,,,-50.0,LOSS,100.0,57.71846570713732,0.7693012359888817,1.3250659647495195,0.6593604325053002,5105.45697637
b45446d2100a6da85016,v0.1.1,reports\strategy_lab\v0.1.1\trade_journal.csv,SOLUSDT,2025-09-02 14:00:00+00:00,2025-09-03 01:00:00+00:00,203.35,207.9,12.29407426,2500.0,,199.283,211.484,EMA20_EXIT,55.93803787,0.0,,,55.93803787,WIN,75.0,56.57706877944734,0.7434082299842371,2.446613797388577,0.0899292510412377,5161.39501424
8c0118c4502b4d4859f0,v0.1.1,reports\strategy_lab\v0.1.1\trade_journal.csv,SOLUSDT,2025-09-03 13:45:00+00:00,2025-09-04 04:45:00+00:00,211.62,207.3876,11.8136282,2500.0,,207.3876,220.0848,STOP_LOSS,-50.0,0.0,,,-50.0,LOSS,100.0,59.51709927204058,0.5451447305842169,2.376390107532504,0.3898736504900433,5111.39501424
127a054de4f5929715a6,v0.1.1,reports\strategy_lab\v0.1.1\trade_journal.csv,SOLUSDT,2025-09-05 14:00:00+00:00,2025-09-05 14:30:00+00:00,207.84,203.6832,12.02848345,2500.0,,203.6832,216.1536,STOP_LOSS,-50.0,0.0,,,-50.0,LOSS,100.0,54.92772532853124,0.5813545585113687,1.33479961672929,0.6218640112977749,5061.39501424
43e25f684c5fc05e4cac,v0.1.1,reports\strategy_lab\v0.1.1\trade_journal.csv,SOLUSDT,2025-09-07 16:15:00+00:00,2025-09-08 05:30:00+00:00,204.23,206.75,12.24110072,2500.0,,200.1454,212.3992,EMA20_EXIT,30.84757381,0.0,,,30.84757381,WIN,100.0,55.30079353759493,0.2838271444887141,2.069832381847244,0.2939618822934463,5092.24258805
ea2acb7e5f12e1cf29e5,v0.1.1,reports\strategy_lab\v0.1.1\trade_journal.csv,SOLUSDT,2025-09-08 19:00:00+00:00,2025-09-09 02:45:00+00:00,216.06,211.7388,11.57085995,2500.0,,211.7388,224.7024,STOP_LOSS,-50.0,0.0,,,-50.0,LOSS,100.0,56.63235233995597,0.5870452137860933,1.3463910977268827,0.8980066476520788,5042.24258805
93ac1020cc1f47606413,v0.1.1,reports\strategy_lab\v0.1.1\trade_journal.csv,SOLUSDT,2025-09-09 04:30:00+00:00,2025-09-09 10:45:00+00:00,215.04,217.75,11.62574405,2500.0,,210.7392,223.6416,EMA20_EXIT,31.50576637,0.0,,,31.50576637,WIN,100.0,58.82432249683818,0.482909269710819,1.2427696998852216,0.0066807010716606,5073.74835442
74b81143ac0313a19c8f,v0.1.1,reports\strategy_lab\v0.1.1\trade_journal.csv,SOLUSDT,2025-09-09 13:45:00+00:00,2025-09-09 14:30:00+00:00,218.03,213.6694,11.46631198,2500.0,,213.6694,226.7512,STOP_LOSS,-50.0,0.0,,,-50.0,LOSS,100.0,53.555379216326216,0.4166041594315048,1.2759361242933722,0.3629746960511876,5023.74835442
49772a0c9d8545fb6c6d,v0.1.1,reports\strategy_lab\v0.1.1\trade_journal.csv,SOLUSDT,2025-09-11 22:30:00+00:00,2025-09-12 04:15:00+00:00,227.89,237.0056,10.97020492,2500.0,,223.3322,237.0056,TAKE_PROFIT,100.0,0.0,,,100.0,WIN,100.0,59.377517167321095,0.4187951874792974,1.3208978447526398,0.2596076669880184,5123.74835442
4dae1e002e68c29632fd,v0.1.1,reports\strategy_lab\v0.1.1\trade_journal.csv,SOLUSDT,2025-09-12 14:30:00+00:00,2025-09-12 20:15:00+00:00,239.36,239.37,10.44451872,2500.0,,234.5728,248.9344,EMA20_EXIT,0.10444519,0.0,,,0.10444519,WIN,100.0,53.712841756708514,0.5371291598624675,1.4196684268867243,0.8346467229108299,5123.85279961
892a957497890d0476f3,v0.1.1,reports\strategy_lab\v0.1.1\trade_journal.csv,SOLUSDT,2025-09-15 04:15:00+00:00,2025-09-15 07:30:00+00:00,243.03,238.1694,10.28679587,2500.0,,238.1694,252.7512,STOP_LOSS,-50.0,0.0,,,-50.0,LOSS,65.0,55.51594929453734,0.492479680596302,1.4949388489727709,-0.260579018326626,5073.85279961
d95b238352cd9993c054,v0.1.1,reports\strategy_lab\v0.1.1\trade_journal.csv,SOLUSDT,2025-09-18 08:15:00+00:00,2025-09-18 19:00:00+00:00,246.19,248.52,10.15475852,2500.0,,241.2662,256.0376,EMA20_EXIT,23.66058735,0.0,,,23.66058735,WIN,100.0,59.307906611290406,0.4211781112262144,1.2810374674207483,0.5902929331508848,5097.51338696
37781a032ad4f53598b2,v0.1.1,reports\strategy_lab\v0.1.1\trade_journal.csv,SOLUSDT,2025-09-29 15:45:00+00:00,2025-09-29 23:30:00+00:00,210.07,212.69,11.90079497,2500.0,,205.8686,218.4728,EMA20_EXIT,31.18008283,0.0,,,31.18008283,WIN,100.0,55.24192746975851,0.6233594456561533,1.205640818103617,0.3765848652690014,5128.69346979
ae490aa621eba219c5b1,v0.1.1,reports\strategy_lab\v0.1.1\trade_journal.csv,SOLUSDT,2025-10-01 01:30:00+00:00,2025-10-01 12:15:00+00:00,209.85,218.244,11.91327138,2500.0,,205.653,218.244,TAKE_PROFIT,100.0,0.0,,,100.0,WIN,100.0,59.68312827371776,0.5493471368825295,1.3267257365628689,0.1143601850353315,5228.69346979
f2c974b90cdf722255a1,v0.1.1,reports\strategy_lab\v0.1.1\trade_journal.csv,SOLUSDT,2025-10-02 05:30:00+00:00,2025-10-02 14:00:00+00:00,224.48,225.55,11.13684961,2500.0,,219.9904,233.4592,EMA20_EXIT,11.91642908,0.0,,,11.91642908,WIN,100.0,58.43936546724426,0.5603617300027322,1.2914488053969917,0.8590776335083757,5240.60989887
858d7eb2b195ae9bbf6c,v0.1.1,reports\strategy_lab\v0.1.1\trade_journal.csv,SOLUSDT,2025-10-02 16:30:00+00:00,2025-10-03 00:30:00+00:00,226.94,232.38,11.01612761,2500.0,,222.4012,236.0176,EMA20_EXIT,59.9277342,0.0,,,59.9277342,WIN,100.0,55.2318712791191,0.647647411254737,1.2017538282794569,0.5360673877385417,5300.53763307
c92ed925e31c4f2021ad,v0.1.1,reports\strategy_lab\v0.1.1\trade_journal.csv,SOLUSDT,2025-10-03 03:00:00+00:00,2025-10-03 06:45:00+00:00,233.76,229.0848,10.69472964,2500.0,,229.0848,243.1104,STOP_LOSS,-50.0,0.0,,,-50.0,LOSS,100.0,59.34505177225679,0.5159824643095953,1.57494435817597,0.5841070214010949,5250.53763307
f32ec33bc3dfe30d9887,v0.1.1,reports\strategy_lab\v0.1.1\trade_journal.csv,SOLUSDT,2025-10-03 16:45:00+00:00,2025-10-03 17:00:00+00:00,233.91,229.2318,10.6878714,2500.0,,229.2318,243.2664,STOP_LOSS,-50.0,0.0,,,-50.0,LOSS,100.0,57.97052671441321,0.7042774948934696,1.4576898613320628,0.4027860512210991,5200.53763307
46e274d012f44f2d0182,v0.1.1,reports\strategy_lab\v0.1.1\trade_journal.csv,SOLUSDT,2025-10-03 17:00:00+00:00,2025-10-04 02:15:00+00:00,233.51,228.8398,10.70617961,2500.0,,228.8398,242.8504,STOP_LOSS,-50.0,0.0,,,-50.0,LOSS,100.0,56.15409956446182,0.8300617700058454,3.748580107365372,0.4158950968481651,5150.53763307
5a6169f0cf62ed927b3a,v0.1.1,reports\strategy_lab\v0.1.1\trade_journal.csv,SOLUSDT,2025-10-06 08:30:00+00:00,2025-10-06 14:45:00+00:00,233.2,233.33,10.72041166,2500.0,,228.536,242.528,EMA20_EXIT,1.39365352,0.0,,,1.39365352,WIN,100.0,57.33602571918116,0.4847534545053842,1.3781451207127953,0.4122775812364946,5151.93128659
bc73c15e21f08c93a6cd,v0.1.1,reports\strategy_lab\v0.1.1\trade_journal.csv,SOLUSDT,2025-10-06 17:30:00+00:00,2025-10-07 00:15:00+00:00,236.12,231.3976,10.58783669,2500.0,,231.3976,245.5648,STOP_LOSS,-50.0,0.0,,,-50.0,LOSS,100.0,58.12846060380912,0.5612887112133648,1.4494327934766706,0.517850727578713,5101.93128659
ad248a5054d496030826,v0.1.1,reports\strategy_lab\v0.1.1\trade_journal.csv,SOLUSDT,2025-10-13 00:30:00+00:00,2025-10-13 02:00:00+00:00,196.36,196.79,12.73171725,2500.0,,192.4328,204.2144,EMA20_EXIT,5.47463842,0.0,,,5.47463842,WIN,100.0,55.07182407785815,0.9117381873113322,1.406017328541712,1.7664150662895055,5107.405925
b8ad93b7a8a55fa44096,v0.1.1,reports\strategy_lab\v0.1.1\trade_journal.csv,SOLUSDT,2025-10-15 01:00:00+00:00,2025-10-15 03:00:00+00:00,202.4,202.67,12.35177866,2500.0,,198.352,210.496,EMA20_EXIT,3.33498024,0.0,,,3.33498024,WIN,100.0,54.21447846905173,0.8640017639009308,1.833174406002294,0.5088920840282292,5110.74090524
1c00cce52039b93efc4e,v0.1.1,reports\strategy_lab\v0.1.1\trade_journal.csv,SOLUSDT,2025-10-21 16:45:00+00:00,2025-10-21 20:00:00+00:00,192.6,192.68,12.98026999,2500.0,,188.748,200.304,EMA20_EXIT,1.0384216,0.0,,,1.0384216,WIN,100.0,56.99768848276636,0.9571609574884492,2.7231004351648007,1.4190914229440064,5111.77932684
1c683391a0c3bad35ea3,v0.1.1,reports\strategy_lab\v0.1.1\trade_journal.csv,SOLUSDT,2025-10-26 10:30:00+00:00,2025-10-26 19:00:00+00:00,194.93,198.74,12.82511671,2500.0,,191.0314,202.7272,EMA20_EXIT,48.86369466,0.0,,,48.86369466,WIN,100.0,55.78256423214254,0.3092477196022207,2.520011792770886,0.2920806088282423,5160.6430215
d1700d321f77f9628281,v0.1.1,reports\strategy_lab\v0.1.1\trade_journal.csv,SOLUSDT,2025-10-26 22:15:00+00:00,2025-10-27 07:30:00+00:00,198.77,202.97,12.57735071,2500.0,,194.7946,206.7208,EMA20_EXIT,52.82487297,0.0,,,52.82487297,WIN,100.0,53.30503581128119,0.4758892844081341,1.449092081905948,0.3128586362748214,5213.46789447
e079d81ebf48887275ea,v0.1.1,reports\strategy_lab\v0.1.1\trade_journal.csv,SOLUSDT,2025-10-27 17:15:00+00:00,2025-10-27 21:15:00+00:00,201.99,197.9502,12.37685034,2500.0,,197.9502,210.0696,STOP_LOSS,-50.0,0.0,,,-50.0,LOSS,100.0,58.25391581278076,0.5681401549674446,1.3408757017434965,0.0182848090749034,5163.46789447
640c15afe2974c81028f,v0.1.1,reports\strategy_lab\v0.1.1\trade_journal.csv,SOLUSDT,2025-10-28 02:00:00+00:00,2025-10-28 09:15:00+00:00,200.97,201.55,12.43966761,2500.0,,196.9506,209.0088,EMA20_EXIT,7.21500722,0.0,,,7.21500722,WIN,65.0,59.7829742049034,0.4897672410303191,1.488892751231028,-0.0616854171465973,5170.68290168
f1a800dde026bb4d5602,v0.1.1,reports\strategy_lab\v0.1.1\trade_journal.csv,SOLUSDT,2025-10-28 14:00:00+00:00,2025-10-28 14:45:00+00:00,202.15,198.107,12.36705417,2500.0,,198.107,210.236,STOP_LOSS,-50.0,0.0,,,-50.0,LOSS,100.0,57.5367069100603,0.517490842132756,1.3737712177277273,0.0863976435517353,5120.68290168
71f648a0cb127485460c,v0.1.1,reports\strategy_lab\v0.1.1\trade_journal.csv,SOLUSDT,2025-11-09 14:45:00+00:00,2025-11-09 17:30:00+00:00,160.15,161.37,15.61036528,2500.0,,156.947,166.556,EMA20_EXIT,19.04464564,0.0,,,19.04464564,WIN,100.0,54.57473821466474,0.6424804074289052,3.743635531005223,0.4902021089355685,5139.72754733
ad5d06c83907fe00850d,v0.1.1,reports\strategy_lab\v0.1.1\trade_journal.csv,SOLUSDT,2025-11-09 23:00:00+00:00,2025-11-10 05:30:00+00:00,165.21,167.27,15.13225592,2500.0,,161.9058,171.8184,EMA20_EXIT,31.17244719,0.0,,,31.17244719,WIN,100.0,59.637417327234495,0.5733232576131863,1.369608808230589,1.017530004523587,5170.89999452
a3122c4ef56e38fb5a9b,v0.1.1,reports\strategy_lab\v0.1.1\trade_journal.csv,SOLUSDT,2025-11-10 10:15:00+00:00,2025-11-10 14:45:00+00:00,168.76,165.3848,14.81393695,2500.0,,165.3848,175.5104,STOP_LOSS,-50.0,0.0,,,-50.0,LOSS,100.0,59.02370458126011,0.5446167562792239,1.2286962783994564,0.6137294454127502,5120.89999452
8adf044d2bf3d15ebd16,v0.1.1,reports\strategy_lab\v0.1.1\trade_journal.csv,SOLUSDT,2025-11-11 01:30:00+00:00,2025-11-11 04:15:00+00:00,167.5,168.7,14.92537313,2500.0,,164.15,174.2,EMA20_EXIT,17.91044776,0.0,,,17.91044776,WIN,100.0,51.96324284967311,0.7444275727067022,2.2455982926439213,0.079065736167344,5138.81044228
8d897d4f3c2d64dba181,v0.1.1,reports\strategy_lab\v0.1.1\trade_journal.csv,SOLUSDT,2025-11-18 16:00:00+00:00,2025-11-18 21:30:00+00:00,139.69,139.99,17.89677142,2500.0,,136.8962,145.2776,EMA20_EXIT,5.36903143,0.0,,,5.36903143,WIN,100.0,58.29813265806408,0.9525741640580488,1.735884927709864,0.963192056257574,5144.17947371
07b5ce5d4555f7ab2d7e,v0.1.1,reports\strategy_lab\v0.1.1\trade_journal.csv,SOLUSDT,2025-11-19 03:00:00+00:00,2025-11-19 04:30:00+00:00,141.49,138.6602,17.66909322,2500.0,,138.6602,147.1496,STOP_LOSS,-50.0,0.0,,,-50.0,LOSS,100.0,54.06089888867352,0.7029170622225547,1.4683203754226402,0.4818854704088089,5094.17947371
1d9fe975dc0a1b00a801,v0.1.1,reports\strategy_lab\v0.1.1\trade_journal.csv,SOLUSDT,2025-11-23 21:45:00+00:00,2025-11-24 00:00:00+00:00,133.14,130.4772,18.77722698,2500.0,,130.4772,138.4656,STOP_LOSS,-50.0,0.0,,,-50.0,LOSS,100.0,59.81037157378529,0.5592353727462619,1.2459937565601544,0.580339060360636,5044.17947371
72289ba8f3e8f9e9e60d,v0.1.1,reports\strategy_lab\v0.1.1\trade_journal.csv,SOLUSDT,2025-11-24 04:00:00+00:00,2025-11-24 07:15:00+00:00,132.85,130.193,18.81821603,2500.0,,130.193,138.164,STOP_LOSS,-50.0,0.0,,,-50.0,LOSS,100.0,53.41963433372024,0.7361116474177151,1.7521040181735597,0.4066823508748781,4994.17947371
f642c854073d73085933,v0.1.1,reports\strategy_lab\v0.1.1\trade_journal.csv,SOLUSDT,2025-11-27 01:00:00+00:00,2025-11-27 08:00:00+00:00,142.88,143.04,17.49720045,2500.0,,140.0224,148.5952,EMA20_EXIT,2.79955207,0.0,,,2.79955207,WIN,100.0,54.03034812690133,0.5600723478930408,1.2423998602461206,0.9325962197920226,4996.97902578
ad617d36d35987e45a00,v0.1.1,reports\strategy_lab\v0.1.1\trade_journal.csv,SOLUSDT,2025-11-28 12:00:00+00:00,2025-11-28 15:45:00+00:00,141.07,141.61,17.72169845,2500.0,,138.2486,146.7128,EMA20_EXIT,9.56971716,0.0,,,9.56971716,WIN,100.0,52.58002561273005,0.4537057287742079,2.469487804871172,0.1134204378979286,5006.54874294
ad44779d858af0372240,v0.1.1,reports\strategy_lab\v0.1.1\trade_journal.csv,SOLUSDT,2025-11-30 17:00:00+00:00,2025-11-30 23:15:00+00:00,138.73,135.9554,18.02061558,2500.0,,135.9554,144.2792,STOP_LOSS,-50.0,0.0,,,-50.0,LOSS,100.0,55.80398138882822,0.433769853932377,1.4574851664497266,0.5776763700626755,4956.54874294
dcccb7d0079e23b9410b,v0.1.1,reports\strategy_lab\v0.1.1\trade_journal.csv,SOLUSDT,2025-12-02 20:45:00+00:00,2025-12-02 23:15:00+00:00,138.73,138.92,18.02061558,2500.0,,135.9554,144.2792,EMA20_EXIT,3.42391696,0.0,,,3.42391696,WIN,100.0,59.50778159204753,0.6471496508634171,1.3710084072124864,2.4788024363009376,4959.9726599
8a0367992113050ca458,v0.1.1,reports\strategy_lab\v0.1.1\trade_journal.csv,SOLUSDT,2025-12-03 18:30:00+00:00,2025-12-04 01:45:00+00:00,141.87,144.18,17.62176641,2500.0,,139.0326,147.5448,EMA20_EXIT,40.7062804,0.0,,,40.7062804,WIN,100.0,53.98076678122495,0.6771715511215326,1.421087904748908,0.149165450403598,5000.6789403
dd5e0665c2c427b910ea,v0.1.1,reports\strategy_lab\v0.1.1\trade_journal.csv,SOLUSDT,2025-12-08 07:00:00+00:00,2025-12-08 12:30:00+00:00,135.09,137.47,18.50618106,2500.0,,132.3882,140.4936,EMA20_EXIT,44.04471093,0.0,,,44.04471093,WIN,100.0,57.859206724352426,0.4764906276745809,1.4206489085987086,0.5189008538132014,5044.72365123
8581d828c511a6488bec,v0.1.1,reports\strategy_lab\v0.1.1\trade_journal.csv,SOLUSDT,2025-12-08 14:30:00+00:00,2025-12-08 15:15:00+00:00,138.44,135.6712,18.05836463,2500.0,,135.6712,143.9776,STOP_LOSS,-50.0,0.0,,,-50.0,LOSS,100.0,57.33576961479581,0.6251713357311667,2.1888555235922142,0.884329629753545,4994.72365123
4c363a7505dee51ecc63,v0.1.1,reports\strategy_lab\v0.1.1\trade_journal.csv,SOLUSDT,2025-12-10 04:15:00+00:00,2025-12-10 08:15:00+00:00,138.83,138.87,18.00763524,2500.0,,136.0534,144.3832,EMA20_EXIT,0.72030541,0.0,,,0.72030541,WIN,75.0,56.17555598831306,0.4983655411231357,1.3005995533442667,0.0514299580502959,4995.44395664
4bf234b40366f74ec222,v0.1.1,reports\strategy_lab\v0.1.1\trade_journal.csv,SOLUSDT,2025-12-10 19:15:00+00:00,2025-12-10 20:45:00+00:00,137.73,138.34,18.15145575,2500.0,,134.9754,143.2392,EMA20_EXIT,11.07238801,0.0,,,11.07238801,WIN,65.0,54.69709029434645,0.8470719604664482,1.7729402558293883,-0.1445866130794086,5006.51634465
63c66ab2ab45e0a9cb2b,v0.1.1,reports\strategy_lab\v0.1.1\trade_journal.csv,SOLUSDT,2025-12-15 14:15:00+00:00,2025-12-15 14:45:00+00:00,132.95,130.291,18.80406168,2500.0,,130.291,138.268,STOP_LOSS,-50.0,0.0,,,-50.0,LOSS,100.0,54.65608632210713,0.5872343358249259,5.617889719930956,0.3569430826978106,4956.51634465
afd81f43fb62225e4db8,v0.1.1,reports\strategy_lab\v0.1.1\trade_journal.csv,SOLUSDT,2025-12-19 14:45:00+00:00,2025-12-19 23:30:00+00:00,126.02,126.38,19.83812093,2500.0,,123.4996,131.0608,EMA20_EXIT,7.14172354,0.0,,,7.14172354,WIN,100.0,57.7439586607585,0.6422903099019696,2.3473280094171405,1.0219207497315708,4963.65806818
4ab7af93baa4bcb8921c,v0.1.1,reports\strategy_lab\v0.1.1\trade_journal.csv,SOLUSDT,2025-12-21 09:00:00+00:00,2025-12-22 01:45:00+00:00,125.82,126.03,19.86965506,2500.0,,123.3036,130.8528,EMA20_EXIT,4.17262756,0.0,,,4.17262756,WIN,65.0,59.4482510169676,0.2451734736162688,2.5653292553894262,-0.0974773480552243,4967.83069575
b3a4f8da36b34391b7e4,v0.1.1,reports\strategy_lab\v0.1.1\trade_journal.csv,SOLUSDT,2025-12-22 07:45:00+00:00,2025-12-22 13:30:00+00:00,126.31,126.43,19.79257383,2500.0,,123.7838,131.3624,EMA20_EXIT,2.37510886,0.0,,,2.37510886,WIN,100.0,52.60889134655293,0.4088156448876204,1.2550932841749558,0.1777499792542333,4970.2058046
27f4ed152e9f4e94342a,v0.1.1,reports\strategy_lab\v0.1.1\trade_journal.csv,SOLUSDT,2025-12-22 14:00:00+00:00,2025-12-22 16:45:00+00:00,127.14,127.24,19.66336322,2500.0,,124.5972,132.2256,EMA20_EXIT,1.96633632,0.0,,,1.96633632,WIN,100.0,57.111548720826704,0.4081183034479458,1.6738452391709289,0.2494324766645581,4972.17214093
b72be4cc9e8adfa8e937,v0.1.1,reports\strategy_lab\v0.1.1\trade_journal.csv,SOLUSDT,2025-12-28 15:15:00+00:00,2025-12-29 01:30:00+00:00,124.76,129.7504,20.03847387,2500.0,,122.2648,129.7504,TAKE_PROFIT,100.0,0.0,,,100.0,WIN,100.0,55.87550999613415,0.2188135358055061,1.638185603733205,0.1769532161039938,5072.17214093
84bca34530cbfb180ff0,v0.1.1,reports\strategy_lab\v0.1.1\trade_journal.csv,SOLUSDT,2025-12-29 08:15:00+00:00,2025-12-29 09:45:00+00:00,128.11,125.5478,19.51447974,2500.0,,125.5478,133.2344,STOP_LOSS,-50.0,0.0,,,-50.0,LOSS,100.0,56.78960895425935,0.4091732786367518,1.2853522264620645,0.6602179482109274,5022.17214093
be599ca052410164b1dc,v0.1.1,reports\strategy_lab\v0.1.1\trade_journal.csv,SOLUSDT,2025-12-31 14:15:00+00:00,2025-12-31 20:15:00+00:00,126.55,124.019,19.75503753,2500.0,,124.019,131.612,STOP_LOSS,-50.0,0.0,,,-50.0,LOSS,100.0,55.2751887059252,0.3156047253586188,2.533224933993516,0.2879456537110572,4972.17214093
044cbf85c9a2a2c9f825,v0.1.1,reports\strategy_lab\v0.1.1\trade_journal.csv,SOLUSDT,2026-01-01 03:45:00+00:00,2026-01-02 01:30:00+00:00,125.21,126.16,19.96645635,2500.0,,122.7058,130.2184,EMA20_EXIT,18.96813354,0.0,,,18.96813354,WIN,100.0,52.677228508778896,0.3355723568278974,1.5935430357972151,0.0002008491656231,4991.14027446
684ed7e9769dfc787856,v0.1.1,reports\strategy_lab\v0.1.1\trade_journal.csv,SOLUSDT,2026-01-02 14:45:00+00:00,2026-01-03 02:00:00+00:00,128.73,132.3,19.4204925,2500.0,,126.1554,133.8792,EMA20_EXIT,69.33115824,0.0,,,69.33115824,WIN,100.0,57.45393255354974,0.4959905600797008,2.770279075606035,0.3775245310943265,5060.4714327
72be23d8050ee6d28716,v0.1.1,reports\strategy_lab\v0.1.1\trade_journal.csv,SOLUSDT,2026-01-03 03:00:00+00:00,2026-01-03 07:30:00+00:00,132.56,129.9088,18.85938443,2500.0,,129.9088,137.8624,STOP_LOSS,-50.0,0.0,,,-50.0,LOSS,100.0,54.64664006068969,0.3706578505771647,1.2621263345269946,0.7077749463636842,5010.4714327
60677bda92f737fb8928,v0.1.1,reports\strategy_lab\v0.1.1\trade_journal.csv,SOLUSDT,2026-01-04 06:15:00+00:00,2026-01-04 17:45:00+00:00,134.42,134.83,18.59842285,2500.0,,131.7316,139.7968,EMA20_EXIT,7.62535337,0.0,,,7.62535337,WIN,100.0,57.08095416406881,0.3213208139248763,1.6364198155411995,0.5230021486183388,5018.09678607
1e49c4ecfc59e72104a0,v0.1.1,reports\strategy_lab\v0.1.1\trade_journal.csv,SOLUSDT,2026-01-05 00:30:00+00:00,2026-01-05 04:15:00+00:00,134.76,135.43,18.55149896,2500.0,,132.0648,140.1504,EMA20_EXIT,12.4295043,0.0,,,12.4295043,WIN,65.0,58.97951528289382,0.4067555182275503,2.043979245430851,-0.0039293068031171,5030.52629037
59db9c72b0fc243ec8a1,v0.1.1,reports\strategy_lab\v0.1.1\trade_journal.csv,SOLUSDT,2026-01-05 10:15:00+00:00,2026-01-05 23:45:00+00:00,135.68,137.9,18.42570755,2500.0,,132.9664,141.1072,EMA20_EXIT,40.90507075,0.0,,,40.90507075,WIN,75.0,52.573569599514144,0.3619406240690687,1.3033384243307318,0.0986889461732035,5071.43136113
1a4caa8fcd75bf038406,v0.1.1,reports\strategy_lab\v0.1.1\trade_journal.csv,SOLUSDT,2026-01-06 04:15:00+00:00,2026-01-06 07:00:00+00:00,138.64,138.66,18.03231391,2500.0,,135.8672,144.1856,EMA20_EXIT,0.36064628,0.0,,,0.36064628,WIN,100.0,59.552439724061536,0.4486070511173686,1.5633589902778484,0.3735163244124673,5071.79200741
404c78842b5df89c7ce3,v0.1.1,reports\strategy_lab\v0.1.1\trade_journal.csv,SOLUSDT,2026-01-06 11:15:00+00:00,2026-01-06 16:15:00+00:00,138.92,139.44,17.9959689,2500.0,,136.1416,144.4768,EMA20_EXIT,9.35790383,0.0,,,9.35790383,WIN,100.0,59.34781245332015,0.4043270848976092,1.4132513475730164,0.1234946148967329,5081.14991124
15be95197ed361eb67a8,v0.1.1,reports\strategy_lab\v0.1.1\trade_journal.csv,SOLUSDT,2026-01-08 23:30:00+00:00,2026-01-09 07:45:00+00:00,138.86,139.54,18.00374478,2500.0,,136.0828,144.4144,EMA20_EXIT,12.24254645,0.0,,,12.24254645,WIN,100.0,57.52072131331639,0.5119989353071355,2.5313296459531704,0.6896187197983265,5093.39245769
0e8017ee25306a1a0b53,v0.1.1,reports\strategy_lab\v0.1.1\trade_journal.csv,SOLUSDT,2026-01-11 23:15:00+00:00,2026-01-12 06:30:00+00:00,139.24,142.23,17.95461074,2500.0,,136.4552,144.8096,EMA20_EXIT,53.68428612,0.0,,,53.68428612,WIN,75.0,55.75132507753524,0.4954057612250653,2.099330121824375,0.2395354313528455,5147.07674381
323552092b6c6e45e071,v0.1.1,reports\strategy_lab\v0.1.1\trade_journal.csv,SOLUSDT,2026-01-12 17:30:00+00:00,2026-01-12 21:45:00+00:00,141.8,138.964,17.63046544,2500.0,,138.964,147.472,STOP_LOSS,-50.0,0.0,,,-50.0,LOSS,100.0,52.98588367723237,0.6411903366016555,1.6685212816106665,0.4277530372997681,5097.07674381
a6c6c0503716c27bca8a,v0.1.1,reports\strategy_lab\v0.1.1\trade_journal.csv,SOLUSDT,2026-01-14 03:00:00+00:00,2026-01-14 17:45:00+00:00,145.57,145.98,17.17386824,2500.0,,142.6586,151.3928,EMA20_EXIT,7.04128598,0.0,,,7.04128598,WIN,100.0,53.37663500683666,0.5735554720532514,1.3903153640854622,0.6613814089668152,5104.11802979
6f7427049f9d1e3596cd,v0.1.1,reports\strategy_lab\v0.1.1\trade_journal.csv,SOLUSDT,2026-01-27 17:00:00+00:00,2026-01-28 00:15:00+00:00,124.85,126.89,20.02402883,2500.0,,122.353,129.844,EMA20_EXIT,40.84901882,0.0,,,40.84901882,WIN,100.0,51.99414758399178,0.5935516736650222,1.5810451688063063,0.2915876135407181,5144.96704861
4fba4b6eb17723af456c,v0.1.1,reports\strategy_lab\v0.1.1\trade_journal.csv,SOLUSDT,2026-01-28 10:15:00+00:00,2026-01-28 21:00:00+00:00,127.38,124.8324,19.62631496,2500.0,,124.8324,132.4752,STOP_LOSS,-50.0,0.0,,,-50.0,LOSS,100.0,55.48468100463689,0.3621039628698325,1.6550795955187925,0.2167648951118997,5094.96704861
692f8afec20c09bffd9b,v0.1.1,reports\strategy_lab\v0.1.1\trade_journal.csv,SOLUSDT,2026-02-14 23:15:00+00:00,2026-02-15 08:30:00+00:00,88.41,89.52,28.27734419,2500.0,,86.6418,91.9464,EMA20_EXIT,31.38785205,0.0,,,31.38785205,WIN,100.0,57.17690229283984,0.4995985962739467,1.4501350132305502,0.7217717637353147,5126.35490067
d926b8a5c4f5216333f8,v0.1.1,reports\strategy_lab\v0.1.1\trade_journal.csv,SOLUSDT,2026-02-20 10:45:00+00:00,2026-02-20 13:30:00+00:00,84.09,82.4082,29.73005114,2500.0,,82.4082,87.4536,STOP_LOSS,-50.0,0.0,,,-50.0,LOSS,100.0,57.06664064940664,0.4611914130107878,1.8444844235811388,0.7155338990306164,5076.35490067
964b982ebb887f459f91,v0.1.1,reports\strategy_lab\v0.1.1\trade_journal.csv,SOLUSDT,2026-02-20 17:45:00+00:00,2026-02-21 03:15:00+00:00,84.49,84.52,29.58930051,2500.0,,82.8002,87.8696,EMA20_EXIT,0.88767902,0.0,,,0.88767902,WIN,100.0,57.61253341739096,0.9051273074823272,1.2254108644773165,0.2759247754336821,5077.24257968
ad435ccc1e10b0e809fe,v0.1.1,reports\strategy_lab\v0.1.1\trade_journal.csv,SOLUSDT,2026-03-02 01:15:00+00:00,2026-03-02 06:15:00+00:00,84.88,83.1824,29.4533459,2500.0,,83.1824,88.2752,STOP_LOSS,-50.0,0.0,,,-50.0,LOSS,65.0,58.87553186728701,0.8891038945212331,1.4082189608791713,-0.1662701631204735,5027.24257968
855e82e2e0d3956fc7e2,v0.1.1,reports\strategy_lab\v0.1.1\trade_journal.csv,SOLUSDT,2026-03-02 22:45:00+00:00,2026-03-03 00:00:00+00:00,88.04,86.2792,28.39618355,2500.0,,86.2792,91.5616,STOP_LOSS,-50.0,0.0,,,-50.0,LOSS,100.0,59.28519021815135,0.7145233680507599,1.2246101842680317,1.0034833079229422,4977.24257968
6784f3742561148ee2a5,v0.1.1,reports\strategy_lab\v0.1.1\trade_journal.csv,SOLUSDT,2026-03-04 02:00:00+00:00,2026-03-04 03:30:00+00:00,87.16,85.4168,28.68288206,2500.0,,85.4168,90.6464,STOP_LOSS,-50.0,0.0,,,-50.0,LOSS,100.0,59.34945363955809,0.816524229326376,1.2263367255639115,0.7978679041053951,4927.24257968
18280a44a604507e814e,v0.1.1,reports\strategy_lab\v0.1.1\trade_journal.csv,SOLUSDT,2026-03-04 14:30:00+00:00,2026-03-04 19:15:00+00:00,89.69,93.2776,27.87378749,2500.0,,87.8962,93.2776,TAKE_PROFIT,100.0,0.0,,,100.0,WIN,100.0,55.73839039889472,0.8341761736527463,2.56095133130542,1.2299628864434755,5027.24257968
20028f6f6e525f8970e7,v0.1.1,reports\strategy_lab\v0.1.1\trade_journal.csv,SOLUSDT,2026-03-04 21:00:00+00:00,2026-03-04 23:15:00+00:00,92.57,90.7186,27.00658961,2500.0,,90.7186,96.2728,STOP_LOSS,-50.0,0.0,,,-50.0,LOSS,100.0,54.60598885423865,0.8389122034167834,1.2305233270538176,1.5323803394614708,4977.24257968
292e868c9eb03041063e,v0.1.1,reports\strategy_lab\v0.1.1\trade_journal.csv,SOLUSDT,2026-03-10 15:00:00+00:00,2026-03-10 19:30:00+00:00,87.59,85.8382,28.54207101,2500.0,,85.8382,91.0936,STOP_LOSS,-50.0,0.0,,,-50.0,LOSS,100.0,58.08717515877672,0.7994984647761567,2.331771369401733,0.2423960773528145,4927.24257968
643bd1457dfb9f2ce424,v0.1.1,reports\strategy_lab\v0.1.1\trade_journal.csv,SOLUSDT,2026-03-11 14:00:00+00:00,2026-03-11 22:15:00+00:00,86.09,87.15,29.0393774,2500.0,,84.3682,89.5336,EMA20_EXIT,30.78174004,0.0,,,30.78174004,WIN,65.0,59.630029630947526,0.698690247921212,2.6271588727262105,-0.0974608630037442,4958.02431972
826dbc32c069b9f7eaf9,v0.1.1,reports\strategy_lab\v0.1.1\trade_journal.csv,SOLUSDT,2026-03-12 13:15:00+00:00,2026-03-12 14:45:00+00:00,86.95,85.211,28.75215641,2500.0,,85.211,90.428,STOP_LOSS,-50.0,0.0,,,-50.0,LOSS,100.0,59.48684884928053,0.4872416297611248,3.133846998137943,0.4114586830304814,4908.02431972
a5999ebdedfc471b020f,v0.1.1,reports\strategy_lab\v0.1.1\trade_journal.csv,SOLUSDT,2026-03-12 23:15:00+00:00,2026-03-13 00:15:00+00:00,86.93,90.4072,28.75877143,2500.0,,85.1914,90.4072,TAKE_PROFIT,100.0,0.0,,,100.0,WIN,100.0,58.44711817059747,0.4764467861658452,1.6402224922622968,0.0729907383428355,5008.02431972
107fa8afd579ab257cfa,v0.1.1,reports\strategy_lab\v0.1.1\trade_journal.csv,SOLUSDT,2026-03-15 05:45:00+00:00,2026-03-15 11:00:00+00:00,88.31,88.36,28.30936474,2500.0,,86.5438,91.8424,EMA20_EXIT,1.41546824,0.0,,,1.41546824,WIN,100.0,58.58697087604998,0.3297367439312959,1.21061207578568,0.3499030548372456,5009.43978796
b094fd3e204cbfcbabd7,v0.1.1,reports\strategy_lab\v0.1.1\trade_journal.csv,SOLUSDT,2026-03-16 12:00:00+00:00,2026-03-16 22:00:00+00:00,93.77,97.5208,26.66097899,2500.0,,91.8946,97.5208,TAKE_PROFIT,100.0,0.0,,,100.0,WIN,100.0,58.66771859081511,0.4752686518321845,1.8910744000224888,0.8039881912435962,5109.43978796
eaf14597580b2f9446a0,v0.1.1,reports\strategy_lab\v0.1.1\trade_journal.csv,SOLUSDT,2026-03-17 16:15:00+00:00,2026-03-17 22:30:00+00:00,94.53,94.87,26.4466307,2500.0,,92.6394,98.3112,EMA20_EXIT,8.99185444,0.0,,,8.99185444,WIN,65.0,58.50144871349184,0.6160601089976087,1.3556166033243078,-0.1349433923517764,5118.4316424
0119a549cd916b7892ed,v0.1.1,reports\strategy_lab\v0.1.1\trade_journal.csv,SOLUSDT,2026-03-24 09:15:00+00:00,2026-03-24 12:45:00+00:00,91.55,91.59,27.30748225,2500.0,,89.719,95.212,EMA20_EXIT,1.09229929,0.0,,,1.09229929,WIN,100.0,59.10120085061081,0.4870695328870334,1.9323199530795891,0.3120097374843139,5119.52394169
4add34aa1ede973ca22e,v0.1.1,reports\strategy_lab\v0.1.1\trade_journal.csv,SOLUSDT,2026-03-30 11:15:00+00:00,2026-03-30 15:00:00+00:00,84.12,84.13,29.71944841,2500.0,,82.4376,87.4848,EMA20_EXIT,0.29719448,0.0,,,0.29719448,WIN,100.0,57.92224535019037,0.4220795800709259,2.30607099357069,0.6081627632793299,5119.82113617
60252cfae8681e4b7e35,v0.1.1,reports\strategy_lab\v0.1.1\trade_journal.csv,SOLUSDT,2026-04-01 17:15:00+00:00,2026-04-01 20:00:00+00:00,84.75,83.055,29.49852507,2500.0,,83.055,88.14,STOP_LOSS,-50.0,0.0,,,-50.0,LOSS,100.0,59.486258307979945,0.7807599955443123,1.772079161467069,0.4401363856789109,5069.82113617
046eaef17a3410d255ce,v0.1.1,reports\strategy_lab\v0.1.1\trade_journal.csv,SOLUSDT,2026-04-04 16:45:00+00:00,2026-04-04 20:00:00+00:00,80.74,80.78,30.96358682,2500.0,,79.1252,83.9696,EMA20_EXIT,1.23854347,0.0,,,1.23854347,WIN,100.0,54.6264843496914,0.3764550465340334,1.5553693517535825,0.2753755244310353,5071.05967964
3b7afbd8b59922b4eeb7,v0.1.1,reports\strategy_lab\v0.1.1\trade_journal.csv,SOLUSDT,2026-04-06 08:15:00+00:00,2026-04-06 12:00:00+00:00,81.93,82.29,30.51385329,2500.0,,80.2914,85.2072,EMA20_EXIT,10.98498718,0.0,,,10.98498718,WIN,100.0,55.11592925997414,0.4356152447504725,1.349100119023989,0.4048649550656224,5082.04466683
7ff34f0692f3b9e9a5c0,v0.1.1,reports\strategy_lab\v0.1.1\trade_journal.csv,SOLUSDT,2026-04-06 14:00:00+00:00,2026-04-06 22:45:00+00:00,82.43,80.7814,30.3287638,2500.0,,80.7814,85.7272,STOP_LOSS,-50.0,0.0,,,-50.0,LOSS,100.0,54.02753159055376,0.3957821525550712,1.288201258207854,0.3912752112618177,5032.04466683
ffac7f063fb923e8ac66,v0.1.1,reports\strategy_lab\v0.1.1\trade_journal.csv,SOLUSDT,2026-04-08 13:15:00+00:00,2026-04-08 14:30:00+00:00,84.72,83.0256,29.50897073,2500.0,,83.0256,88.1088,STOP_LOSS,-50.0,0.0,,,-50.0,LOSS,100.0,54.3938258109512,0.3990717058915963,1.2277624921505208,0.3638829078025596,4982.04466683
4de3fa1b0ce30a7f891a,v0.1.1,reports\strategy_lab\v0.1.1\trade_journal.csv,SOLUSDT,2026-04-10 20:30:00+00:00,2026-04-11 21:30:00+00:00,85.18,85.28,29.34961259,2500.0,,83.4764,88.5872,EMA20_EXIT,2.93496126,0.0,,,2.93496126,WIN,100.0,58.34015273721324,0.3990796868173827,1.4170457834685646,0.5987566612294667,4984.97962808
5fe5cb85c2f730265c3d,v0.1.1,reports\strategy_lab\v0.1.1\trade_journal.csv,SOLUSDT,2026-04-13 19:15:00+00:00,2026-04-14 04:15:00+00:00,83.51,85.84,29.93653455,2500.0,,81.8398,86.8504,EMA20_EXIT,69.75212549,0.0,,,69.75212549,WIN,100.0,58.28409214398531,0.4851718110678992,1.4261653019820195,0.4133633963750911,5054.73175358
946997f652d5283dcc64,v0.1.1,reports\strategy_lab\v0.1.1\trade_journal.csv,SOLUSDT,2026-04-14 07:00:00+00:00,2026-04-14 18:45:00+00:00,86.02,84.2996,29.0630086,2500.0,,84.2996,89.4608,STOP_LOSS,-50.0,0.0,,,-50.0,LOSS,100.0,57.86319739916896,0.3491953196624096,2.175586023570822,0.5981854051869391,5004.73175358
212b197072bc55ea8de5,v0.1.1,reports\strategy_lab\v0.1.1\trade_journal.csv,SOLUSDT,2026-04-15 20:00:00+00:00,2026-04-16 07:45:00+00:00,84.98,85.21,29.41868675,2500.0,,83.2804,88.3792,EMA20_EXIT,6.76629795,0.0,,,6.76629795,WIN,100.0,56.88912409029312,0.4793544784025467,1.3534372378694943,0.5959918811117656,5011.49805153
9825ff2a891aba466428,v0.1.1,reports\strategy_lab\v0.1.1\trade_journal.csv,SOLUSDT,2026-04-17 07:00:00+00:00,2026-04-17 17:15:00+00:00,88.37,89.4,28.29014371,2500.0,,86.6026,91.9048,EMA20_EXIT,29.13884803,0.0,,,29.13884803,WIN,75.0,58.32094814297761,0.3670831642623345,1.5532402620547323,0.0661682560606501,5040.63689956
d496dc08185b5a5bdebd,v0.1.1,reports\strategy_lab\v0.1.1\trade_journal.csv,SOLUSDT,2026-04-21 16:00:00+00:00,2026-04-21 19:30:00+00:00,86.12,84.3976,29.0292615,2500.0,,84.3976,89.5648,STOP_LOSS,-50.0,0.0,,,-50.0,LOSS,100.0,54.41263964869819,0.498877939971278,1.5090545906895994,0.1282851161582031,4990.63689956
d8c923e3f4a4c369d444,v0.1.1,reports\strategy_lab\v0.1.1\trade_journal.csv,SOLUSDT,2026-04-22 01:15:00+00:00,2026-04-22 15:00:00+00:00,86.21,88.38,28.99895604,2500.0,,84.4858,89.6584,EMA20_EXIT,62.9277346,0.0,,,62.9277346,WIN,100.0,58.90681093698724,0.4244602216707203,1.321363368806439,0.2104709335029595,5053.56463416
f05430c627ef470c8425,v0.1.1,reports\strategy_lab\v0.1.1\trade_journal.csv,SOLUSDT,2026-04-24 21:00:00+00:00,2026-04-26 22:45:00+00:00,86.59,86.73,28.87169419,2500.0,,84.8582,90.0536,EMA20_EXIT,4.04203719,0.0,,,4.04203719,WIN,100.0,56.22838160194007,0.3302154145213763,1.225987599550009,0.2360923802987305,5057.60667134
3f34ae33ce2fa4219028,v0.1.1,reports\strategy_lab\v0.1.1\trade_journal.csv,SOLUSDT,2026-04-29 11:00:00+00:00,2026-04-29 15:00:00+00:00,85.03,83.3294,29.40138775,2500.0,,83.3294,88.4312,STOP_LOSS,-50.0,0.0,,,-50.0,LOSS,100.0,56.343646809289616,0.3678283179335887,1.3419274466332964,0.3786997934207813,5007.60667134
3e54ec2777db56814ecf,v0.1.1,reports\strategy_lab\v0.1.1\trade_journal.csv,SOLUSDT,2026-05-01 13:30:00+00:00,2026-05-04 06:15:00+00:00,84.33,84.8,29.64544053,2500.0,,82.6434,87.7032,EMA20_EXIT,13.93335705,0.0,,,13.93335705,WIN,100.0,58.70611697450672,0.269383250457988,1.996144073375292,0.2664503464889036,5021.54002839
08b108847eda89a1cd93,v0.1.1,reports\strategy_lab\v0.1.1\trade_journal.csv,SOLUSDT,2026-05-04 15:15:00+00:00,2026-05-04 19:00:00+00:00,84.48,84.61,29.59280303,2500.0,,82.7904,87.8592,EMA20_EXIT,3.84706439,0.0,,,3.84706439,WIN,65.0,51.50045591534749,0.4907546560367198,2.8205222443607427,-0.0898297045226986,5025.38709279
c198d743a6a06c6106a5,v0.1.1,reports\strategy_lab\v0.1.1\trade_journal.csv,SOLUSDT,2026-05-05 02:45:00+00:00,2026-05-05 06:15:00+00:00,84.51,84.63,29.58229795,2500.0,,82.8198,87.8904,EMA20_EXIT,3.54987575,0.0,,,3.54987575,WIN,65.0,54.511377228806246,0.2457036841441902,1.3336663789726213,-0.0119552259846939,5028.93696854
6a987f8294e33e141c7e,v0.1.1,reports\strategy_lab\v0.1.1\trade_journal.csv,SOLUSDT,2026-05-05 07:00:00+00:00,2026-05-05 16:30:00+00:00,84.9,85.13,29.44640754,2500.0,,83.202,88.296,EMA20_EXIT,6.77267373,0.0,,,6.77267373,WIN,100.0,58.10999084465267,0.2755826977237511,1.4884938193836756,0.1562500812948893,5035.70964228
3b42fc786daccb96c942,v0.1.1,reports\strategy_lab\v0.1.1\trade_journal.csv,SOLUSDT,2026-05-05 22:30:00+00:00,2026-05-06 04:45:00+00:00,86.38,86.81,28.9418847,2500.0,,84.6524,89.8352,EMA20_EXIT,12.44501042,0.0,,,12.44501042,WIN,100.0,54.41894034250263,0.3712309469959557,1.370714373145418,0.5713962464781154,5048.1546527
3f3a19d64860d9aa3521,v0.1.1,reports\strategy_lab\v0.1.1\trade_journal.csv,SOLUSDT,2026-05-06 05:30:00+00:00,2026-05-06 13:00:00+00:00,87.14,88.92,28.68946523,2500.0,,85.3972,90.6256,EMA20_EXIT,51.06724811,0.0,,,51.06724811,WIN,100.0,59.72157992332054,0.3416316179587143,2.305906680532668,0.4408948180933849,5099.2219008
58742abe889bf5fa082a,v0.1.1,reports\strategy_lab\v0.1.1\trade_journal.csv,SOLUSDT,2026-05-06 21:15:00+00:00,2026-05-08 02:15:00+00:00,89.41,87.6218,27.96107818,2500.0,,87.6218,92.9864,STOP_LOSS,-50.0,0.0,,,-50.0,LOSS,100.0,58.661555498329726,0.3873387363181653,1.6709323958652462,0.3570975269316513,5049.2219008
4fd6c02f97954a4b65f0,v0.1.1,reports\strategy_lab\v0.1.1\trade_journal.csv,SOLUSDT,2026-05-09 07:30:00+00:00,2026-05-10 10:00:00+00:00,93.72,93.82,26.67520273,2500.0,,91.8456,97.4688,EMA20_EXIT,2.66752027,0.0,,,2.66752027,WIN,100.0,59.31769644545617,0.3722702939688143,1.7631357512444843,0.7779401803861179,5051.88942108
57618f4de18b1f11659e,v0.1.1,reports\strategy_lab\v0.1.1\trade_journal.csv,SOLUSDT,2026-05-11 00:15:00+00:00,2026-05-11 21:45:00+00:00,96.11,97.41,26.01186141,2500.0,,94.1878,99.9544,EMA20_EXIT,33.81541983,0.0,,,33.81541983,WIN,100.0,55.19142331713288,0.6165632542490932,1.605846974370865,0.6132619627915976,5085.70484091
1ec9b82dca8aea89ad7f,v0.1.1,reports\strategy_lab\v0.1.1\trade_journal.csv,SOLUSDT,2026-05-11 23:00:00+00:00,2026-05-12 01:30:00+00:00,97.49,95.5402,25.64365576,2500.0,,95.5402,101.3896,STOP_LOSS,-50.0,0.0,,,-50.0,LOSS,100.0,53.22630756611176,0.428498557061743,1.3602624392020068,0.6042726235111545,5035.70484091
73152923361d4ae93b11,v0.1.1,reports\strategy_lab\v0.1.1\trade_journal.csv,SOLUSDT,2026-05-20 16:15:00+00:00,2026-05-20 18:30:00+00:00,85.67,85.96,29.1817439,2500.0,,83.9566,89.0968,EMA20_EXIT,8.46270573,0.0,,,8.46270573,WIN,100.0,56.094145872398,0.4781680043417132,1.635886578409746,0.40319804711833,5044.16754664
da527c29d5b634b66052,v0.1.1,reports\strategy_lab\v0.1.1\trade_journal.csv,SOLUSDT,2026-05-21 01:15:00+00:00,2026-05-21 05:15:00+00:00,86.53,86.64,28.89171386,2500.0,,84.7994,89.9912,EMA20_EXIT,3.17808852,0.0,,,3.17808852,WIN,100.0,57.780507169225416,0.363338702301832,1.5705296139912186,0.3717437966819579,5047.34563516
3c2cef6e5396da37dce1,v0.1.1,reports\strategy_lab\v0.1.1\trade_journal.csv,SOLUSDT,2026-05-21 09:00:00+00:00,2026-05-21 22:00:00+00:00,86.89,87.34,28.77201059,2500.0,,85.1522,90.3656,EMA20_EXIT,12.94740476,0.0,,,12.94740476,WIN,100.0,57.97119984130651,0.3112604999338397,1.6548336378855029,0.2552516972921689,5060.29303993
6d51c4bbcee60d517d00,v0.1.1,reports\strategy_lab\v0.1.1\trade_journal.csv,SOLUSDT,2026-05-22 08:30:00+00:00,2026-05-22 13:30:00+00:00,87.15,87.26,28.68617326,2500.0,,85.407,90.636,EMA20_EXIT,3.15547906,0.0,,,3.15547906,WIN,100.0,53.25532303246701,0.3196899813130945,2.59074567047993,0.0201350502426839,5063.44851899
ade39b6be578f43da243,v0.1.1,reports\strategy_lab\v0.1.1\trade_journal.csv,SOLUSDT,2026-05-25 07:45:00+00:00,2026-05-25 16:00:00+00:00,85.96,86.07,29.08329456,2500.0,,84.2408,89.3984,EMA20_EXIT,3.1991624,0.0,,,3.1991624,WIN,100.0,58.29799109190028,0.3536959726489613,2.254891331324991,0.1938081776434339,5066.64768139
16b414f27b289a4f7bc7,v0.1.1,reports\strategy_lab\v0.1.1\trade_journal.csv,SOLUSDT,2026-06-07 22:45:00+00:00,2026-06-08 04:00:00+00:00,65.83,65.95,37.97660641,2500.0,,64.5134,68.4632,EMA20_EXIT,4.55719277,0.0,,,4.55719277,WIN,100.0,56.63066731805824,1.0513731546376648,1.4451156526875155,0.5073919858957489,5071.20487416
1b79bfd625e8c652ba05,v0.1.1,reports\strategy_lab\v0.1.1\trade_journal.csv,SOLUSDT,2026-06-08 13:30:00+00:00,2026-06-08 16:45:00+00:00,66.59,66.96,37.54317465,2500.0,,65.2582,69.2536,EMA20_EXIT,13.89097462,0.0,,,13.89097462,WIN,100.0,53.12846123175203,0.664702794867598,1.259688209395719,0.5358317287636067,5085.09584878
336435b65112ee201e82,v0.1.1,reports\strategy_lab\v0.1.1\trade_journal.csv,SOLUSDT,2026-06-12 15:30:00+00:00,2026-06-13 16:15:00+00:00,67.75,68.03,36.900369,2500.0,,66.395,70.46,EMA20_EXIT,10.33210332,0.0,,,10.33210332,WIN,100.0,58.30211731801373,0.6621154594727977,1.9581013988323657,0.455894584098129,5095.4279521
35d3c7c2c3cd8ac9b063,v0.1.1,reports\strategy_lab\v0.1.1\trade_journal.csv,SOLUSDT,2026-06-15 07:45:00+00:00,2026-06-15 13:15:00+00:00,71.28,74.1312,35.07295174,2500.0,,69.8544,74.1312,TAKE_PROFIT,100.0,0.0,,,100.0,WIN,100.0,56.9798537494741,0.3907478616358485,1.4416389427193472,0.9114981733055108,5195.4279521
5489d0930053be2a4bbe,v0.1.1,reports\strategy_lab\v0.1.1\trade_journal.csv,SOLUSDT,2026-06-16 12:30:00+00:00,2026-06-16 14:15:00+00:00,74.99,73.4902,33.33777837,2500.0,,73.4902,77.9896,STOP_LOSS,-50.0,0.0,,,-50.0,LOSS,100.0,59.42939917279184,0.4710291948880558,1.7695520028614815,0.4053274560663342,5145.4279521
5c401f89fdb134ca2ef5,v0.1.1,reports\strategy_lab\v0.1.1\trade_journal.csv,SOLUSDT,2026-06-17 02:30:00+00:00,2026-06-17 08:30:00+00:00,73.88,72.4024,33.83865728,2500.0,,72.4024,76.8352,STOP_LOSS,-50.0,0.0,,,-50.0,LOSS,65.0,51.8114198087634,0.497641290578804,2.2013160340010427,-0.0460976641246883,5095.4279521
cf5caf19887cb0b396ff,v0.1.1,reports\strategy_lab\v0.1.1\trade_journal.csv,SOLUSDT,2026-06-17 18:45:00+00:00,2026-06-17 19:15:00+00:00,73.5,72.03,34.01360544,2500.0,,72.03,76.44,STOP_LOSS,-50.0,0.0,,,-50.0,LOSS,100.0,51.7269850707942,0.8821395950691825,2.136781280800108,0.3092619917791955,5045.4279521
b96a88546054e4835732,v0.1.1,reports\strategy_lab\v0.1.1\trade_journal.csv,SOLUSDT,2026-06-20 15:00:00+00:00,2026-06-21 05:00:00+00:00,71.99,73.21,34.72704542,2500.0,,70.5502,74.8696,EMA20_EXIT,42.36699542,0.0,,,42.36699542,WIN,100.0,59.65120412137793,0.5432700929907717,4.713748437491844,0.382702551617719,5087.79494751
5b3de19d604482ecaf83,v0.1.1,reports\strategy_lab\v0.1.1\trade_journal.csv,SOLUSDT,2026-06-21 13:00:00+00:00,2026-06-21 18:00:00+00:00,73.77,73.96,33.88911482,2500.0,,72.2946,76.7208,EMA20_EXIT,6.43893182,0.0,,,6.43893182,WIN,100.0,57.316263717438375,0.4232001102445324,1.4755368670874691,0.2751613995678251,5094.23387933
9b12295c6baaf0887a05,v0.1.1,reports\strategy_lab\v0.1.1\trade_journal.csv,SOLUSDT,2026-06-21 18:30:00+00:00,2026-06-21 21:00:00+00:00,74.3,72.814,33.6473755,2500.0,,72.814,77.272,STOP_LOSS,-50.0,0.0,,,-50.0,LOSS,100.0,57.23120001126899,0.4430034508523986,1.403297803141072,0.4144947909797259,5044.23387933
ba6f470c345c6e78eb4a,v0.1.1,reports\strategy_lab\v0.1.1\trade_journal.csv,SOLUSDT,2026-06-22 07:45:00+00:00,2026-06-22 16:15:00+00:00,74.1,72.618,33.73819163,2500.0,,72.618,77.064,STOP_LOSS,-50.0,0.0,,,-50.0,LOSS,100.0,54.91563491016591,0.4564037129781503,1.2281798693783512,0.1983869820505378,4994.23387933
9ee648942ca652a0ecda,v0.1.1,reports\strategy_lab\v0.1.1\trade_journal.csv,SOLUSDT,2026-06-26 14:45:00+00:00,2026-06-26 16:00:00+00:00,70.46,73.2784,35.48112404,2500.0,,69.0508,73.2784,TAKE_PROFIT,100.0,0.0,,,100.0,WIN,100.0,58.53256859761108,1.047631697992379,1.3984572407735416,0.9252555838488912,5094.23387933
ec6a5c1ef22707384d68,v0.1.1,reports\strategy_lab\v0.1.1\trade_journal.csv,SOLUSDT,2026-06-26 20:00:00+00:00,2026-06-27 19:15:00+00:00,72.77,71.3146,34.35481655,2500.0,,71.3146,75.6808,STOP_LOSS,-50.0,0.0,,,-50.0,LOSS,100.0,58.022698512477,0.936776143283206,1.6323677638871066,1.7801062376305288,5044.23387933
81ebcf9ccd8c1e7dc774,v0.1.1,reports\strategy_lab\v0.1.1\trade_journal.csv,SOLUSDT,2026-06-28 09:45:00+00:00,2026-06-28 13:00:00+00:00,71.54,71.6,34.94548504,2500.0,,70.1092,74.4016,EMA20_EXIT,2.0967291,0.0,,,2.0967291,WIN,100.0,57.46991310902253,0.4367270236505869,1.327382149130016,0.1605929617787231,5046.33060843
e84b72d3d778c61426bf,v0.1.1,reports\strategy_lab\v0.1.1\trade_journal.csv,SOLUSDT,2026-06-28 15:45:00+00:00,2026-06-28 19:45:00+00:00,72.09,70.6482,34.67887363,2500.0,,70.6482,74.9736,STOP_LOSS,-50.0,0.0,,,-50.0,LOSS,100.0,59.09023316390913,0.4974074147725203,1.3954169584118543,0.3315507251026201,4996.33060843
fd929ecdeb63910cd421,v0.1.1,reports\strategy_lab\v0.1.1\trade_journal.csv,SOLUSDT,2026-06-29 00:45:00+00:00,2026-06-29 04:30:00+00:00,71.66,71.91,34.88696623,2500.0,,70.2268,74.5264,EMA20_EXIT,8.72174156,0.0,,,8.72174156,WIN,65.0,57.587378920380765,0.8270890679693798,1.2026274368070455,-0.1334228292614027,5005.05234999
b84ff388914cbb0f9625,v0.1.1,reports\strategy_lab\v0.1.1\trade_journal.csv,SOLUSDT,2026-06-29 06:15:00+00:00,2026-06-29 11:15:00+00:00,72.68,72.74,34.39735828,2500.0,,71.2264,75.5872,EMA20_EXIT,2.0638415,0.0,,,2.0638415,WIN,100.0,59.40830353699707,0.7541449164799099,1.2325656610359448,0.4269384169404229,5007.11619149
71a8e6a218f986c475b8,v0.1.1,reports\strategy_lab\v0.1.1\trade_journal.csv,SOLUSDT,2026-06-29 12:30:00+00:00,2026-06-29 17:15:00+00:00,73.39,76.3256,34.06458646,2500.0,,71.9222,76.3256,TAKE_PROFIT,100.0,0.0,,,100.0,WIN,100.0,56.78569884896943,0.8225003842842271,4.772883231034292,0.6772920348395516,5107.11619149
4f976b7975b65acd9071,v0.1.1,reports\strategy_lab\v0.1.1\trade_journal.csv,SOLUSDT,2026-07-01 09:00:00+00:00,2026-07-01 16:15:00+00:00,75.16,78.1664,33.2623736,2500.0,,73.6568,78.1664,TAKE_PROFIT,100.0,0.0,,,100.0,WIN,100.0,56.91105109241115,0.6128448096602038,1.2269486010676771,0.4734650794049169,5207.11619149
0093967c294cd3e57a89,v0.1.1,reports\strategy_lab\v0.1.1\trade_journal.csv,SOLUSDT,2026-07-05 22:30:00+00:00,2026-07-06 12:00:00+00:00,81.68,80.0464,30.6072478,2500.0,,80.0464,84.9472,STOP_LOSS,-50.0,0.0,,,-50.0,LOSS,100.0,59.28028203096749,0.43028897645798,2.97538798434105,0.2816867636125118,5157.11619149
bce12bc922ca58818a50,v0.1.1,reports\strategy_lab\v0.1.1\trade_journal.csv,SOLUSDT,2026-07-07 00:30:00+00:00,2026-07-07 04:45:00+00:00,82.33,80.6834,30.36560185,2500.0,,80.6834,85.6232,STOP_LOSS,-50.0,0.0,,,-50.0,LOSS,100.0,55.727661841578566,0.4400510799491748,1.4186601536929366,0.4750232084851402,5107.11619149
03d113e1879f7d8e9bc3,v0.1.1,reports\strategy_lab\v0.1.1\trade_journal.csv,SOLUSDT,2026-07-07 12:30:00+00:00,2026-07-08 01:15:00+00:00,81.71,80.0758,30.59601028,2500.0,,80.0758,84.9784,STOP_LOSS,-50.0,0.0,,,-50.0,LOSS,65.0,58.16397063115959,0.3745225089773131,1.2475727900644862,-0.0308371602025908,5057.11619149
1553ed049279aca19769,v0.1.1,reports\strategy_lab\v0.1.1\trade_journal.csv,XRPUSDT,2025-07-11 15:45:00+00:00,2025-07-11 16:00:00+00:00,2.7724,2.716952,901.74577983,2500.0,,2.716952,2.883296,STOP_LOSS,-50.0,0.0,,,-50.0,LOSS,100.0,54.12191383037983,1.977181642260157,2.850982867707028,3.082126480439558,4950.0
475be1a5de4d9e4ee8d6,v0.1.1,reports\strategy_lab\v0.1.1\trade_journal.csv,XRPUSDT,2025-07-13 13:00:00+00:00,2025-07-13 16:45:00+00:00,2.8014,2.8237,892.41093739,2500.0,,2.745372,2.913456,EMA20_EXIT,19.9007639,0.0,,,19.9007639,WIN,100.0,54.39508900588052,0.5900538143999893,1.4984702147120967,0.4455907576746716,4969.9007639
94731d0b93b7d518161f,v0.1.1,reports\strategy_lab\v0.1.1\trade_journal.csv,XRPUSDT,2025-07-16 14:00:00+00:00,2025-07-16 20:15:00+00:00,2.9608,3.079232,844.36638746,2500.0,,2.901584,3.079232,TAKE_PROFIT,100.0,0.0,,,100.0,WIN,100.0,53.48614852281676,0.4915565857946197,1.3236193073743194,0.5896060354392185,5069.9007639
45fbc46d4df750b0c7ec,v0.1.1,reports\strategy_lab\v0.1.1\trade_journal.csv,XRPUSDT,2025-07-17 19:45:00+00:00,2025-07-17 21:00:00+00:00,3.3057,3.437928,756.26947394,2500.0,,3.239586,3.437928,TAKE_PROFIT,100.0,0.0,,,100.0,WIN,100.0,53.01275455440986,1.0843172454275132,1.4548732830616793,1.6210295130014676,5169.9007639
3e0c81d5f4997dc7536e,v0.1.1,reports\strategy_lab\v0.1.1\trade_journal.csv,XRPUSDT,2025-07-21 09:15:00+00:00,2025-07-21 16:15:00+00:00,3.5441,3.5765,705.39770323,2500.0,,3.473218,3.685864,EMA20_EXIT,22.85488558,0.0,,,22.85488558,WIN,100.0,53.99723198301336,0.5785751805750938,1.5015890368260665,0.7419026525157183,5192.75564949
93ddad2d1cd9a5a4118a,v0.1.1,reports\strategy_lab\v0.1.1\trade_journal.csv,XRPUSDT,2025-07-26 16:30:00+00:00,2025-07-27 06:15:00+00:00,3.1955,3.2054,782.35017994,2500.0,,3.13159,3.32332,EMA20_EXIT,7.74526678,0.0,,,7.74526678,WIN,100.0,54.930303021476085,0.4122565245571209,1.5715568012787005,0.4053785591248265,5200.50091627
6006333d499854b2d27e,v0.1.1,reports\strategy_lab\v0.1.1\trade_journal.csv,XRPUSDT,2025-07-27 11:15:00+00:00,2025-07-27 20:45:00+00:00,3.1983,3.2024,781.66525967,2500.0,,3.134334,3.326232,EMA20_EXIT,3.20482756,0.0,,,3.20482756,WIN,75.0,54.07327898205935,0.3972017787041428,2.104059699131608,0.0023745931512784,5203.70574383
6ddbaec725a1c3c52014,v0.1.1,reports\strategy_lab\v0.1.1\trade_journal.csv,XRPUSDT,2025-08-08 14:00:00+00:00,2025-08-08 14:30:00+00:00,3.3347,3.268006,749.69262602,2500.0,,3.268006,3.468088,STOP_LOSS,-50.0,0.0,,,-50.0,LOSS,100.0,52.91517954124389,0.5971287819591957,4.071313352951374,0.5440766928015174,5153.70574383
ce7df40110bde71bfa13,v0.1.1,reports\strategy_lab\v0.1.1\trade_journal.csv,XRPUSDT,2025-08-13 04:00:00+00:00,2025-08-13 12:45:00+00:00,3.2522,3.271,768.71041141,2500.0,,3.187156,3.382288,EMA20_EXIT,14.45175573,0.0,,,14.45175573,WIN,75.0,53.70290881259864,0.4944911761705768,1.8563136077781728,0.1340464285046735,5168.15749957
455cc1c593537b7c4f02,v0.1.1,reports\strategy_lab\v0.1.1\trade_journal.csv,XRPUSDT,2025-08-17 16:15:00+00:00,2025-08-18 01:15:00+00:00,3.127,3.06446,799.48832747,2500.0,,3.06446,3.25208,STOP_LOSS,-50.0,0.0,,,-50.0,LOSS,100.0,50.91167180580237,0.2677090826710553,2.0157754589888905,0.1313985083225591,5118.15749957
6f6045ca846ca115cd1b,v0.1.1,reports\strategy_lab\v0.1.1\trade_journal.csv,XRPUSDT,2025-08-27 14:45:00+00:00,2025-08-27 18:45:00+00:00,3.0055,3.0085,831.80835136,2500.0,,2.94539,3.12572,EMA20_EXIT,2.49542505,0.0,,,2.49542505,WIN,100.0,50.98710949317453,0.4103836267542605,1.2196497885844677,0.0934421908846466,5120.65292462
5ec5585c99310ee9f156,v0.1.1,reports\strategy_lab\v0.1.1\trade_journal.csv,XRPUSDT,2025-09-03 14:00:00+00:00,2025-09-03 16:30:00+00:00,2.8545,2.8582,875.81012437,2500.0,,2.79741,2.96868,EMA20_EXIT,3.24049746,0.0,,,3.24049746,WIN,100.0,53.47710040152408,0.4016431573063408,1.4515517456995677,0.285208357246523,5123.89342208
5abaaafd89d423bdf409,v0.1.1,reports\strategy_lab\v0.1.1\trade_journal.csv,XRPUSDT,2025-09-07 09:30:00+00:00,2025-09-07 17:45:00+00:00,2.8291,2.8597,883.67325298,2500.0,,2.772518,2.942264,EMA20_EXIT,27.04040154,0.0,,,27.04040154,WIN,100.0,54.87262347258047,0.1418420493963628,1.5547211304673938,0.2280608280451405,5150.93382362
53c891749fd922cea769,v0.1.1,reports\strategy_lab\v0.1.1\trade_journal.csv,XRPUSDT,2025-09-11 05:00:00+00:00,2025-09-11 11:15:00+00:00,3.0019,3.0078,832.8058896,2500.0,,2.941862,3.121976,EMA20_EXIT,4.91355475,0.0,,,4.91355475,WIN,100.0,54.40944099682066,0.2524585533312335,1.257157514137888,0.2145198125222585,5155.84737837
d526d9808690ff4d361a,v0.1.1,reports\strategy_lab\v0.1.1\trade_journal.csv,XRPUSDT,2025-09-28 00:30:00+00:00,2025-09-29 03:00:00+00:00,2.8059,2.8579,890.9797213,2500.0,,2.749782,2.918136,EMA20_EXIT,46.33094551,0.0,,,46.33094551,WIN,100.0,54.22125267089165,0.3847318053985602,5.013776825322463,0.3005478830129036,5202.17832388
a7a9e52e5dcc969c6ad8,v0.1.1,reports\strategy_lab\v0.1.1\trade_journal.csv,XRPUSDT,2025-10-02 05:30:00+00:00,2025-10-02 07:45:00+00:00,2.9667,2.9692,842.68716082,2500.0,,2.907366,3.085368,EMA20_EXIT,2.1067179,0.0,,,2.1067179,WIN,100.0,52.38610360636199,0.3925044579892877,2.5689437249025917,0.4219829208822137,5204.28504178
270af26b11d662f66765,v0.1.1,reports\strategy_lab\v0.1.1\trade_journal.csv,XRPUSDT,2025-10-03 15:00:00+00:00,2025-10-03 17:15:00+00:00,3.0365,3.0402,823.31631813,2500.0,,2.97577,3.15796,EMA20_EXIT,3.04627038,0.0,,,3.04627038,WIN,75.0,53.11890925879708,0.4087591701672155,1.4066104031113025,0.0293920431391416,5207.33131216
294f1f49766b32f9aa54,v0.1.1,reports\strategy_lab\v0.1.1\trade_journal.csv,XRPUSDT,2025-10-13 17:00:00+00:00,2025-10-13 21:45:00+00:00,2.5966,2.6165,962.79750443,2500.0,,2.544668,2.700464,EMA20_EXIT,19.15967034,0.0,,,19.15967034,WIN,100.0,54.93678389769315,0.9376310662912656,1.3250969572613929,0.223108490498745,5226.4909825
9c9f742671e2e9dcb942,v0.1.1,reports\strategy_lab\v0.1.1\trade_journal.csv,XRPUSDT,2025-10-19 05:15:00+00:00,2025-10-19 19:30:00+00:00,2.3577,2.3966,1060.35543114,2500.0,,2.310546,2.452008,EMA20_EXIT,41.24782627,0.0,,,41.24782627,WIN,100.0,53.08253756818357,0.3333853500598253,1.5348697386219514,0.0012567900049944,5267.73880877
1e6536780263d265dcbc,v0.1.1,reports\strategy_lab\v0.1.1\trade_journal.csv,XRPUSDT,2025-10-20 15:45:00+00:00,2025-10-20 21:45:00+00:00,2.4628,2.492,1015.10475881,2500.0,,2.413544,2.561312,EMA20_EXIT,29.64105896,0.0,,,29.64105896,WIN,100.0,51.58863451291084,0.423280443763302,1.3647273411431524,0.4612242025074613,5297.37986773
f0b37c9a48f0798c2277,v0.1.1,reports\strategy_lab\v0.1.1\trade_journal.csv,XRPUSDT,2025-10-26 12:15:00+00:00,2025-10-27 02:45:00+00:00,2.6404,2.6456,946.82623845,2500.0,,2.587592,2.746016,EMA20_EXIT,4.92349644,0.0,,,4.92349644,WIN,100.0,54.94547763656667,0.4234935889079306,1.6666934244917346,0.4390934032183452,5302.30336417
405dde513e5a3885d685,v0.1.1,reports\strategy_lab\v0.1.1\trade_journal.csv,XRPUSDT,2025-10-29 18:00:00+00:00,2025-10-29 18:30:00+00:00,2.6394,2.586612,947.18496628,2500.0,,2.586612,2.744976,STOP_LOSS,-50.0,0.0,,,-50.0,LOSS,100.0,51.06502683505783,0.5312276244725278,3.105826206361633,0.0694649003924508,5252.30336417
0bb25b3d18f7315786bb,v0.1.1,reports\strategy_lab\v0.1.1\trade_journal.csv,XRPUSDT,2025-11-06 03:15:00+00:00,2025-11-06 09:00:00+00:00,2.3552,2.308096,1061.48097826,2500.0,,2.308096,2.449408,STOP_LOSS,-50.0,0.0,,,-50.0,LOSS,100.0,54.73568359757512,0.9310910097317088,1.1994676656636605,1.0030616352599109,5202.30336417
8a8900aa229366cfd72c,v0.1.1,reports\strategy_lab\v0.1.1\trade_journal.csv,XRPUSDT,2025-11-23 16:45:00+00:00,2025-11-23 21:00:00+00:00,2.0539,2.0593,1217.1965529,2500.0,,2.012822,2.136056,EMA20_EXIT,6.57286139,0.0,,,6.57286139,WIN,100.0,52.59010670233736,0.6126599136291055,1.2230336552794694,0.7425335869682549,5208.87622555
49f6b79c778c48cd7a1f,v0.1.1,reports\strategy_lab\v0.1.1\trade_journal.csv,XRPUSDT,2025-11-23 22:00:00+00:00,2025-11-24 00:15:00+00:00,2.0673,2.025954,1209.30682533,2500.0,,2.025954,2.149992,STOP_LOSS,-50.0,0.0,,,-50.0,LOSS,100.0,52.07141054330471,0.5666176611958884,1.158900813979226,0.5989435769768103,5158.87622555
a1d56dfbe79988d3bdd4,v0.1.1,reports\strategy_lab\v0.1.1\trade_journal.csv,XRPUSDT,2025-11-24 14:15:00+00:00,2025-11-24 17:15:00+00:00,2.0706,2.153424,1207.37950353,2500.0,,2.029188,2.153424,TAKE_PROFIT,100.0,0.0,,,100.0,WIN,100.0,50.70016879954064,0.6948513760566308,1.169988709228626,0.1828904582917027,5258.87622555
69936ed14355591df080,v0.1.1,reports\strategy_lab\v0.1.1\trade_journal.csv,XRPUSDT,2025-11-29 16:15:00+00:00,2025-11-30 23:30:00+00:00,2.2095,2.16531,1131.47770989,2500.0,,2.16531,2.29788,STOP_LOSS,-50.0,0.0,,,-50.0,LOSS,100.0,54.96037080758842,0.4124561570203258,1.6461450025166318,0.3756471806033058,5208.87622555
3691b7f734752ec1c972,v0.1.1,reports\strategy_lab\v0.1.1\trade_journal.csv,XRPUSDT,2025-12-03 07:15:00+00:00,2025-12-03 14:00:00+00:00,2.1929,2.149042,1140.04286561,2500.0,,2.149042,2.280616,STOP_LOSS,-50.0,0.0,,,-50.0,LOSS,100.0,53.69758685006532,0.4818282026952529,1.3865028161951125,0.975006194271342,5158.87622555
9e2c6af6368f3a3fe125,v0.1.1,reports\strategy_lab\v0.1.1\trade_journal.csv,XRPUSDT,2025-12-21 00:00:00+00:00,2025-12-21 01:30:00+00:00,1.9305,1.932,1295.001295,2500.0,,1.89189,2.00772,EMA20_EXIT,1.94250194,0.0,,,1.94250194,WIN,100.0,52.4050780870291,0.2454842339036104,2.114712186417332,0.1367470099212466,5160.81872749
a695067b2b535ce0cba8,v0.1.1,reports\strategy_lab\v0.1.1\trade_journal.csv,XRPUSDT,2025-12-21 10:15:00+00:00,2025-12-21 13:45:00+00:00,1.9366,1.897868,1290.92223484,2500.0,,1.897868,2.014064,STOP_LOSS,-50.0,0.0,,,-50.0,LOSS,100.0,54.74909917314458,0.3191361362305277,2.429115025075496,0.1858969697242572,5110.81872749
7db5af720d10a4e8f6b2,v0.1.1,reports\strategy_lab\v0.1.1\trade_journal.csv,XRPUSDT,2025-12-22 13:00:00+00:00,2025-12-22 16:30:00+00:00,1.9313,1.9335,1294.46486822,2500.0,,1.892674,2.008552,EMA20_EXIT,2.84782271,0.0,,,2.84782271,WIN,100.0,54.66682161344342,0.3283672614057371,1.2058793178232563,0.215386482627104,5113.6665502
e3b345b2ad51e8667a22,v0.1.1,reports\strategy_lab\v0.1.1\trade_journal.csv,XRPUSDT,2025-12-28 14:45:00+00:00,2025-12-29 07:00:00+00:00,1.8711,1.8982,1336.11244722,2500.0,,1.833678,1.945944,EMA20_EXIT,36.20864732,0.0,,,36.20864732,WIN,100.0,51.26936797937889,0.186696566789418,1.4102364322761656,0.0351582371624626,5149.87519752
c7f81825aefd3e1b6dc9,v0.1.1,reports\strategy_lab\v0.1.1\trade_journal.csv,XRPUSDT,2026-01-04 13:15:00+00:00,2026-01-05 04:15:00+00:00,2.0957,2.1243,1192.9188338,2500.0,,2.053786,2.179528,EMA20_EXIT,34.11747865,0.0,,,34.11747865,WIN,100.0,54.84466673299104,0.5302862076739658,2.285730652385238,0.9660417097894224,5183.99267617
1152b185ad96c5f2b3e4,v0.1.1,reports\strategy_lab\v0.1.1\trade_journal.csv,XRPUSDT,2026-01-14 15:30:00+00:00,2026-01-14 17:30:00+00:00,2.1473,2.1475,1164.25278256,2500.0,,2.104354,2.233192,EMA20_EXIT,0.23285056,0.0,,,0.23285056,WIN,100.0,53.3975576364544,0.5911194502015693,1.9108279253748828,0.0219634588281193,5184.22552673
ec29dede8d52f3289e5d,v0.1.1,reports\strategy_lab\v0.1.1\trade_journal.csv,XRPUSDT,2026-01-28 12:45:00+00:00,2026-01-29 02:30:00+00:00,1.9262,1.887676,1297.89222303,2500.0,,1.887676,2.003248,STOP_LOSS,-50.0,0.0,,,-50.0,LOSS,100.0,52.69486285595369,0.3682831752916312,1.2772702046711415,0.3992014850995724,5134.22552673
1fb97a5cb0546763f480,v0.1.1,reports\strategy_lab\v0.1.1\trade_journal.csv,XRPUSDT,2026-02-10 04:15:00+00:00,2026-02-10 06:45:00+00:00,1.4478,1.418844,1726.75783948,2500.0,,1.418844,1.505712,STOP_LOSS,-50.0,0.0,,,-50.0,LOSS,100.0,54.08351866534783,0.5588301453003454,1.62917870191045,0.1750415578579322,5084.22552673
a053a0b2f3f8312e9136,v0.1.1,reports\strategy_lab\v0.1.1\trade_journal.csv,XRPUSDT,2026-02-17 02:15:00+00:00,2026-02-17 09:15:00+00:00,1.4869,1.457162,1681.35046069,2500.0,,1.457162,1.546376,STOP_LOSS,-50.0,0.0,,,-50.0,LOSS,100.0,51.74913617475184,0.5333749475127716,2.0215858778008906,0.059339720866992,5034.22552673
e528d9526a4f833fdedc,v0.1.1,reports\strategy_lab\v0.1.1\trade_journal.csv,XRPUSDT,2026-03-13 14:30:00+00:00,2026-03-13 16:00:00+00:00,1.4349,1.406202,1742.2816921,2500.0,,1.406202,1.492296,STOP_LOSS,-50.0,0.0,,,-50.0,LOSS,100.0,53.46589897769596,0.5624572141613003,1.43709067033852,0.7737695029736239,4984.22552673
891e00738358bdb04724,v0.1.1,reports\strategy_lab\v0.1.1\trade_journal.csv,XRPUSDT,2026-03-16 14:15:00+00:00,2026-03-16 18:15:00+00:00,1.48,1.5392,1689.18918919,2500.0,,1.4504,1.5392,TAKE_PROFIT,100.0,0.0,,,100.0,WIN,100.0,54.54703195669661,0.5066112440758986,1.2612105829900242,0.5698271467066621,5084.22552673
1a3456a5a122cbdb0c5c,v0.1.1,reports\strategy_lab\v0.1.1\trade_journal.csv,XRPUSDT,2026-03-17 00:15:00+00:00,2026-03-17 02:45:00+00:00,1.5404,1.602016,1622.9550766,2500.0,,1.509592,1.602016,TAKE_PROFIT,100.0,0.0,,,100.0,WIN,100.0,54.983292958580506,0.6927945187525448,2.029387612500925,1.1841779878022876,5184.22552673
d455a3ba885e93f3f7f0,v0.1.1,reports\strategy_lab\v0.1.1\trade_journal.csv,XRPUSDT,2026-03-17 03:15:00+00:00,2026-03-17 04:30:00+00:00,1.5653,1.533994,1597.13792883,2500.0,,1.533994,1.627912,STOP_LOSS,-50.0,0.0,,,-50.0,LOSS,100.0,54.07655443655282,0.9273593811321024,1.1917593373927995,1.4913970160746863,5134.22552673
423ba3f34b6a4d43761b,v0.1.1,reports\strategy_lab\v0.1.1\trade_journal.csv,XRPUSDT,2026-04-01 12:45:00+00:00,2026-04-01 17:15:00+00:00,1.3539,1.3554,1846.51746806,2500.0,,1.326822,1.408056,EMA20_EXIT,2.7697762,0.0,,,2.7697762,WIN,100.0,52.29162360892752,0.3489443419491838,2.434914516222302,0.2898126421756903,5136.99530293
e707093c96d10a173b8f,v0.1.1,reports\strategy_lab\v0.1.1\trade_journal.csv,XRPUSDT,2026-04-11 20:30:00+00:00,2026-04-11 22:45:00+00:00,1.3608,1.3617,1837.15461493,2500.0,,1.333584,1.415232,EMA20_EXIT,1.65343915,0.0,,,1.65343915,WIN,100.0,54.91564233620395,0.31874045803944,1.3599862400811076,0.4256915844243789,5138.64874208
b22df9259cc46ae439aa,v0.1.1,reports\strategy_lab\v0.1.1\trade_journal.csv,XRPUSDT,2026-04-14 07:45:00+00:00,2026-04-14 10:30:00+00:00,1.3682,1.3695,1827.21824295,2500.0,,1.340836,1.422928,EMA20_EXIT,2.37538372,0.0,,,2.37538372,WIN,100.0,52.914785880977234,0.2952151596820201,1.2845094702736148,0.4061781906395189,5141.0241258
426a92e2ab9ee0ce90d4,v0.1.1,reports\strategy_lab\v0.1.1\trade_journal.csv,XRPUSDT,2026-04-14 14:30:00+00:00,2026-04-15 21:00:00+00:00,1.3777,1.3837,1814.61856718,2500.0,,1.350146,1.432808,EMA20_EXIT,10.8877114,0.0,,,10.8877114,WIN,100.0,53.63828880914841,0.4284263026366408,2.633794324220702,0.4101581674501007,5151.9118372
69a3eb9d784aca1cf89c,v0.1.1,reports\strategy_lab\v0.1.1\trade_journal.csv,XRPUSDT,2026-04-16 04:45:00+00:00,2026-04-16 07:45:00+00:00,1.4038,1.4058,1780.8804673,2500.0,,1.375724,1.459952,EMA20_EXIT,3.56176093,0.0,,,3.56176093,WIN,100.0,54.43790028970126,0.3989169168956974,1.2888352272896753,0.6455467541784057,5155.47359814
3e7a1265df460c2e2c1b,v0.1.1,reports\strategy_lab\v0.1.1\trade_journal.csv,XRPUSDT,2026-04-16 15:15:00+00:00,2026-04-16 17:00:00+00:00,1.4161,1.4164,1765.41204717,2500.0,,1.387778,1.472744,EMA20_EXIT,0.52962361,0.0,,,0.52962361,WIN,100.0,52.8528039221543,0.6494276233623685,1.3219881163888418,0.3054994513609657,5156.00322175
2c73f02f1cdbd01855ad,v0.1.1,reports\strategy_lab\v0.1.1\trade_journal.csv,XRPUSDT,2026-04-17 10:00:00+00:00,2026-04-17 14:30:00+00:00,1.4435,1.50124,1731.90162799,2500.0,,1.41463,1.50124,TAKE_PROFIT,100.0,0.0,,,100.0,WIN,100.0,53.57088618043944,0.4405674557893592,1.4668818469430438,0.275218520508764,5256.00322175
d355a300ca01fe13489c,v0.1.1,reports\strategy_lab\v0.1.1\trade_journal.csv,XRPUSDT,2026-04-21 11:00:00+00:00,2026-04-22 09:45:00+00:00,1.4395,1.4515,1736.71413685,2500.0,,1.41071,1.49708,EMA20_EXIT,20.84056964,0.0,,,20.84056964,WIN,100.0,54.16570107248406,0.31356046536223,1.4136895450182003,0.339352273686715,5276.84379139
bf24e5064462f200b448,v0.1.1,reports\strategy_lab\v0.1.1\trade_journal.csv,XRPUSDT,2026-04-24 12:45:00+00:00,2026-04-24 17:30:00+00:00,1.4347,1.438,1742.5245696,2500.0,,1.406006,1.492088,EMA20_EXIT,5.75033108,0.0,,,5.75033108,WIN,100.0,52.72525043457541,0.2524792518943193,1.495678068376964,0.0838024229648665,5282.59412247
c547029df8910f8d9d1a,v0.1.1,reports\strategy_lab\v0.1.1\trade_journal.csv,XRPUSDT,2026-05-01 16:45:00+00:00,2026-05-01 19:30:00+00:00,1.3915,1.3926,1796.62234998,2500.0,,1.36367,1.44716,EMA20_EXIT,1.97628458,0.0,,,1.97628458,WIN,100.0,54.9098269014592,0.2934442281701258,1.1894459399083102,0.4713835933792306,5284.57040706
7ce07c171f91a05b8ddf,v0.1.1,reports\strategy_lab\v0.1.1\trade_journal.csv,XRPUSDT,2026-05-02 12:30:00+00:00,2026-05-02 18:00:00+00:00,1.3868,1.3902,1802.71127776,2500.0,,1.359064,1.442272,EMA20_EXIT,6.12921834,0.0,,,6.12921834,WIN,100.0,52.05608313169858,0.1527002852557037,2.309915374395632,0.0146951881664433,5290.6996254
609e246700138a6b7fa6,v0.1.1,reports\strategy_lab\v0.1.1\trade_journal.csv,XRPUSDT,2026-05-02 21:45:00+00:00,2026-05-03 16:45:00+00:00,1.3935,1.3944,1794.04377467,2500.0,,1.36563,1.44924,EMA20_EXIT,1.6146394,0.0,,,1.6146394,WIN,100.0,54.16604165191834,0.1721673276473914,2.3771174342294645,0.1219840982051765,5292.3142648
724370c68a485df4c082,v0.1.1,reports\strategy_lab\v0.1.1\trade_journal.csv,XRPUSDT,2026-05-03 22:45:00+00:00,2026-05-04 06:15:00+00:00,1.3978,1.4052,1788.52482472,2500.0,,1.369844,1.453712,EMA20_EXIT,13.2350837,0.0,,,13.2350837,WIN,100.0,54.19274228502832,0.2572508375848619,1.610615907504835,0.1064826793612454,5305.5493485
d9c733cdf14ff7422042,v0.1.1,reports\strategy_lab\v0.1.1\trade_journal.csv,XRPUSDT,2026-05-05 05:30:00+00:00,2026-05-05 09:00:00+00:00,1.4021,1.4046,1783.03972613,2500.0,,1.374058,1.458184,EMA20_EXIT,4.45759932,0.0,,,4.45759932,WIN,100.0,53.107314413146,0.2512623978663648,2.954609187575375,0.0851582191599721,5310.00694782
8d4bf4e6d58ac73c771e,v0.1.1,reports\strategy_lab\v0.1.1\trade_journal.csv,XRPUSDT,2026-05-06 05:30:00+00:00,2026-05-06 13:00:00+00:00,1.418,1.4362,1763.04654443,2500.0,,1.38964,1.47472,EMA20_EXIT,32.08744711,0.0,,,32.08744711,WIN,100.0,52.532751794694015,0.3001860074152115,2.500675883139106,0.1806922642334869,5342.09439493
a72bf78f3978559f8ca9,v0.1.1,reports\strategy_lab\v0.1.1\trade_journal.csv,XRPUSDT,2026-05-11 14:15:00+00:00,2026-05-11 17:00:00+00:00,1.4593,1.4694,1713.15014048,2500.0,,1.430114,1.517672,EMA20_EXIT,17.30281642,0.0,,,17.30281642,WIN,100.0,52.48898302547353,0.4178200544649627,1.4575816387238778,0.1573730581446267,5359.39721135
ea94d0f350a4e571c3a5,v0.1.1,reports\strategy_lab\v0.1.1\trade_journal.csv,XRPUSDT,2026-05-24 11:00:00+00:00,2026-05-24 21:30:00+00:00,1.3632,1.335936,1833.92018779,2500.0,,1.335936,1.417728,STOP_LOSS,-50.0,0.0,,,-50.0,LOSS,100.0,52.92581212209227,0.2088904322667767,1.4465109989033416,0.2507306065780135,5309.39721135
2a4444137735ba5edb35,v0.1.1,reports\strategy_lab\v0.1.1\trade_journal.csv,XRPUSDT,2026-05-30 15:15:00+00:00,2026-05-30 19:30:00+00:00,1.343,1.3469,1861.50409531,2500.0,,1.31614,1.39672,EMA20_EXIT,7.25986597,0.0,,,7.25986597,WIN,100.0,51.86309924679732,0.2535983816400521,1.8126372462104727,0.0701205684984464,5316.65707732
c9730892971dab257f41,v0.1.1,reports\strategy_lab\v0.1.1\trade_journal.csv,XRPUSDT,2026-06-12 15:30:00+00:00,2026-06-13 16:15:00+00:00,1.1412,1.1485,2190.6764809,2500.0,,1.118376,1.186848,EMA20_EXIT,15.99193831,0.0,,,15.99193831,WIN,100.0,50.35399209785737,0.5558786125669734,1.8396671228272576,0.1120641232275278,5332.64901563
336f1facad9ae5606f6b,v0.1.1,reports\strategy_lab\v0.1.1\trade_journal.csv,XRPUSDT,2026-07-03 02:15:00+00:00,2026-07-03 12:15:00+00:00,1.0895,1.1047,2294.63056448,2500.0,,1.06771,1.13308,EMA20_EXIT,34.87838458,0.0,,,34.87838458,WIN,100.0,54.22991049257746,0.3305242366248829,1.2220147383698257,0.2136216137573383,5367.52740021
ad2ebb244fd0e2f39e28,v0.1.1,reports\strategy_lab\v0.1.1\trade_journal.csv,XRPUSDT,2026-07-03 14:15:00+00:00,2026-07-03 22:00:00+00:00,1.1085,1.1299,2255.29995489,2500.0,,1.08633,1.15284,EMA20_EXIT,48.26341903,0.0,,,48.26341903,WIN,100.0,53.61200027284154,0.4129639019408119,1.639806385266236,0.5093376605578495,5415.79081924
f3f1817f905289deb366,v0.1.1,reports\strategy_lab\v0.1.1\trade_journal.csv,XRPUSDT,2026-07-04 05:15:00+00:00,2026-07-04 11:45:00+00:00,1.14,1.1401,2192.98245614,2500.0,,1.1172,1.1856,EMA20_EXIT,0.21929825,0.0,,,0.21929825,WIN,100.0,53.36277893245773,0.4807391949535176,1.2353179702859467,0.5456196627179042,5416.01011749
